date,realtime_end,realtime_start,PPIACO
1913-01-01 00:00:00,2018-06-30 00:00:00,1999-08-13 00:00:00,12.1
1913-02-01 00:00:00,2018-06-30 00:00:00,1999-08-13 00:00:00,12.0
1913-03-01 00:00:00,2018-06-30 00:00:00,1999-08-13 00:00:00,12.0
1913-04-01 00:00:00,2018-06-30 00:00:00,1999-08-13 00:00:00,12.0
1913-05-01 00:00:00,2018-06-30 00:00:00,1999-08-13 00:00:00,11.9
1913-06-01 00:00:00,2018-06-30 00:00:00,1999-08-13 00:00:00,11.9
1913-07-01 00:00:00,2018-06-30 00:00:00,1999-08-13 00:00:00,12.0
1913-08-01 00:00:00,2018-06-30 00:00:00,1999-08-13 00:00:00,12.0
1913-09-01 00:00:00,2018-06-30 00:00:00,1999-08-13 00:00:00,12.2
1913-10-01 00:00:00,2018-06-30 00:00:00,1999-08-13 00:00:00,12.2
1913-11-01 00:00:00,2018-06-30 00:00:00,1999-08-13 00:00:00,12.1
1913-12-01 00:00:00,2018-06-30 00:00:00,1999-08-13 00:00:00,11.9
1914-01-01 00:00:00,2018-06-30 00:00:00,1999-08-13 00:00:00,11.8
1914-02-01 00:00:00,2018-06-30 00:00:00,1999-08-13 00:00:00,11.8
1914-03-01 00:00:00,2018-06-30 00:00:00,1999-08-13 00:00:00,11.7
1914-04-01 00:00:00,2018-06-30 00:00:00,1999-08-13 00:00:00,11.7
1914-05-01 00:00:00,2018-06-30 00:00:00,1999-08-13 00:00:00,11.6
1914-06-01 00:00:00,2018-06-30 00:00:00,1999-08-13 00:00:00,11.6
1914-07-01 00:00:00,2018-06-30 00:00:00,1999-08-13 00:00:00,11.6
1914-08-01 00:00:00,2018-06-30 00:00:00,1999-08-13 00:00:00,12.0
1914-09-01 00:00:00,2018-06-30 00:00:00,1999-08-13 00:00:00,12.1
1914-10-01 00:00:00,2018-06-30 00:00:00,1999-08-13 00:00:00,11.7
1914-11-01 00:00:00,2018-06-30 00:00:00,1999-08-13 00:00:00,11.7
1914-12-01 00:00:00,2018-06-30 00:00:00,1999-08-13 00:00:00,11.6
1915-01-01 00:00:00,2018-06-30 00:00:00,1999-08-13 00:00:00,11.8
1915-02-01 00:00:00,2018-06-30 00:00:00,1999-08-13 00:00:00,11.8
1915-03-01 00:00:00,2018-06-30 00:00:00,1999-08-13 00:00:00,11.8
1915-04-01 00:00:00,2018-06-30 00:00:00,1999-08-13 00:00:00,11.8
1915-05-01 00:00:00,2018-06-30 00:00:00,1999-08-13 00:00:00,11.9
1915-06-01 00:00:00,2018-06-30 00:00:00,1999-08-13 00:00:00,11.8
1915-07-01 00:00:00,2018-06-30 00:00:00,1999-08-13 00:00:00,11.9
1915-08-01 00:00:00,2018-06-30 00:00:00,1999-08-13 00:00:00,11.8
1915-09-01 00:00:00,2018-06-30 00:00:00,1999-08-13 00:00:00,11.8
1915-10-01 00:00:00,2018-06-30 00:00:00,1999-08-13 00:00:00,12.1
1915-11-01 00:00:00,2018-06-30 00:00:00,1999-08-13 00:00:00,12.3
1915-12-01 00:00:00,2018-06-30 00:00:00,1999-08-13 00:00:00,12.8
1916-01-01 00:00:00,2018-06-30 00:00:00,1999-08-13 00:00:00,13.3
1916-02-01 00:00:00,2018-06-30 00:00:00,1999-08-13 00:00:00,13.5
1916-03-01 00:00:00,2018-06-30 00:00:00,1999-08-13 00:00:00,13.9
1916-04-01 00:00:00,2018-06-30 00:00:00,1999-08-13 00:00:00,14.1
1916-05-01 00:00:00,2018-06-30 00:00:00,1999-08-13 00:00:00,14.2
1916-06-01 00:00:00,2018-06-30 00:00:00,1999-08-13 00:00:00,14.3
1916-07-01 00:00:00,2018-06-30 00:00:00,1999-08-13 00:00:00,14.4
1916-08-01 00:00:00,2018-06-30 00:00:00,1999-08-13 00:00:00,14.7
1916-09-01 00:00:00,2018-06-30 00:00:00,1999-08-13 00:00:00,15.0
1916-10-01 00:00:00,2018-06-30 00:00:00,1999-08-13 00:00:00,15.7
1916-11-01 00:00:00,2018-06-30 00:00:00,1999-08-13 00:00:00,16.8
1916-12-01 00:00:00,2018-06-30 00:00:00,1999-08-13 00:00:00,17.1
1917-01-01 00:00:00,2018-06-30 00:00:00,1999-08-13 00:00:00,17.6
1917-02-01 00:00:00,2018-06-30 00:00:00,1999-08-13 00:00:00,18.0
1917-03-01 00:00:00,2018-06-30 00:00:00,1999-08-13 00:00:00,18.5
1917-04-01 00:00:00,2018-06-30 00:00:00,1999-08-13 00:00:00,19.7
1917-05-01 00:00:00,2018-06-30 00:00:00,1999-08-13 00:00:00,20.8
1917-06-01 00:00:00,2018-06-30 00:00:00,1999-08-13 00:00:00,21.0
1917-07-01 00:00:00,2018-06-30 00:00:00,1999-08-13 00:00:00,21.2
1917-08-01 00:00:00,2018-06-30 00:00:00,1999-08-13 00:00:00,21.5
1917-09-01 00:00:00,2018-06-30 00:00:00,1999-08-13 00:00:00,21.3
1917-10-01 00:00:00,2018-06-30 00:00:00,1999-08-13 00:00:00,21.1
1917-11-01 00:00:00,2018-06-30 00:00:00,1999-08-13 00:00:00,21.2
1917-12-01 00:00:00,2018-06-30 00:00:00,1999-08-13 00:00:00,21.2
1918-01-01 00:00:00,2018-06-30 00:00:00,1999-08-13 00:00:00,21.6
1918-02-01 00:00:00,2018-06-30 00:00:00,1999-08-13 00:00:00,21.1
1918-03-01 00:00:00,2018-06-30 00:00:00,1999-08-13 00:00:00,21.8
1918-04-01 00:00:00,2018-06-30 00:00:00,1999-08-13 00:00:00,22.1
1918-05-01 00:00:00,2018-06-30 00:00:00,1999-08-13 00:00:00,22.1
1918-06-01 00:00:00,2018-06-30 00:00:00,1999-08-13 00:00:00,22.2
1918-07-01 00:00:00,2018-06-30 00:00:00,1999-08-13 00:00:00,22.7
1918-08-01 00:00:00,2018-06-30 00:00:00,1999-08-13 00:00:00,23.2
1918-09-01 00:00:00,2018-06-30 00:00:00,1999-08-13 00:00:00,23.7
1918-10-01 00:00:00,2018-06-30 00:00:00,1999-08-13 00:00:00,23.5
1918-11-01 00:00:00,2018-06-30 00:00:00,1999-08-13 00:00:00,23.5
1918-12-01 00:00:00,2018-06-30 00:00:00,1999-08-13 00:00:00,23.5
1919-01-01 00:00:00,2018-06-30 00:00:00,1999-08-13 00:00:00,23.2
1919-02-01 00:00:00,2018-06-30 00:00:00,1999-08-13 00:00:00,22.4
1919-03-01 00:00:00,2018-06-30 00:00:00,1999-08-13 00:00:00,22.6
1919-04-01 00:00:00,2018-06-30 00:00:00,1999-08-13 00:00:00,22.9
1919-05-01 00:00:00,2018-06-30 00:00:00,1999-08-13 00:00:00,23.3
1919-06-01 00:00:00,2018-06-30 00:00:00,1999-08-13 00:00:00,23.4
1919-07-01 00:00:00,2018-06-30 00:00:00,1999-08-13 00:00:00,24.3
1919-08-01 00:00:00,2018-06-30 00:00:00,1999-08-13 00:00:00,24.9
1919-09-01 00:00:00,2018-06-30 00:00:00,1999-08-13 00:00:00,24.3
1919-10-01 00:00:00,2018-06-30 00:00:00,1999-08-13 00:00:00,24.4
1919-11-01 00:00:00,2018-06-30 00:00:00,1999-08-13 00:00:00,24.9
1919-12-01 00:00:00,2018-06-30 00:00:00,1999-08-13 00:00:00,26.0
1920-01-01 00:00:00,2018-06-30 00:00:00,1999-08-13 00:00:00,27.2
1920-02-01 00:00:00,2018-06-30 00:00:00,1999-08-13 00:00:00,27.1
1920-03-01 00:00:00,2018-06-30 00:00:00,1999-08-13 00:00:00,27.3
1920-04-01 00:00:00,2018-06-30 00:00:00,1999-08-13 00:00:00,28.5
1920-05-01 00:00:00,2018-06-30 00:00:00,1999-08-13 00:00:00,28.8
1920-06-01 00:00:00,2018-06-30 00:00:00,1999-08-13 00:00:00,28.7
1920-07-01 00:00:00,2018-06-30 00:00:00,1999-08-13 00:00:00,28.6
1920-08-01 00:00:00,2018-06-30 00:00:00,1999-08-13 00:00:00,27.8
1920-09-01 00:00:00,2018-06-30 00:00:00,1999-08-13 00:00:00,26.8
1920-10-01 00:00:00,2018-06-30 00:00:00,1999-08-13 00:00:00,24.9
1920-11-01 00:00:00,2018-06-30 00:00:00,1999-08-13 00:00:00,23.0
1920-12-01 00:00:00,2018-06-30 00:00:00,1999-08-13 00:00:00,20.8
1921-01-01 00:00:00,2018-06-30 00:00:00,1999-08-13 00:00:00,19.6
1921-02-01 00:00:00,2018-06-30 00:00:00,1999-08-13 00:00:00,18.1
1921-03-01 00:00:00,2018-06-30 00:00:00,1999-08-13 00:00:00,17.7
1921-04-01 00:00:00,2018-06-30 00:00:00,1999-08-13 00:00:00,17.0
1921-05-01 00:00:00,2018-06-30 00:00:00,1999-08-13 00:00:00,16.6
1921-06-01 00:00:00,2018-06-30 00:00:00,1999-08-13 00:00:00,16.1
1921-07-01 00:00:00,2018-06-30 00:00:00,1999-08-13 00:00:00,16.1
1921-08-01 00:00:00,2018-06-30 00:00:00,1999-08-13 00:00:00,16.1
1921-09-01 00:00:00,2018-06-30 00:00:00,1999-08-13 00:00:00,16.1
1921-10-01 00:00:00,2018-06-30 00:00:00,1999-08-13 00:00:00,16.2
1921-11-01 00:00:00,2018-06-30 00:00:00,1999-08-13 00:00:00,16.2
1921-12-01 00:00:00,2018-06-30 00:00:00,1999-08-13 00:00:00,16.0
1922-01-01 00:00:00,2018-06-30 00:00:00,1999-08-13 00:00:00,15.7
1922-02-01 00:00:00,2018-06-30 00:00:00,1999-08-13 00:00:00,16.0
1922-03-01 00:00:00,2018-06-30 00:00:00,1999-08-13 00:00:00,16.0
1922-04-01 00:00:00,2018-06-30 00:00:00,1999-08-13 00:00:00,16.1
1922-05-01 00:00:00,2018-06-30 00:00:00,1999-08-13 00:00:00,16.6
1922-06-01 00:00:00,2018-06-30 00:00:00,1999-08-13 00:00:00,16.6
1922-07-01 00:00:00,2018-06-30 00:00:00,1999-08-13 00:00:00,17.1
1922-08-01 00:00:00,2018-06-30 00:00:00,1999-08-13 00:00:00,17.0
1922-09-01 00:00:00,2018-06-30 00:00:00,1999-08-13 00:00:00,17.1
1922-10-01 00:00:00,2018-06-30 00:00:00,1999-08-13 00:00:00,17.2
1922-11-01 00:00:00,2018-06-30 00:00:00,1999-08-13 00:00:00,17.3
1922-12-01 00:00:00,2018-06-30 00:00:00,1999-08-13 00:00:00,17.3
1923-01-01 00:00:00,2018-06-30 00:00:00,1999-08-13 00:00:00,17.6
1923-02-01 00:00:00,2018-06-30 00:00:00,1999-08-13 00:00:00,17.8
1923-03-01 00:00:00,2018-06-30 00:00:00,1999-08-13 00:00:00,18.0
1923-04-01 00:00:00,2018-06-30 00:00:00,1999-08-13 00:00:00,17.9
1923-05-01 00:00:00,2018-06-30 00:00:00,1999-08-13 00:00:00,17.5
1923-06-01 00:00:00,2018-06-30 00:00:00,1999-08-13 00:00:00,17.3
1923-07-01 00:00:00,2018-06-30 00:00:00,1999-08-13 00:00:00,17.0
1923-08-01 00:00:00,2018-06-30 00:00:00,1999-08-13 00:00:00,16.9
1923-09-01 00:00:00,2018-06-30 00:00:00,1999-08-13 00:00:00,17.2
1923-10-01 00:00:00,2018-06-30 00:00:00,1999-08-13 00:00:00,17.1
1923-11-01 00:00:00,2018-06-30 00:00:00,1999-08-13 00:00:00,17.0
1923-12-01 00:00:00,2018-06-30 00:00:00,1999-08-13 00:00:00,16.9
1924-01-01 00:00:00,2018-06-30 00:00:00,1999-08-13 00:00:00,17.2
1924-02-01 00:00:00,2018-06-30 00:00:00,1999-08-13 00:00:00,17.2
1924-03-01 00:00:00,2018-06-30 00:00:00,1999-08-13 00:00:00,17.0
1924-04-01 00:00:00,2018-06-30 00:00:00,1999-08-13 00:00:00,16.7
1924-05-01 00:00:00,2018-06-30 00:00:00,1999-08-13 00:00:00,16.5
1924-06-01 00:00:00,2018-06-30 00:00:00,1999-08-13 00:00:00,16.4
1924-07-01 00:00:00,2018-06-30 00:00:00,1999-08-13 00:00:00,16.5
1924-08-01 00:00:00,2018-06-30 00:00:00,1999-08-13 00:00:00,16.7
1924-09-01 00:00:00,2018-06-30 00:00:00,1999-08-13 00:00:00,16.7
1924-10-01 00:00:00,2018-06-30 00:00:00,1999-08-13 00:00:00,16.9
1924-11-01 00:00:00,2018-06-30 00:00:00,1999-08-13 00:00:00,17.1
1924-12-01 00:00:00,2018-06-30 00:00:00,1999-08-13 00:00:00,17.5
1925-01-01 00:00:00,2018-06-30 00:00:00,1999-08-13 00:00:00,17.7
1925-02-01 00:00:00,2018-06-30 00:00:00,1999-08-13 00:00:00,17.9
1925-03-01 00:00:00,2018-06-30 00:00:00,1999-08-13 00:00:00,17.9
1925-04-01 00:00:00,2018-06-30 00:00:00,1999-08-13 00:00:00,17.5
1925-05-01 00:00:00,2018-06-30 00:00:00,1999-08-13 00:00:00,17.5
1925-06-01 00:00:00,2018-06-30 00:00:00,1999-08-13 00:00:00,17.7
1925-07-01 00:00:00,2018-06-30 00:00:00,1999-08-13 00:00:00,18.0
1925-08-01 00:00:00,2018-06-30 00:00:00,1999-08-13 00:00:00,17.9
1925-09-01 00:00:00,2018-06-30 00:00:00,1999-08-13 00:00:00,17.8
1925-10-01 00:00:00,2018-06-30 00:00:00,1999-08-13 00:00:00,17.8
1925-11-01 00:00:00,2018-06-30 00:00:00,1999-08-13 00:00:00,18.0
1925-12-01 00:00:00,2018-06-30 00:00:00,1999-08-13 00:00:00,17.8
1926-01-01 00:00:00,2018-06-30 00:00:00,1999-08-13 00:00:00,17.8
1926-02-01 00:00:00,2018-06-30 00:00:00,1999-08-13 00:00:00,17.6
1926-03-01 00:00:00,2018-06-30 00:00:00,1999-08-13 00:00:00,17.3
1926-04-01 00:00:00,2018-06-30 00:00:00,1999-08-13 00:00:00,17.3
1926-05-01 00:00:00,2018-06-30 00:00:00,1999-08-13 00:00:00,17.3
1926-06-01 00:00:00,2018-06-30 00:00:00,1999-08-13 00:00:00,17.3
1926-07-01 00:00:00,2018-06-30 00:00:00,1999-08-13 00:00:00,17.1
1926-08-01 00:00:00,2018-06-30 00:00:00,1999-08-13 00:00:00,17.1
1926-09-01 00:00:00,2018-06-30 00:00:00,1999-08-13 00:00:00,17.2
1926-10-01 00:00:00,2018-06-30 00:00:00,1999-08-13 00:00:00,17.1
1926-11-01 00:00:00,2018-06-30 00:00:00,1999-08-13 00:00:00,17.0
1926-12-01 00:00:00,2018-06-30 00:00:00,1999-08-13 00:00:00,16.9
1927-01-01 00:00:00,2018-06-30 00:00:00,1999-08-13 00:00:00,16.4
1927-02-01 00:00:00,2018-06-30 00:00:00,1999-08-13 00:00:00,16.6
1927-03-01 00:00:00,2018-06-30 00:00:00,1999-08-13 00:00:00,16.5
1927-04-01 00:00:00,2018-06-30 00:00:00,1999-08-13 00:00:00,16.3
1927-05-01 00:00:00,2018-06-30 00:00:00,1999-08-13 00:00:00,16.2
1927-06-01 00:00:00,2018-06-30 00:00:00,1999-08-13 00:00:00,16.2
1927-07-01 00:00:00,2018-06-30 00:00:00,1999-08-13 00:00:00,16.2
1927-08-01 00:00:00,2018-06-30 00:00:00,1999-08-13 00:00:00,16.4
1927-09-01 00:00:00,2018-06-30 00:00:00,1999-08-13 00:00:00,16.6
1927-10-01 00:00:00,2018-06-30 00:00:00,1999-08-13 00:00:00,16.7
1927-11-01 00:00:00,2018-06-30 00:00:00,1999-08-13 00:00:00,16.6
1927-12-01 00:00:00,2018-06-30 00:00:00,1999-08-13 00:00:00,16.6
1928-01-01 00:00:00,2018-06-30 00:00:00,1999-08-13 00:00:00,16.6
1928-02-01 00:00:00,2018-06-30 00:00:00,1999-08-13 00:00:00,16.5
1928-03-01 00:00:00,2018-06-30 00:00:00,1999-08-13 00:00:00,16.5
1928-04-01 00:00:00,2018-06-30 00:00:00,1999-08-13 00:00:00,16.7
1928-05-01 00:00:00,2018-06-30 00:00:00,1999-08-13 00:00:00,16.8
1928-06-01 00:00:00,2018-06-30 00:00:00,1999-08-13 00:00:00,16.7
1928-07-01 00:00:00,2018-06-30 00:00:00,1999-08-13 00:00:00,16.8
1928-08-01 00:00:00,2018-06-30 00:00:00,1999-08-13 00:00:00,16.8
1928-09-01 00:00:00,2018-06-30 00:00:00,1999-08-13 00:00:00,17.0
1928-10-01 00:00:00,2018-06-30 00:00:00,1999-08-13 00:00:00,16.7
1928-11-01 00:00:00,2018-06-30 00:00:00,1999-08-13 00:00:00,16.5
1928-12-01 00:00:00,2018-06-30 00:00:00,1999-08-13 00:00:00,16.5
1929-01-01 00:00:00,2018-06-30 00:00:00,1999-08-13 00:00:00,16.5
1929-02-01 00:00:00,2018-06-30 00:00:00,1999-08-13 00:00:00,16.4
1929-03-01 00:00:00,2018-06-30 00:00:00,1999-08-13 00:00:00,16.6
1929-04-01 00:00:00,2018-06-30 00:00:00,1999-08-13 00:00:00,16.5
1929-05-01 00:00:00,2018-06-30 00:00:00,1999-08-13 00:00:00,16.3
1929-06-01 00:00:00,2018-06-30 00:00:00,1999-08-13 00:00:00,16.4
1929-07-01 00:00:00,2018-06-30 00:00:00,1999-08-13 00:00:00,16.6
1929-08-01 00:00:00,2018-06-30 00:00:00,1999-08-13 00:00:00,16.6
1929-09-01 00:00:00,2018-06-30 00:00:00,1999-08-13 00:00:00,16.6
1929-10-01 00:00:00,2018-06-30 00:00:00,1999-08-13 00:00:00,16.4
1929-11-01 00:00:00,2018-06-30 00:00:00,1999-08-13 00:00:00,16.1
1929-12-01 00:00:00,2018-06-30 00:00:00,1999-08-13 00:00:00,16.1
1930-01-01 00:00:00,2018-06-30 00:00:00,1999-08-13 00:00:00,15.9
1930-02-01 00:00:00,2018-06-30 00:00:00,1999-08-13 00:00:00,15.7
1930-03-01 00:00:00,2018-06-30 00:00:00,1999-08-13 00:00:00,15.5
1930-04-01 00:00:00,2018-06-30 00:00:00,1999-08-13 00:00:00,15.5
1930-05-01 00:00:00,2018-06-30 00:00:00,1999-08-13 00:00:00,15.3
1930-06-01 00:00:00,2018-06-30 00:00:00,1999-08-13 00:00:00,15.0
1930-07-01 00:00:00,2018-06-30 00:00:00,1999-08-13 00:00:00,14.5
1930-08-01 00:00:00,2018-06-30 00:00:00,1999-08-13 00:00:00,14.5
1930-09-01 00:00:00,2018-06-30 00:00:00,1999-08-13 00:00:00,14.5
1930-10-01 00:00:00,2018-06-30 00:00:00,1999-08-13 00:00:00,14.3
1930-11-01 00:00:00,2018-06-30 00:00:00,1999-08-13 00:00:00,14.0
1930-12-01 00:00:00,2018-06-30 00:00:00,1999-08-13 00:00:00,13.7
1931-01-01 00:00:00,2018-06-30 00:00:00,1999-08-13 00:00:00,13.5
1931-02-01 00:00:00,2018-06-30 00:00:00,1999-08-13 00:00:00,13.2
1931-03-01 00:00:00,2018-06-30 00:00:00,1999-08-13 00:00:00,13.1
1931-04-01 00:00:00,2018-06-30 00:00:00,1999-08-13 00:00:00,12.9
1931-05-01 00:00:00,2018-06-30 00:00:00,1999-08-13 00:00:00,12.6
1931-06-01 00:00:00,2018-06-30 00:00:00,1999-08-13 00:00:00,12.4
1931-07-01 00:00:00,2018-06-30 00:00:00,1999-08-13 00:00:00,12.4
1931-08-01 00:00:00,2018-06-30 00:00:00,1999-08-13 00:00:00,12.4
1931-09-01 00:00:00,2018-06-30 00:00:00,1999-08-13 00:00:00,12.3
1931-10-01 00:00:00,2018-06-30 00:00:00,1999-08-13 00:00:00,12.1
1931-11-01 00:00:00,2018-06-30 00:00:00,1999-08-13 00:00:00,12.1
1931-12-01 00:00:00,2018-06-30 00:00:00,1999-08-13 00:00:00,11.8
1932-01-01 00:00:00,2018-06-30 00:00:00,1999-08-13 00:00:00,11.6
1932-02-01 00:00:00,2018-06-30 00:00:00,1999-08-13 00:00:00,11.4
1932-03-01 00:00:00,2018-06-30 00:00:00,1999-08-13 00:00:00,11.4
1932-04-01 00:00:00,2018-06-30 00:00:00,1999-08-13 00:00:00,11.3
1932-05-01 00:00:00,2018-06-30 00:00:00,1999-08-13 00:00:00,11.1
1932-06-01 00:00:00,2018-06-30 00:00:00,1999-08-13 00:00:00,11.0
1932-07-01 00:00:00,2018-06-30 00:00:00,1999-08-13 00:00:00,11.1
1932-08-01 00:00:00,2018-06-30 00:00:00,1999-08-13 00:00:00,11.2
1932-09-01 00:00:00,2018-06-30 00:00:00,1999-08-13 00:00:00,11.3
1932-10-01 00:00:00,2018-06-30 00:00:00,1999-08-13 00:00:00,11.1
1932-11-01 00:00:00,2018-06-30 00:00:00,1999-08-13 00:00:00,11.0
1932-12-01 00:00:00,2018-06-30 00:00:00,1999-08-13 00:00:00,10.8
1933-01-01 00:00:00,2018-06-30 00:00:00,1999-08-13 00:00:00,10.5
1933-02-01 00:00:00,2018-06-30 00:00:00,1999-08-13 00:00:00,10.3
1933-03-01 00:00:00,2018-06-30 00:00:00,1999-08-13 00:00:00,10.4
1933-04-01 00:00:00,2018-06-30 00:00:00,1999-08-13 00:00:00,10.4
1933-05-01 00:00:00,2018-06-30 00:00:00,1999-08-13 00:00:00,10.8
1933-06-01 00:00:00,2018-06-30 00:00:00,1999-08-13 00:00:00,11.2
1933-07-01 00:00:00,2018-06-30 00:00:00,1999-08-13 00:00:00,11.9
1933-08-01 00:00:00,2018-06-30 00:00:00,1999-08-13 00:00:00,12.0
1933-09-01 00:00:00,2018-06-30 00:00:00,1999-08-13 00:00:00,12.2
1933-10-01 00:00:00,2018-06-30 00:00:00,1999-08-13 00:00:00,12.3
1933-11-01 00:00:00,2018-06-30 00:00:00,1999-08-13 00:00:00,12.3
1933-12-01 00:00:00,2018-06-30 00:00:00,1999-08-13 00:00:00,12.2
1934-01-01 00:00:00,2018-06-30 00:00:00,1999-08-13 00:00:00,12.4
1934-02-01 00:00:00,2018-06-30 00:00:00,1999-08-13 00:00:00,12.7
1934-03-01 00:00:00,2018-06-30 00:00:00,1999-08-13 00:00:00,12.7
1934-04-01 00:00:00,2018-06-30 00:00:00,1999-08-13 00:00:00,12.7
1934-05-01 00:00:00,2018-06-30 00:00:00,1999-08-13 00:00:00,12.7
1934-06-01 00:00:00,2018-06-30 00:00:00,1999-08-13 00:00:00,12.9
1934-07-01 00:00:00,2018-06-30 00:00:00,1999-08-13 00:00:00,12.9
1934-08-01 00:00:00,2018-06-30 00:00:00,1999-08-13 00:00:00,13.2
1934-09-01 00:00:00,2018-06-30 00:00:00,1999-08-13 00:00:00,13.4
1934-10-01 00:00:00,2018-06-30 00:00:00,1999-08-13 00:00:00,13.2
1934-11-01 00:00:00,2018-06-30 00:00:00,1999-08-13 00:00:00,13.2
1934-12-01 00:00:00,2018-06-30 00:00:00,1999-08-13 00:00:00,13.3
1935-01-01 00:00:00,2018-06-30 00:00:00,1999-08-13 00:00:00,13.6
1935-02-01 00:00:00,2018-06-30 00:00:00,1999-08-13 00:00:00,13.7
1935-03-01 00:00:00,2018-06-30 00:00:00,1999-08-13 00:00:00,13.7
1935-04-01 00:00:00,2018-06-30 00:00:00,1999-08-13 00:00:00,13.8
1935-05-01 00:00:00,2018-06-30 00:00:00,1999-08-13 00:00:00,13.8
1935-06-01 00:00:00,2018-06-30 00:00:00,1999-08-13 00:00:00,13.8
1935-07-01 00:00:00,2018-06-30 00:00:00,1999-08-13 00:00:00,13.7
1935-08-01 00:00:00,2018-06-30 00:00:00,1999-08-13 00:00:00,13.9
1935-09-01 00:00:00,2018-06-30 00:00:00,1999-08-13 00:00:00,13.9
1935-10-01 00:00:00,2018-06-30 00:00:00,1999-08-13 00:00:00,13.9
1935-11-01 00:00:00,2018-06-30 00:00:00,1999-08-13 00:00:00,13.9
1935-12-01 00:00:00,2018-06-30 00:00:00,1999-08-13 00:00:00,14.0
1936-01-01 00:00:00,2018-06-30 00:00:00,1999-08-13 00:00:00,13.9
1936-02-01 00:00:00,2018-06-30 00:00:00,1999-08-13 00:00:00,13.9
1936-03-01 00:00:00,2018-06-30 00:00:00,1999-08-13 00:00:00,13.7
1936-04-01 00:00:00,2018-06-30 00:00:00,1999-08-13 00:00:00,13.7
1936-05-01 00:00:00,2018-06-30 00:00:00,1999-08-13 00:00:00,13.5
1936-06-01 00:00:00,2018-06-30 00:00:00,1999-08-13 00:00:00,13.7
1936-07-01 00:00:00,2018-06-30 00:00:00,1999-08-13 00:00:00,13.9
1936-08-01 00:00:00,2018-06-30 00:00:00,1999-08-13 00:00:00,14.0
1936-09-01 00:00:00,2018-06-30 00:00:00,1999-08-13 00:00:00,14.0
1936-10-01 00:00:00,2018-06-30 00:00:00,1999-08-13 00:00:00,14.0
1936-11-01 00:00:00,2018-06-30 00:00:00,1999-08-13 00:00:00,14.2
1936-12-01 00:00:00,2018-06-30 00:00:00,1999-08-13 00:00:00,14.5
1937-01-01 00:00:00,2018-06-30 00:00:00,1999-08-13 00:00:00,14.8
1937-02-01 00:00:00,2018-06-30 00:00:00,1999-08-13 00:00:00,14.9
1937-03-01 00:00:00,2018-06-30 00:00:00,1999-08-13 00:00:00,15.1
1937-04-01 00:00:00,2018-06-30 00:00:00,1999-08-13 00:00:00,15.2
1937-05-01 00:00:00,2018-06-30 00:00:00,1999-08-13 00:00:00,15.1
1937-06-01 00:00:00,2018-06-30 00:00:00,1999-08-13 00:00:00,15.0
1937-07-01 00:00:00,2018-06-30 00:00:00,1999-08-13 00:00:00,15.2
1937-08-01 00:00:00,2018-06-30 00:00:00,1999-08-13 00:00:00,15.1
1937-09-01 00:00:00,2018-06-30 00:00:00,1999-08-13 00:00:00,15.1
1937-10-01 00:00:00,2018-06-30 00:00:00,1999-08-13 00:00:00,14.7
1937-11-01 00:00:00,2018-06-30 00:00:00,1999-08-13 00:00:00,14.4
1937-12-01 00:00:00,2018-06-30 00:00:00,1999-08-13 00:00:00,14.1
1938-01-01 00:00:00,2018-06-30 00:00:00,1999-08-13 00:00:00,14.0
1938-02-01 00:00:00,2018-06-30 00:00:00,1999-08-13 00:00:00,13.8
1938-03-01 00:00:00,2018-06-30 00:00:00,1999-08-13 00:00:00,13.7
1938-04-01 00:00:00,2018-06-30 00:00:00,1999-08-13 00:00:00,13.5
1938-05-01 00:00:00,2018-06-30 00:00:00,1999-08-13 00:00:00,13.5
1938-06-01 00:00:00,2018-06-30 00:00:00,1999-08-13 00:00:00,13.5
1938-07-01 00:00:00,2018-06-30 00:00:00,1999-08-13 00:00:00,13.6
1938-08-01 00:00:00,2018-06-30 00:00:00,1999-08-13 00:00:00,13.4
1938-09-01 00:00:00,2018-06-30 00:00:00,1999-08-13 00:00:00,13.5
1938-10-01 00:00:00,2018-06-30 00:00:00,1999-08-13 00:00:00,13.4
1938-11-01 00:00:00,2018-06-30 00:00:00,1999-08-13 00:00:00,13.4
1938-12-01 00:00:00,2018-06-30 00:00:00,1999-08-13 00:00:00,13.3
1939-01-01 00:00:00,2018-06-30 00:00:00,1999-08-13 00:00:00,13.3
1939-02-01 00:00:00,2018-06-30 00:00:00,1999-08-13 00:00:00,13.3
1939-03-01 00:00:00,2018-06-30 00:00:00,1999-08-13 00:00:00,13.2
1939-04-01 00:00:00,2018-06-30 00:00:00,1999-08-13 00:00:00,13.1
1939-05-01 00:00:00,2018-06-30 00:00:00,1999-08-13 00:00:00,13.1
1939-06-01 00:00:00,2018-06-30 00:00:00,1999-08-13 00:00:00,13.0
1939-07-01 00:00:00,2018-06-30 00:00:00,1999-08-13 00:00:00,13.0
1939-08-01 00:00:00,2018-06-30 00:00:00,1999-08-13 00:00:00,12.9
1939-09-01 00:00:00,2018-06-30 00:00:00,1999-08-13 00:00:00,13.6
1939-10-01 00:00:00,2018-06-30 00:00:00,1999-08-13 00:00:00,13.7
1939-11-01 00:00:00,2018-06-30 00:00:00,1999-08-13 00:00:00,13.6
1939-12-01 00:00:00,2018-06-30 00:00:00,1999-08-13 00:00:00,13.7
1940-01-01 00:00:00,2018-06-30 00:00:00,1999-08-13 00:00:00,13.7
1940-02-01 00:00:00,2018-06-30 00:00:00,1999-08-13 00:00:00,13.6
1940-03-01 00:00:00,2018-06-30 00:00:00,1999-08-13 00:00:00,13.5
1940-04-01 00:00:00,2018-06-30 00:00:00,1999-08-13 00:00:00,13.5
1940-05-01 00:00:00,2018-06-30 00:00:00,1999-08-13 00:00:00,13.5
1940-06-01 00:00:00,2018-06-30 00:00:00,1999-08-13 00:00:00,13.4
1940-07-01 00:00:00,2018-06-30 00:00:00,1999-08-13 00:00:00,13.4
1940-08-01 00:00:00,2018-06-30 00:00:00,1999-08-13 00:00:00,13.4
1940-09-01 00:00:00,2018-06-30 00:00:00,1999-08-13 00:00:00,13.4
1940-10-01 00:00:00,2018-06-30 00:00:00,1999-08-13 00:00:00,13.6
1940-11-01 00:00:00,2018-06-30 00:00:00,1999-08-13 00:00:00,13.7
1940-12-01 00:00:00,2018-06-30 00:00:00,1999-08-13 00:00:00,13.8
1941-01-01 00:00:00,2018-06-30 00:00:00,1999-08-13 00:00:00,13.9
1941-02-01 00:00:00,2018-06-30 00:00:00,1999-08-13 00:00:00,13.9
1941-03-01 00:00:00,2018-06-30 00:00:00,1999-08-13 00:00:00,14.0
1941-04-01 00:00:00,2018-06-30 00:00:00,1999-08-13 00:00:00,14.4
1941-05-01 00:00:00,2018-06-30 00:00:00,1999-08-13 00:00:00,14.6
1941-06-01 00:00:00,2018-06-30 00:00:00,1999-08-13 00:00:00,15.0
1941-07-01 00:00:00,2018-06-30 00:00:00,1999-08-13 00:00:00,15.3
1941-08-01 00:00:00,2018-06-30 00:00:00,1999-08-13 00:00:00,15.6
1941-09-01 00:00:00,2018-06-30 00:00:00,1999-08-13 00:00:00,15.8
1941-10-01 00:00:00,2018-06-30 00:00:00,1999-08-13 00:00:00,15.9
1941-11-01 00:00:00,2018-06-30 00:00:00,1999-08-13 00:00:00,15.9
1941-12-01 00:00:00,2018-06-30 00:00:00,1999-08-13 00:00:00,16.2
1942-01-01 00:00:00,2018-06-30 00:00:00,1999-08-13 00:00:00,16.5
1942-02-01 00:00:00,2018-06-30 00:00:00,1999-08-13 00:00:00,16.7
1942-03-01 00:00:00,2018-06-30 00:00:00,1999-08-13 00:00:00,16.8
1942-04-01 00:00:00,2018-06-30 00:00:00,1999-08-13 00:00:00,17.0
1942-05-01 00:00:00,2018-06-30 00:00:00,1999-08-13 00:00:00,17.0
1942-06-01 00:00:00,2018-06-30 00:00:00,1999-08-13 00:00:00,17.0
1942-07-01 00:00:00,2018-06-30 00:00:00,1999-08-13 00:00:00,17.0
1942-08-01 00:00:00,2018-06-30 00:00:00,1999-08-13 00:00:00,17.1
1942-09-01 00:00:00,2018-06-30 00:00:00,1999-08-13 00:00:00,17.2
1942-10-01 00:00:00,2018-06-30 00:00:00,1999-08-13 00:00:00,17.2
1942-11-01 00:00:00,2018-06-30 00:00:00,1999-08-13 00:00:00,17.3
1942-12-01 00:00:00,2018-06-30 00:00:00,1999-08-13 00:00:00,17.4
1943-01-01 00:00:00,2018-06-30 00:00:00,1999-08-13 00:00:00,17.5
1943-02-01 00:00:00,2018-06-30 00:00:00,1999-08-13 00:00:00,17.7
1943-03-01 00:00:00,2018-06-30 00:00:00,1999-08-13 00:00:00,17.8
1943-04-01 00:00:00,2018-06-30 00:00:00,1999-08-13 00:00:00,17.9
1943-05-01 00:00:00,2018-06-30 00:00:00,1999-08-13 00:00:00,17.9
1943-06-01 00:00:00,2018-06-30 00:00:00,1999-08-13 00:00:00,17.9
1943-07-01 00:00:00,2018-06-30 00:00:00,1999-08-13 00:00:00,17.8
1943-08-01 00:00:00,2018-06-30 00:00:00,1999-08-13 00:00:00,17.8
1943-09-01 00:00:00,2018-06-30 00:00:00,1999-08-13 00:00:00,17.8
1943-10-01 00:00:00,2018-06-30 00:00:00,1999-08-13 00:00:00,17.8
1943-11-01 00:00:00,2018-06-30 00:00:00,1999-08-13 00:00:00,17.7
1943-12-01 00:00:00,2018-06-30 00:00:00,1999-08-13 00:00:00,17.8
1944-01-01 00:00:00,2018-06-30 00:00:00,1999-08-13 00:00:00,17.8
1944-02-01 00:00:00,2018-06-30 00:00:00,1999-08-13 00:00:00,17.8
1944-03-01 00:00:00,2018-06-30 00:00:00,1999-08-13 00:00:00,17.9
1944-04-01 00:00:00,2018-06-30 00:00:00,1999-08-13 00:00:00,17.9
1944-05-01 00:00:00,2018-06-30 00:00:00,1999-08-13 00:00:00,17.9
1944-06-01 00:00:00,2018-06-30 00:00:00,1999-08-13 00:00:00,18.0
1944-07-01 00:00:00,2018-06-30 00:00:00,1999-08-13 00:00:00,17.9
1944-08-01 00:00:00,2018-06-30 00:00:00,1999-08-13 00:00:00,17.9
1944-09-01 00:00:00,2018-06-30 00:00:00,1999-08-13 00:00:00,17.9
1944-10-01 00:00:00,2018-06-30 00:00:00,1999-08-13 00:00:00,17.9
1944-11-01 00:00:00,2018-06-30 00:00:00,1999-08-13 00:00:00,18.0
1944-12-01 00:00:00,2018-06-30 00:00:00,1999-08-13 00:00:00,18.0
1945-01-01 00:00:00,2018-06-30 00:00:00,1999-08-13 00:00:00,18.1
1945-02-01 00:00:00,2018-06-30 00:00:00,1999-08-13 00:00:00,18.1
1945-03-01 00:00:00,2018-06-30 00:00:00,1999-08-13 00:00:00,18.1
1945-04-01 00:00:00,2018-06-30 00:00:00,1999-08-13 00:00:00,18.2
1945-05-01 00:00:00,2018-06-30 00:00:00,1999-08-13 00:00:00,18.3
1945-06-01 00:00:00,2018-06-30 00:00:00,1999-08-13 00:00:00,18.3
1945-07-01 00:00:00,2018-06-30 00:00:00,1999-08-13 00:00:00,18.3
1945-08-01 00:00:00,2018-06-30 00:00:00,1999-08-13 00:00:00,18.2
1945-09-01 00:00:00,2018-06-30 00:00:00,1999-08-13 00:00:00,18.1
1945-10-01 00:00:00,2018-06-30 00:00:00,1999-08-13 00:00:00,18.2
1945-11-01 00:00:00,2018-06-30 00:00:00,1999-08-13 00:00:00,18.4
1945-12-01 00:00:00,2018-06-30 00:00:00,1999-08-13 00:00:00,18.4
1946-01-01 00:00:00,2018-06-30 00:00:00,1996-12-11 00:00:00,18.4
1946-02-01 00:00:00,2018-06-30 00:00:00,1996-12-11 00:00:00,18.5
1946-03-01 00:00:00,2018-06-30 00:00:00,1996-12-11 00:00:00,18.8
1946-04-01 00:00:00,2018-06-30 00:00:00,1996-12-11 00:00:00,19.0
1946-05-01 00:00:00,2018-06-30 00:00:00,1996-12-11 00:00:00,19.1
1946-06-01 00:00:00,2018-06-30 00:00:00,1996-12-11 00:00:00,19.4
1946-07-01 00:00:00,2018-06-30 00:00:00,1996-12-11 00:00:00,21.5
1946-08-01 00:00:00,2018-06-30 00:00:00,1996-12-11 00:00:00,22.2
1946-09-01 00:00:00,2018-06-30 00:00:00,1996-12-11 00:00:00,21.4
1946-10-01 00:00:00,2018-06-30 00:00:00,1996-12-11 00:00:00,23.1
1946-11-01 00:00:00,2018-06-30 00:00:00,1996-12-11 00:00:00,24.1
1946-12-01 00:00:00,2018-06-30 00:00:00,1996-12-11 00:00:00,24.3
1947-01-01 00:00:00,2018-06-30 00:00:00,1996-12-11 00:00:00,24.5
1947-02-01 00:00:00,2018-06-30 00:00:00,1996-12-11 00:00:00,24.7
1947-03-01 00:00:00,2018-06-30 00:00:00,1996-12-11 00:00:00,25.3
1947-04-01 00:00:00,2018-06-30 00:00:00,1996-12-11 00:00:00,25.1
1947-05-01 00:00:00,2018-06-30 00:00:00,1996-12-11 00:00:00,25.0
1947-06-01 00:00:00,2018-06-30 00:00:00,1996-12-11 00:00:00,25.0
1947-07-01 00:00:00,2018-06-30 00:00:00,1996-12-11 00:00:00,25.3
1947-08-01 00:00:00,2018-06-30 00:00:00,1996-12-11 00:00:00,25.6
1947-09-01 00:00:00,2018-06-30 00:00:00,1996-12-11 00:00:00,26.1
1947-10-01 00:00:00,2018-06-30 00:00:00,1996-12-11 00:00:00,26.4
1947-11-01 00:00:00,2018-06-30 00:00:00,1996-12-11 00:00:00,26.7
1947-12-01 00:00:00,2018-06-30 00:00:00,1996-12-11 00:00:00,27.2
1948-01-01 00:00:00,2018-06-30 00:00:00,1996-12-11 00:00:00,27.7
1948-02-01 00:00:00,2018-06-30 00:00:00,1996-12-11 00:00:00,27.2
1948-03-01 00:00:00,2018-06-30 00:00:00,1996-12-11 00:00:00,27.2
1948-04-01 00:00:00,2018-06-30 00:00:00,1996-12-11 00:00:00,27.4
1948-05-01 00:00:00,2018-06-30 00:00:00,1996-12-11 00:00:00,27.5
1948-06-01 00:00:00,2018-06-30 00:00:00,1996-12-11 00:00:00,27.7
1948-07-01 00:00:00,2018-06-30 00:00:00,1996-12-11 00:00:00,28.0
1948-08-01 00:00:00,2018-06-30 00:00:00,1996-12-11 00:00:00,28.2
1948-09-01 00:00:00,2018-06-30 00:00:00,1996-12-11 00:00:00,28.1
1948-10-01 00:00:00,2018-06-30 00:00:00,1996-12-11 00:00:00,27.8
1948-11-01 00:00:00,2018-06-30 00:00:00,1996-12-11 00:00:00,27.8
1948-12-01 00:00:00,2018-06-30 00:00:00,1996-12-11 00:00:00,27.6
1949-01-01 00:00:00,2018-06-30 00:00:00,1996-12-11 00:00:00,27.3
1949-02-01 00:00:00,2018-06-30 00:00:00,1996-12-11 00:00:00,26.8
1949-03-01 00:00:00,2018-06-30 00:00:00,1996-12-11 00:00:00,26.8
1949-04-01 00:00:00,2018-06-30 00:00:00,1996-12-11 00:00:00,26.5
1949-05-01 00:00:00,2018-06-30 00:00:00,1996-12-11 00:00:00,26.3
1949-06-01 00:00:00,2018-06-30 00:00:00,1996-12-11 00:00:00,26.0
1949-07-01 00:00:00,2018-06-30 00:00:00,1996-12-11 00:00:00,26.0
1949-08-01 00:00:00,2018-06-30 00:00:00,1996-12-11 00:00:00,26.0
1949-09-01 00:00:00,2018-06-30 00:00:00,1996-12-11 00:00:00,26.1
1949-10-01 00:00:00,2018-06-30 00:00:00,1996-12-11 00:00:00,26.0
1949-11-01 00:00:00,2018-06-30 00:00:00,1996-12-11 00:00:00,26.0
1949-12-01 00:00:00,2018-06-30 00:00:00,1996-12-11 00:00:00,25.9
1950-01-01 00:00:00,2018-06-30 00:00:00,1996-12-11 00:00:00,25.9
1950-02-01 00:00:00,2018-06-30 00:00:00,1996-12-11 00:00:00,26.1
1950-03-01 00:00:00,2018-06-30 00:00:00,1996-12-11 00:00:00,26.1
1950-04-01 00:00:00,2018-06-30 00:00:00,1996-12-11 00:00:00,26.1
1950-05-01 00:00:00,2018-06-30 00:00:00,1996-12-11 00:00:00,26.4
1950-06-01 00:00:00,2018-06-30 00:00:00,1996-12-11 00:00:00,26.6
1950-07-01 00:00:00,2018-06-30 00:00:00,1996-12-11 00:00:00,27.3
1950-08-01 00:00:00,2018-06-30 00:00:00,1996-12-11 00:00:00,27.9
1950-09-01 00:00:00,2018-06-30 00:00:00,1996-12-11 00:00:00,28.4
1950-10-01 00:00:00,2018-06-30 00:00:00,1996-12-11 00:00:00,28.6
1950-11-01 00:00:00,2018-06-30 00:00:00,1996-12-11 00:00:00,29.0
1950-12-01 00:00:00,2018-06-30 00:00:00,1996-12-11 00:00:00,29.7
1951-01-01 00:00:00,2018-06-30 00:00:00,1996-12-11 00:00:00,30.5
1951-02-01 00:00:00,2018-06-30 00:00:00,1996-12-11 00:00:00,30.9
1951-03-01 00:00:00,2018-06-30 00:00:00,1996-12-11 00:00:00,30.9
1951-04-01 00:00:00,2018-06-30 00:00:00,1996-12-11 00:00:00,30.8
1951-05-01 00:00:00,2018-06-30 00:00:00,1996-12-11 00:00:00,30.7
1951-06-01 00:00:00,2018-06-30 00:00:00,1996-12-11 00:00:00,30.5
1951-07-01 00:00:00,2018-06-30 00:00:00,1996-12-11 00:00:00,30.3
1951-08-01 00:00:00,2018-06-30 00:00:00,1996-12-11 00:00:00,30.1
1951-09-01 00:00:00,2018-06-30 00:00:00,1996-12-11 00:00:00,30.1
1951-10-01 00:00:00,2018-06-30 00:00:00,1996-12-11 00:00:00,30.1
1951-11-01 00:00:00,2018-06-30 00:00:00,1996-12-11 00:00:00,30.1
1951-12-01 00:00:00,2018-06-30 00:00:00,1996-12-11 00:00:00,30.1
1952-01-01 00:00:00,2018-06-30 00:00:00,1996-12-11 00:00:00,30.0
1952-02-01 00:00:00,2018-06-30 00:00:00,1996-12-11 00:00:00,29.8
1952-03-01 00:00:00,2018-06-30 00:00:00,1996-12-11 00:00:00,29.8
1952-04-01 00:00:00,2018-06-30 00:00:00,1996-12-11 00:00:00,29.6
1952-05-01 00:00:00,2018-06-30 00:00:00,1996-12-11 00:00:00,29.6
1952-06-01 00:00:00,2018-06-30 00:00:00,1996-12-11 00:00:00,29.5
1952-07-01 00:00:00,2018-06-30 00:00:00,1996-12-11 00:00:00,29.6
1952-08-01 00:00:00,2018-06-30 00:00:00,1996-12-11 00:00:00,29.8
1952-09-01 00:00:00,2018-06-30 00:00:00,1996-12-11 00:00:00,29.6
1952-10-01 00:00:00,2018-06-30 00:00:00,1996-12-11 00:00:00,29.5
1952-11-01 00:00:00,2018-06-30 00:00:00,1996-12-11 00:00:00,29.3
1952-12-01 00:00:00,2018-06-30 00:00:00,1996-12-11 00:00:00,29.1
1953-01-01 00:00:00,2018-06-30 00:00:00,1996-12-11 00:00:00,29.1
1953-02-01 00:00:00,2018-06-30 00:00:00,1996-12-11 00:00:00,29.1
1953-03-01 00:00:00,2018-06-30 00:00:00,1996-12-11 00:00:00,29.2
1953-04-01 00:00:00,2018-06-30 00:00:00,1996-12-11 00:00:00,29.0
1953-05-01 00:00:00,2018-06-30 00:00:00,1996-12-11 00:00:00,29.1
1953-06-01 00:00:00,2018-06-30 00:00:00,1996-12-11 00:00:00,29.0
1953-07-01 00:00:00,2018-06-30 00:00:00,1996-12-11 00:00:00,29.4
1953-08-01 00:00:00,2018-06-30 00:00:00,1996-12-11 00:00:00,29.3
1953-09-01 00:00:00,2018-06-30 00:00:00,1996-12-11 00:00:00,29.4
1953-10-01 00:00:00,2018-06-30 00:00:00,1996-12-11 00:00:00,29.2
1953-11-01 00:00:00,2018-06-30 00:00:00,1996-12-11 00:00:00,29.1
1953-12-01 00:00:00,2018-06-30 00:00:00,1996-12-11 00:00:00,29.2
1954-01-01 00:00:00,2018-06-30 00:00:00,1996-12-11 00:00:00,29.4
1954-02-01 00:00:00,2018-06-30 00:00:00,1996-12-11 00:00:00,29.3
1954-03-01 00:00:00,2018-06-30 00:00:00,1996-12-11 00:00:00,29.3
1954-04-01 00:00:00,2018-06-30 00:00:00,1996-12-11 00:00:00,29.4
1954-05-01 00:00:00,2018-06-30 00:00:00,1996-12-11 00:00:00,29.4
1954-06-01 00:00:00,2018-06-30 00:00:00,1996-12-11 00:00:00,29.2
1954-07-01 00:00:00,2018-06-30 00:00:00,1996-12-11 00:00:00,29.3
1954-08-01 00:00:00,2018-06-30 00:00:00,1996-12-11 00:00:00,29.3
1954-09-01 00:00:00,2018-06-30 00:00:00,1996-12-11 00:00:00,29.2
1954-10-01 00:00:00,2018-06-30 00:00:00,1996-12-11 00:00:00,29.1
1954-11-01 00:00:00,2018-06-30 00:00:00,1996-12-11 00:00:00,29.2
1954-12-01 00:00:00,2018-06-30 00:00:00,1996-12-11 00:00:00,29.0
1955-01-01 00:00:00,2018-06-30 00:00:00,1996-12-11 00:00:00,29.2
1955-02-01 00:00:00,2018-06-30 00:00:00,1996-12-11 00:00:00,29.3
1955-03-01 00:00:00,2018-06-30 00:00:00,1996-12-11 00:00:00,29.2
1955-04-01 00:00:00,2018-06-30 00:00:00,1996-12-11 00:00:00,29.3
1955-05-01 00:00:00,2018-06-30 00:00:00,1996-12-11 00:00:00,29.1
1955-06-01 00:00:00,2018-06-30 00:00:00,1996-12-11 00:00:00,29.3
1955-07-01 00:00:00,2018-06-30 00:00:00,1996-12-11 00:00:00,29.3
1955-08-01 00:00:00,2018-06-30 00:00:00,1996-12-11 00:00:00,29.4
1955-09-01 00:00:00,2018-06-30 00:00:00,1996-12-11 00:00:00,29.6
1955-10-01 00:00:00,2018-06-30 00:00:00,1996-12-11 00:00:00,29.6
1955-11-01 00:00:00,2018-06-30 00:00:00,1996-12-11 00:00:00,29.5
1955-12-01 00:00:00,2018-06-30 00:00:00,1996-12-11 00:00:00,29.5
1956-01-01 00:00:00,2018-06-30 00:00:00,1996-12-11 00:00:00,29.7
1956-02-01 00:00:00,2018-06-30 00:00:00,1996-12-11 00:00:00,29.8
1956-03-01 00:00:00,2018-06-30 00:00:00,1996-12-11 00:00:00,29.9
1956-04-01 00:00:00,2018-06-30 00:00:00,1996-12-11 00:00:00,30.1
1956-05-01 00:00:00,2018-06-30 00:00:00,1996-12-11 00:00:00,30.3
1956-06-01 00:00:00,2018-06-30 00:00:00,1996-12-11 00:00:00,30.3
1956-07-01 00:00:00,2018-06-30 00:00:00,1996-12-11 00:00:00,30.2
1956-08-01 00:00:00,2018-06-30 00:00:00,1996-12-11 00:00:00,30.4
1956-09-01 00:00:00,2018-06-30 00:00:00,1996-12-11 00:00:00,30.6
1956-10-01 00:00:00,2018-06-30 00:00:00,1996-12-11 00:00:00,30.6
1956-11-01 00:00:00,2018-06-30 00:00:00,1996-12-11 00:00:00,30.7
1956-12-01 00:00:00,2018-06-30 00:00:00,1996-12-11 00:00:00,30.8
1957-01-01 00:00:00,2018-06-30 00:00:00,1996-12-11 00:00:00,31.0
1957-02-01 00:00:00,2018-06-30 00:00:00,1996-12-11 00:00:00,31.0
1957-03-01 00:00:00,2018-06-30 00:00:00,1996-12-11 00:00:00,31.0
1957-04-01 00:00:00,2018-06-30 00:00:00,1996-12-11 00:00:00,31.1
1957-05-01 00:00:00,2018-06-30 00:00:00,1996-12-11 00:00:00,31.0
1957-06-01 00:00:00,2018-06-30 00:00:00,1996-12-11 00:00:00,31.1
1957-07-01 00:00:00,2018-06-30 00:00:00,1996-12-11 00:00:00,31.3
1957-08-01 00:00:00,2018-06-30 00:00:00,1996-12-11 00:00:00,31.4
1957-09-01 00:00:00,2018-06-30 00:00:00,1996-12-11 00:00:00,31.3
1957-10-01 00:00:00,2018-06-30 00:00:00,1996-12-11 00:00:00,31.2
1957-11-01 00:00:00,2018-06-30 00:00:00,1996-12-11 00:00:00,31.3
1957-12-01 00:00:00,2018-06-30 00:00:00,1996-12-11 00:00:00,31.4
1958-01-01 00:00:00,2018-06-30 00:00:00,1996-12-11 00:00:00,31.5
1958-02-01 00:00:00,2018-06-30 00:00:00,1996-12-11 00:00:00,31.5
1958-03-01 00:00:00,2018-06-30 00:00:00,1996-12-11 00:00:00,31.7
1958-04-01 00:00:00,2018-06-30 00:00:00,1996-12-11 00:00:00,31.6
1958-05-01 00:00:00,2018-06-30 00:00:00,1996-12-11 00:00:00,31.7
1958-06-01 00:00:00,2018-06-30 00:00:00,1996-12-11 00:00:00,31.6
1958-07-01 00:00:00,2018-06-30 00:00:00,1996-12-11 00:00:00,31.6
1958-08-01 00:00:00,2018-06-30 00:00:00,1996-12-11 00:00:00,31.6
1958-09-01 00:00:00,2018-06-30 00:00:00,1996-12-11 00:00:00,31.6
1958-10-01 00:00:00,2018-06-30 00:00:00,1996-12-11 00:00:00,31.5
1958-11-01 00:00:00,2018-06-30 00:00:00,1996-12-11 00:00:00,31.6
1958-12-01 00:00:00,2018-06-30 00:00:00,1996-12-11 00:00:00,31.6
1959-01-01 00:00:00,2018-06-30 00:00:00,1996-12-11 00:00:00,31.7
1959-02-01 00:00:00,2018-06-30 00:00:00,1996-12-11 00:00:00,31.7
1959-03-01 00:00:00,2018-06-30 00:00:00,1996-12-11 00:00:00,31.7
1959-04-01 00:00:00,2018-06-30 00:00:00,1996-12-11 00:00:00,31.8
1959-05-01 00:00:00,2018-06-30 00:00:00,1996-12-11 00:00:00,31.8
1959-06-01 00:00:00,2018-06-30 00:00:00,1996-12-11 00:00:00,31.7
1959-07-01 00:00:00,2018-06-30 00:00:00,1996-12-11 00:00:00,31.7
1959-08-01 00:00:00,2018-06-30 00:00:00,1996-12-11 00:00:00,31.6
1959-09-01 00:00:00,2018-06-30 00:00:00,1996-12-11 00:00:00,31.7
1959-10-01 00:00:00,2018-06-30 00:00:00,1996-12-11 00:00:00,31.6
1959-11-01 00:00:00,2018-06-30 00:00:00,1996-12-11 00:00:00,31.5
1959-12-01 00:00:00,2018-06-30 00:00:00,1996-12-11 00:00:00,31.5
1960-01-01 00:00:00,2018-06-30 00:00:00,1996-12-11 00:00:00,31.6
1960-02-01 00:00:00,2018-06-30 00:00:00,1996-12-11 00:00:00,31.6
1960-03-01 00:00:00,2018-06-30 00:00:00,1996-12-11 00:00:00,31.8
1960-04-01 00:00:00,2018-06-30 00:00:00,1996-12-11 00:00:00,31.8
1960-05-01 00:00:00,2018-06-30 00:00:00,1996-12-11 00:00:00,31.7
1960-06-01 00:00:00,2018-06-30 00:00:00,1996-12-11 00:00:00,31.7
1960-07-01 00:00:00,2018-06-30 00:00:00,1996-12-11 00:00:00,31.7
1960-08-01 00:00:00,2018-06-30 00:00:00,1996-12-11 00:00:00,31.6
1960-09-01 00:00:00,2018-06-30 00:00:00,1996-12-11 00:00:00,31.6
1960-10-01 00:00:00,2018-06-30 00:00:00,1996-12-11 00:00:00,31.7
1960-11-01 00:00:00,2018-06-30 00:00:00,1996-12-11 00:00:00,31.7
1960-12-01 00:00:00,2018-06-30 00:00:00,1996-12-11 00:00:00,31.7
1961-01-01 00:00:00,2018-06-30 00:00:00,1996-12-11 00:00:00,31.8
1961-02-01 00:00:00,2018-06-30 00:00:00,1996-12-11 00:00:00,31.8
1961-03-01 00:00:00,2018-06-30 00:00:00,1996-12-11 00:00:00,31.8
1961-04-01 00:00:00,2018-06-30 00:00:00,1996-12-11 00:00:00,31.6
1961-05-01 00:00:00,2018-06-30 00:00:00,1996-12-11 00:00:00,31.5
1961-06-01 00:00:00,2018-06-30 00:00:00,1996-12-11 00:00:00,31.3
1961-07-01 00:00:00,2018-06-30 00:00:00,1996-12-11 00:00:00,31.5
1961-08-01 00:00:00,2018-06-30 00:00:00,1996-12-11 00:00:00,31.5
1961-09-01 00:00:00,2018-06-30 00:00:00,1996-12-11 00:00:00,31.5
1961-10-01 00:00:00,2018-06-30 00:00:00,1996-12-11 00:00:00,31.5
1961-11-01 00:00:00,2018-06-30 00:00:00,1996-12-11 00:00:00,31.5
1961-12-01 00:00:00,2018-06-30 00:00:00,1996-12-11 00:00:00,31.6
1962-01-01 00:00:00,2018-06-30 00:00:00,1996-12-11 00:00:00,31.7
1962-02-01 00:00:00,2018-06-30 00:00:00,1996-12-11 00:00:00,31.7
1962-03-01 00:00:00,2018-06-30 00:00:00,1996-12-11 00:00:00,31.7
1962-04-01 00:00:00,2018-06-30 00:00:00,1996-12-11 00:00:00,31.6
1962-05-01 00:00:00,2018-06-30 00:00:00,1996-12-11 00:00:00,31.5
1962-06-01 00:00:00,2018-06-30 00:00:00,1996-12-11 00:00:00,31.5
1962-07-01 00:00:00,2018-06-30 00:00:00,1996-12-11 00:00:00,31.6
1962-08-01 00:00:00,2018-06-30 00:00:00,1996-12-11 00:00:00,31.6
1962-09-01 00:00:00,2018-06-30 00:00:00,1996-12-11 00:00:00,31.9
1962-10-01 00:00:00,2018-06-30 00:00:00,1996-12-11 00:00:00,31.7
1962-11-01 00:00:00,2018-06-30 00:00:00,1996-12-11 00:00:00,31.7
1962-12-01 00:00:00,2018-06-30 00:00:00,1996-12-11 00:00:00,31.6
1963-01-01 00:00:00,2018-06-30 00:00:00,1996-12-11 00:00:00,31.6
1963-02-01 00:00:00,2018-06-30 00:00:00,1996-12-11 00:00:00,31.5
1963-03-01 00:00:00,2018-06-30 00:00:00,1996-12-11 00:00:00,31.5
1963-04-01 00:00:00,2018-06-30 00:00:00,1996-12-11 00:00:00,31.4
1963-05-01 00:00:00,2018-06-30 00:00:00,1996-12-11 00:00:00,31.5
1963-06-01 00:00:00,2018-06-30 00:00:00,1996-12-11 00:00:00,31.6
1963-07-01 00:00:00,2018-06-30 00:00:00,1996-12-11 00:00:00,31.7
1963-08-01 00:00:00,2018-06-30 00:00:00,1996-12-11 00:00:00,31.6
1963-09-01 00:00:00,2018-06-30 00:00:00,1996-12-11 00:00:00,31.6
1963-10-01 00:00:00,2018-06-30 00:00:00,1996-12-11 00:00:00,31.6
1963-11-01 00:00:00,2018-06-30 00:00:00,1996-12-11 00:00:00,31.7
1963-12-01 00:00:00,2018-06-30 00:00:00,1996-12-11 00:00:00,31.6
1964-01-01 00:00:00,2018-06-30 00:00:00,1996-12-11 00:00:00,31.8
1964-02-01 00:00:00,2018-06-30 00:00:00,1996-12-11 00:00:00,31.6
1964-03-01 00:00:00,2018-06-30 00:00:00,1996-12-11 00:00:00,31.6
1964-04-01 00:00:00,2018-06-30 00:00:00,1996-12-11 00:00:00,31.6
1964-05-01 00:00:00,2018-06-30 00:00:00,1996-12-11 00:00:00,31.5
1964-06-01 00:00:00,2018-06-30 00:00:00,1996-12-11 00:00:00,31.5
1964-07-01 00:00:00,2018-06-30 00:00:00,1996-12-11 00:00:00,31.6
1964-08-01 00:00:00,2018-06-30 00:00:00,1996-12-11 00:00:00,31.6
1964-09-01 00:00:00,2018-06-30 00:00:00,1996-12-11 00:00:00,31.7
1964-10-01 00:00:00,2018-06-30 00:00:00,1996-12-11 00:00:00,31.7
1964-11-01 00:00:00,2018-06-30 00:00:00,1996-12-11 00:00:00,31.7
1964-12-01 00:00:00,2018-06-30 00:00:00,1996-12-11 00:00:00,31.7
1965-01-01 00:00:00,2018-06-30 00:00:00,1996-12-11 00:00:00,31.8
1965-02-01 00:00:00,2018-06-30 00:00:00,1996-12-11 00:00:00,31.9
1965-03-01 00:00:00,2018-06-30 00:00:00,1996-12-11 00:00:00,31.9
1965-04-01 00:00:00,2018-06-30 00:00:00,1996-12-11 00:00:00,32.0
1965-05-01 00:00:00,2018-06-30 00:00:00,1996-12-11 00:00:00,32.1
1965-06-01 00:00:00,2018-06-30 00:00:00,1996-12-11 00:00:00,32.4
1965-07-01 00:00:00,2018-06-30 00:00:00,1996-12-11 00:00:00,32.4
1965-08-01 00:00:00,2018-06-30 00:00:00,1996-12-11 00:00:00,32.4
1965-09-01 00:00:00,2018-06-30 00:00:00,1996-12-11 00:00:00,32.4
1965-10-01 00:00:00,2018-06-30 00:00:00,1996-12-11 00:00:00,32.5
1965-11-01 00:00:00,2018-06-30 00:00:00,1996-12-11 00:00:00,32.6
1965-12-01 00:00:00,2018-06-30 00:00:00,1996-12-11 00:00:00,32.8
1966-01-01 00:00:00,2018-06-30 00:00:00,1996-12-11 00:00:00,32.9
1966-02-01 00:00:00,2018-06-30 00:00:00,1996-12-11 00:00:00,33.2
1966-03-01 00:00:00,2018-06-30 00:00:00,1996-12-11 00:00:00,33.2
1966-04-01 00:00:00,2018-06-30 00:00:00,1996-12-11 00:00:00,33.2
1966-05-01 00:00:00,2018-06-30 00:00:00,1996-12-11 00:00:00,33.2
1966-06-01 00:00:00,2018-06-30 00:00:00,1996-12-11 00:00:00,33.3
1966-07-01 00:00:00,2018-06-30 00:00:00,1996-12-11 00:00:00,33.5
1966-08-01 00:00:00,2018-06-30 00:00:00,1996-12-11 00:00:00,33.6
1966-09-01 00:00:00,2018-06-30 00:00:00,1996-12-11 00:00:00,33.6
1966-10-01 00:00:00,2018-06-30 00:00:00,1996-12-11 00:00:00,33.4
1966-11-01 00:00:00,2018-06-30 00:00:00,1996-12-11 00:00:00,33.3
1966-12-01 00:00:00,2018-06-30 00:00:00,1996-12-11 00:00:00,33.3
1967-01-01 00:00:00,2018-06-30 00:00:00,1996-12-11 00:00:00,33.4
1967-02-01 00:00:00,2018-06-30 00:00:00,1996-12-11 00:00:00,33.4
1967-03-01 00:00:00,2018-06-30 00:00:00,1996-12-11 00:00:00,33.3
1967-04-01 00:00:00,2018-06-30 00:00:00,1996-12-11 00:00:00,33.1
1967-05-01 00:00:00,2018-06-30 00:00:00,1996-12-11 00:00:00,33.3
1967-06-01 00:00:00,2018-06-30 00:00:00,1996-12-11 00:00:00,33.5
1967-07-01 00:00:00,2018-06-30 00:00:00,1996-12-11 00:00:00,33.5
1967-08-01 00:00:00,2018-06-30 00:00:00,1996-12-11 00:00:00,33.4
1967-09-01 00:00:00,2018-06-30 00:00:00,1996-12-11 00:00:00,33.4
1967-10-01 00:00:00,2018-06-30 00:00:00,1996-12-11 00:00:00,33.4
1967-11-01 00:00:00,2018-06-30 00:00:00,1996-12-11 00:00:00,33.4
1967-12-01 00:00:00,2018-06-30 00:00:00,1996-12-11 00:00:00,33.7
1968-01-01 00:00:00,2018-06-30 00:00:00,1996-12-11 00:00:00,33.8
1968-02-01 00:00:00,2018-06-30 00:00:00,1996-12-11 00:00:00,34.0
1968-03-01 00:00:00,2018-06-30 00:00:00,1996-12-11 00:00:00,34.1
1968-04-01 00:00:00,2018-06-30 00:00:00,1996-12-11 00:00:00,34.1
1968-05-01 00:00:00,2018-06-30 00:00:00,1996-12-11 00:00:00,34.2
1968-06-01 00:00:00,2018-06-30 00:00:00,1996-12-11 00:00:00,34.2
1968-07-01 00:00:00,2018-06-30 00:00:00,1996-12-11 00:00:00,34.3
1968-08-01 00:00:00,2018-06-30 00:00:00,1996-12-11 00:00:00,34.2
1968-09-01 00:00:00,2018-06-30 00:00:00,1996-12-11 00:00:00,34.4
1968-10-01 00:00:00,2018-06-30 00:00:00,1996-12-11 00:00:00,34.4
1968-11-01 00:00:00,2018-06-30 00:00:00,1996-12-11 00:00:00,34.5
1968-12-01 00:00:00,2018-06-30 00:00:00,1996-12-11 00:00:00,34.6
1969-01-01 00:00:00,2018-06-30 00:00:00,1996-12-11 00:00:00,34.8
1969-02-01 00:00:00,2018-06-30 00:00:00,1996-12-11 00:00:00,35.0
1969-03-01 00:00:00,2018-06-30 00:00:00,1996-12-11 00:00:00,35.2
1969-04-01 00:00:00,2018-06-30 00:00:00,1996-12-11 00:00:00,35.3
1969-05-01 00:00:00,2018-06-30 00:00:00,1996-12-11 00:00:00,35.5
1969-06-01 00:00:00,2018-06-30 00:00:00,1996-12-11 00:00:00,35.7
1969-07-01 00:00:00,2018-06-30 00:00:00,1996-12-11 00:00:00,35.8
1969-08-01 00:00:00,2018-06-30 00:00:00,1996-12-11 00:00:00,35.7
1969-09-01 00:00:00,2018-06-30 00:00:00,1996-12-11 00:00:00,35.8
1969-10-01 00:00:00,2018-06-30 00:00:00,1996-12-11 00:00:00,35.9
1969-11-01 00:00:00,2018-06-30 00:00:00,1996-12-11 00:00:00,36.1
1969-12-01 00:00:00,2018-06-30 00:00:00,1996-12-11 00:00:00,36.3
1970-01-01 00:00:00,2018-06-30 00:00:00,1996-12-11 00:00:00,36.5
1970-02-01 00:00:00,2018-06-30 00:00:00,1996-12-11 00:00:00,36.7
1970-03-01 00:00:00,2018-06-30 00:00:00,1996-12-11 00:00:00,36.7
1970-04-01 00:00:00,2018-06-30 00:00:00,1996-12-11 00:00:00,36.8
1970-05-01 00:00:00,2018-06-30 00:00:00,1996-12-11 00:00:00,36.8
1970-06-01 00:00:00,2018-06-30 00:00:00,1996-12-11 00:00:00,36.9
1970-07-01 00:00:00,2018-06-30 00:00:00,1996-12-11 00:00:00,37.1
1970-08-01 00:00:00,2018-06-30 00:00:00,1996-12-11 00:00:00,36.9
1970-09-01 00:00:00,2018-06-30 00:00:00,1996-12-11 00:00:00,37.1
1970-10-01 00:00:00,2018-06-30 00:00:00,1996-12-11 00:00:00,37.1
1970-11-01 00:00:00,2018-06-30 00:00:00,1996-12-11 00:00:00,37.1
1970-12-01 00:00:00,2018-06-30 00:00:00,1996-12-11 00:00:00,37.1
1971-01-01 00:00:00,2018-06-30 00:00:00,1996-12-11 00:00:00,37.3
1971-02-01 00:00:00,2018-06-30 00:00:00,1996-12-11 00:00:00,37.7
1971-03-01 00:00:00,2018-06-30 00:00:00,1996-12-11 00:00:00,37.8
1971-04-01 00:00:00,2018-06-30 00:00:00,1996-12-11 00:00:00,37.9
1971-05-01 00:00:00,2018-06-30 00:00:00,1996-12-11 00:00:00,38.1
1971-06-01 00:00:00,2018-06-30 00:00:00,1996-12-11 00:00:00,38.2
1971-07-01 00:00:00,2018-06-30 00:00:00,1996-12-11 00:00:00,38.3
1971-08-01 00:00:00,2018-06-30 00:00:00,1996-12-11 00:00:00,38.5
1971-09-01 00:00:00,2018-06-30 00:00:00,1996-12-11 00:00:00,38.3
1971-10-01 00:00:00,2018-06-30 00:00:00,1996-12-11 00:00:00,38.3
1971-11-01 00:00:00,2018-06-30 00:00:00,1996-12-11 00:00:00,38.3
1971-12-01 00:00:00,2018-06-30 00:00:00,1996-12-11 00:00:00,38.6
1972-01-01 00:00:00,2018-06-30 00:00:00,1996-12-11 00:00:00,38.8
1972-02-01 00:00:00,2018-06-30 00:00:00,1996-12-11 00:00:00,39.2
1972-03-01 00:00:00,2018-06-30 00:00:00,1996-12-11 00:00:00,39.2
1972-04-01 00:00:00,2018-06-30 00:00:00,1996-12-11 00:00:00,39.3
1972-05-01 00:00:00,2018-06-30 00:00:00,1996-12-11 00:00:00,39.5
1972-06-01 00:00:00,2018-06-30 00:00:00,1996-12-11 00:00:00,39.7
1972-07-01 00:00:00,2018-06-30 00:00:00,1996-12-11 00:00:00,40.0
1972-08-01 00:00:00,2018-06-30 00:00:00,1996-12-11 00:00:00,40.1
1972-09-01 00:00:00,2018-06-30 00:00:00,1996-12-11 00:00:00,40.2
1972-10-01 00:00:00,2018-06-30 00:00:00,1996-12-11 00:00:00,40.1
1972-11-01 00:00:00,2018-06-30 00:00:00,1996-12-11 00:00:00,40.3
1972-12-01 00:00:00,2018-06-30 00:00:00,1996-12-11 00:00:00,41.1
1973-01-01 00:00:00,2018-06-30 00:00:00,1996-12-11 00:00:00,41.6
1973-02-01 00:00:00,2018-06-30 00:00:00,1996-12-11 00:00:00,42.4
1973-03-01 00:00:00,2018-06-30 00:00:00,1996-12-11 00:00:00,43.4
1973-04-01 00:00:00,2018-06-30 00:00:00,1996-12-11 00:00:00,43.6
1973-05-01 00:00:00,2018-06-30 00:00:00,1996-12-11 00:00:00,44.5
1973-06-01 00:00:00,2018-06-30 00:00:00,1996-12-11 00:00:00,45.5
1973-07-01 00:00:00,2018-06-30 00:00:00,1996-12-11 00:00:00,44.9
1973-08-01 00:00:00,2018-06-30 00:00:00,1996-12-11 00:00:00,47.5
1973-09-01 00:00:00,2018-06-30 00:00:00,1996-12-11 00:00:00,46.7
1973-10-01 00:00:00,2018-06-30 00:00:00,1996-12-11 00:00:00,46.3
1973-11-01 00:00:00,2018-06-30 00:00:00,1996-12-11 00:00:00,46.5
1973-12-01 00:00:00,2018-06-30 00:00:00,1996-12-11 00:00:00,47.4
1974-01-01 00:00:00,2018-06-30 00:00:00,1996-12-11 00:00:00,49.0
1974-02-01 00:00:00,2018-06-30 00:00:00,1996-12-11 00:00:00,50.0
1974-03-01 00:00:00,2018-06-30 00:00:00,1996-12-11 00:00:00,50.6
1974-04-01 00:00:00,2018-06-30 00:00:00,1996-12-11 00:00:00,51.0
1974-05-01 00:00:00,2018-06-30 00:00:00,1996-12-11 00:00:00,51.8
1974-06-01 00:00:00,2018-06-30 00:00:00,1996-12-11 00:00:00,52.0
1974-07-01 00:00:00,2018-06-30 00:00:00,1996-12-11 00:00:00,54.0
1974-08-01 00:00:00,2018-06-30 00:00:00,1996-12-11 00:00:00,55.9
1974-09-01 00:00:00,2018-06-30 00:00:00,1996-12-11 00:00:00,55.9
1974-10-01 00:00:00,2018-06-30 00:00:00,1996-12-11 00:00:00,56.9
1974-11-01 00:00:00,2018-06-30 00:00:00,1996-12-11 00:00:00,57.4
1974-12-01 00:00:00,2018-06-30 00:00:00,1996-12-11 00:00:00,57.3
1975-01-01 00:00:00,2018-06-30 00:00:00,1996-12-11 00:00:00,57.4
1975-02-01 00:00:00,2018-06-30 00:00:00,1996-12-11 00:00:00,57.2
1975-03-01 00:00:00,2018-06-30 00:00:00,1996-12-11 00:00:00,56.9
1975-04-01 00:00:00,2018-06-30 00:00:00,1996-12-11 00:00:00,57.5
1975-05-01 00:00:00,2018-06-30 00:00:00,1996-12-11 00:00:00,57.9
1975-06-01 00:00:00,2018-06-30 00:00:00,1996-12-11 00:00:00,58.0
1975-07-01 00:00:00,2018-06-30 00:00:00,1996-12-11 00:00:00,58.7
1975-08-01 00:00:00,2018-06-30 00:00:00,1996-12-11 00:00:00,59.0
1975-09-01 00:00:00,2018-06-30 00:00:00,1996-12-11 00:00:00,59.4
1975-10-01 00:00:00,2018-06-30 00:00:00,1996-12-11 00:00:00,59.8
1975-11-01 00:00:00,2018-06-30 00:00:00,1996-12-11 00:00:00,59.5
1975-12-01 00:00:00,2018-06-30 00:00:00,1996-12-11 00:00:00,59.7
1976-01-01 00:00:00,2018-06-30 00:00:00,1996-12-11 00:00:00,59.9
1976-02-01 00:00:00,2018-06-30 00:00:00,1996-12-11 00:00:00,59.9
1976-03-01 00:00:00,2018-06-30 00:00:00,1996-12-11 00:00:00,60.0
1976-04-01 00:00:00,2018-06-30 00:00:00,1996-12-11 00:00:00,60.6
1976-05-01 00:00:00,2018-06-30 00:00:00,1996-12-11 00:00:00,60.8
1976-06-01 00:00:00,2018-06-30 00:00:00,1996-12-11 00:00:00,61.2
1976-07-01 00:00:00,2018-06-30 00:00:00,1996-12-11 00:00:00,61.6
1976-08-01 00:00:00,2018-06-30 00:00:00,1996-12-11 00:00:00,61.4
1976-09-01 00:00:00,2018-06-30 00:00:00,1996-12-11 00:00:00,61.8
1976-10-01 00:00:00,2018-06-30 00:00:00,1996-12-11 00:00:00,61.9
1976-11-01 00:00:00,2018-06-30 00:00:00,1996-12-11 00:00:00,62.0
1976-12-01 00:00:00,2018-06-30 00:00:00,1996-12-11 00:00:00,62.5
1977-01-01 00:00:00,2018-06-30 00:00:00,1996-12-11 00:00:00,62.8
1977-02-01 00:00:00,2018-06-30 00:00:00,1996-12-11 00:00:00,63.5
1977-03-01 00:00:00,2018-06-30 00:00:00,1996-12-11 00:00:00,64.1
1977-04-01 00:00:00,2018-06-30 00:00:00,1996-12-11 00:00:00,64.9
1977-05-01 00:00:00,2018-06-30 00:00:00,1996-12-11 00:00:00,65.2
1977-06-01 00:00:00,2018-06-30 00:00:00,1996-12-11 00:00:00,65.0
1977-07-01 00:00:00,2018-06-30 00:00:00,1996-12-11 00:00:00,65.1
1977-08-01 00:00:00,2018-06-30 00:00:00,1996-12-11 00:00:00,65.0
1977-09-01 00:00:00,2018-06-30 00:00:00,1996-12-11 00:00:00,65.3
1977-10-01 00:00:00,2018-06-30 00:00:00,1996-12-11 00:00:00,65.6
1977-11-01 00:00:00,2018-06-30 00:00:00,1996-12-11 00:00:00,65.8
1977-12-01 00:00:00,2018-06-30 00:00:00,1996-12-11 00:00:00,66.2
1978-01-01 00:00:00,2018-06-30 00:00:00,1996-12-11 00:00:00,66.8
1978-02-01 00:00:00,2018-06-30 00:00:00,1996-12-11 00:00:00,67.5
1978-03-01 00:00:00,2018-06-30 00:00:00,1996-12-11 00:00:00,68.1
1978-04-01 00:00:00,2018-06-30 00:00:00,1996-12-11 00:00:00,69.0
1978-05-01 00:00:00,2018-06-30 00:00:00,1996-12-11 00:00:00,69.5
1978-06-01 00:00:00,2018-06-30 00:00:00,1996-12-11 00:00:00,70.0
1978-07-01 00:00:00,2018-06-30 00:00:00,1996-12-11 00:00:00,70.4
1978-08-01 00:00:00,2018-06-30 00:00:00,1996-12-11 00:00:00,70.4
1978-09-01 00:00:00,2018-06-30 00:00:00,1996-12-11 00:00:00,71.0
1978-10-01 00:00:00,2018-06-30 00:00:00,1996-12-11 00:00:00,71.8
1978-11-01 00:00:00,2018-06-30 00:00:00,1996-12-11 00:00:00,72.1
1978-12-01 00:00:00,2018-06-30 00:00:00,1996-12-11 00:00:00,72.7
1979-01-01 00:00:00,2018-06-30 00:00:00,1996-12-11 00:00:00,73.8
1979-02-01 00:00:00,2018-06-30 00:00:00,1996-12-11 00:00:00,74.9
1979-03-01 00:00:00,2018-06-30 00:00:00,1996-12-11 00:00:00,75.8
1979-04-01 00:00:00,2018-06-30 00:00:00,1996-12-11 00:00:00,76.9
1979-05-01 00:00:00,2018-06-30 00:00:00,1996-12-11 00:00:00,77.5
1979-06-01 00:00:00,2018-06-30 00:00:00,1996-12-11 00:00:00,78.0
1979-07-01 00:00:00,2018-06-30 00:00:00,1996-12-11 00:00:00,79.2
1979-08-01 00:00:00,2018-06-30 00:00:00,1996-12-11 00:00:00,79.6
1979-09-01 00:00:00,2018-06-30 00:00:00,1996-12-11 00:00:00,80.9
1979-10-01 00:00:00,2018-06-30 00:00:00,1996-12-11 00:00:00,82.1
1979-11-01 00:00:00,2018-06-30 00:00:00,1996-12-11 00:00:00,82.6
1979-12-01 00:00:00,2018-06-30 00:00:00,1996-12-11 00:00:00,83.4
1980-01-01 00:00:00,2018-06-30 00:00:00,1996-12-11 00:00:00,85.2
1980-02-01 00:00:00,2018-06-30 00:00:00,1996-12-11 00:00:00,86.9
1980-03-01 00:00:00,2018-06-30 00:00:00,1996-12-11 00:00:00,87.5
1980-04-01 00:00:00,2018-06-30 00:00:00,1996-12-11 00:00:00,87.8
1980-05-01 00:00:00,2018-06-30 00:00:00,1996-12-11 00:00:00,88.3
1980-06-01 00:00:00,2018-06-30 00:00:00,1996-12-11 00:00:00,88.7
1980-07-01 00:00:00,2018-06-30 00:00:00,1996-12-11 00:00:00,90.3
1980-08-01 00:00:00,2018-06-30 00:00:00,1996-12-11 00:00:00,91.5
1980-09-01 00:00:00,2018-06-30 00:00:00,1996-12-11 00:00:00,91.7
1980-10-01 00:00:00,2018-06-30 00:00:00,1996-12-11 00:00:00,92.8
1980-11-01 00:00:00,2018-06-30 00:00:00,1996-12-11 00:00:00,93.2
1980-12-01 00:00:00,2018-06-30 00:00:00,1996-12-11 00:00:00,93.8
1981-01-01 00:00:00,2018-06-30 00:00:00,1996-12-11 00:00:00,95.2
1981-02-01 00:00:00,2018-06-30 00:00:00,1996-12-11 00:00:00,96.1
1981-03-01 00:00:00,2018-06-30 00:00:00,1996-12-11 00:00:00,97.0
1981-04-01 00:00:00,2018-06-30 00:00:00,1996-12-11 00:00:00,98.0
1981-05-01 00:00:00,2018-06-30 00:00:00,1996-12-11 00:00:00,98.3
1981-06-01 00:00:00,2018-06-30 00:00:00,1996-12-11 00:00:00,98.5
1981-07-01 00:00:00,2018-06-30 00:00:00,1996-12-11 00:00:00,99.0
1981-08-01 00:00:00,2018-06-30 00:00:00,1996-12-11 00:00:00,99.0
1981-09-01 00:00:00,2018-06-30 00:00:00,1996-12-11 00:00:00,98.8
1981-10-01 00:00:00,2018-06-30 00:00:00,1996-12-11 00:00:00,98.9
1981-11-01 00:00:00,2018-06-30 00:00:00,1996-12-11 00:00:00,98.8
1981-12-01 00:00:00,2018-06-30 00:00:00,1996-12-11 00:00:00,98.8
1982-01-01 00:00:00,2018-06-30 00:00:00,1996-12-11 00:00:00,99.7
1982-02-01 00:00:00,2018-06-30 00:00:00,1996-12-11 00:00:00,99.8
1982-03-01 00:00:00,2018-06-30 00:00:00,1996-12-11 00:00:00,99.6
1982-04-01 00:00:00,2018-06-30 00:00:00,1996-12-11 00:00:00,99.6
1982-05-01 00:00:00,2018-06-30 00:00:00,1996-12-11 00:00:00,99.8
1982-06-01 00:00:00,2018-06-30 00:00:00,1996-12-11 00:00:00,100.0
1982-07-01 00:00:00,2018-06-30 00:00:00,1996-12-11 00:00:00,100.4
1982-08-01 00:00:00,2018-06-30 00:00:00,1996-12-11 00:00:00,100.3
1982-09-01 00:00:00,2018-06-30 00:00:00,1996-12-11 00:00:00,100.0
1982-10-01 00:00:00,2018-06-30 00:00:00,1996-12-11 00:00:00,100.2
1982-11-01 00:00:00,2018-06-30 00:00:00,1996-12-11 00:00:00,100.3
1982-12-01 00:00:00,2018-06-30 00:00:00,1996-12-11 00:00:00,100.5
1983-01-01 00:00:00,2018-06-30 00:00:00,1996-12-11 00:00:00,100.2
1983-02-01 00:00:00,2018-06-30 00:00:00,1996-12-11 00:00:00,100.5
1983-03-01 00:00:00,2018-06-30 00:00:00,1996-12-11 00:00:00,100.4
1983-04-01 00:00:00,2018-06-30 00:00:00,1996-12-11 00:00:00,100.4
1983-05-01 00:00:00,2018-06-30 00:00:00,1996-12-11 00:00:00,100.8
1983-06-01 00:00:00,2018-06-30 00:00:00,1996-12-11 00:00:00,101.0
1983-07-01 00:00:00,2018-06-30 00:00:00,1996-12-11 00:00:00,101.3
1983-08-01 00:00:00,2018-06-30 00:00:00,1996-12-11 00:00:00,101.8
1983-09-01 00:00:00,2018-06-30 00:00:00,1996-12-11 00:00:00,102.0
1983-10-01 00:00:00,2018-06-30 00:00:00,1996-12-11 00:00:00,102.2
1983-11-01 00:00:00,2018-06-30 00:00:00,1996-12-11 00:00:00,102.1
1983-12-01 00:00:00,2018-06-30 00:00:00,1996-12-11 00:00:00,102.3
1984-01-01 00:00:00,2018-06-30 00:00:00,1996-12-11 00:00:00,102.9
1984-02-01 00:00:00,2018-06-30 00:00:00,1996-12-11 00:00:00,103.2
1984-03-01 00:00:00,2018-06-30 00:00:00,1996-12-11 00:00:00,103.9
1984-04-01 00:00:00,2018-06-30 00:00:00,1996-12-11 00:00:00,104.0
1984-05-01 00:00:00,2018-06-30 00:00:00,1996-12-11 00:00:00,104.1
1984-06-01 00:00:00,2018-06-30 00:00:00,1996-12-11 00:00:00,104.0
1984-07-01 00:00:00,2018-06-30 00:00:00,1996-12-11 00:00:00,104.2
1984-08-01 00:00:00,2018-06-30 00:00:00,1996-12-11 00:00:00,103.8
1984-09-01 00:00:00,2018-06-30 00:00:00,1996-12-11 00:00:00,103.4
1984-10-01 00:00:00,2018-06-30 00:00:00,1996-12-11 00:00:00,103.4
1984-11-01 00:00:00,2018-06-30 00:00:00,1996-12-11 00:00:00,103.7
1984-12-01 00:00:00,2018-06-30 00:00:00,1996-12-11 00:00:00,103.5
1985-01-01 00:00:00,2018-06-30 00:00:00,1996-12-11 00:00:00,103.4
1985-02-01 00:00:00,2018-06-30 00:00:00,1996-12-11 00:00:00,103.3
1985-03-01 00:00:00,2018-06-30 00:00:00,1996-12-11 00:00:00,103.1
1985-04-01 00:00:00,2018-06-30 00:00:00,1996-12-11 00:00:00,103.3
1985-05-01 00:00:00,2018-06-30 00:00:00,1996-12-11 00:00:00,103.5
1985-06-01 00:00:00,2018-06-30 00:00:00,1996-12-11 00:00:00,103.3
1985-07-01 00:00:00,2018-06-30 00:00:00,1996-12-11 00:00:00,103.2
1985-08-01 00:00:00,2018-06-30 00:00:00,1996-12-11 00:00:00,102.7
1985-09-01 00:00:00,2018-06-30 00:00:00,1996-12-11 00:00:00,102.1
1985-10-01 00:00:00,2018-06-30 00:00:00,1996-12-11 00:00:00,102.9
1985-11-01 00:00:00,2018-06-30 00:00:00,1996-12-11 00:00:00,103.4
1985-12-01 00:00:00,2018-06-30 00:00:00,1996-12-11 00:00:00,103.6
1986-01-01 00:00:00,2018-06-30 00:00:00,1996-12-11 00:00:00,103.2
1986-02-01 00:00:00,2018-06-30 00:00:00,1996-12-11 00:00:00,101.7
1986-03-01 00:00:00,2018-06-30 00:00:00,1996-12-11 00:00:00,100.3
1986-04-01 00:00:00,2018-06-30 00:00:00,1996-12-11 00:00:00,99.6
1986-05-01 00:00:00,2018-06-30 00:00:00,1996-12-11 00:00:00,100.0
1986-06-01 00:00:00,2018-06-30 00:00:00,1996-12-11 00:00:00,99.9
1986-07-01 00:00:00,2018-06-30 00:00:00,1996-12-11 00:00:00,99.4
1986-08-01 00:00:00,2018-06-30 00:00:00,1996-12-11 00:00:00,99.3
1986-09-01 00:00:00,2018-06-30 00:00:00,1996-12-11 00:00:00,99.4
1986-10-01 00:00:00,2018-06-30 00:00:00,1996-12-11 00:00:00,99.7
1986-11-01 00:00:00,2018-06-30 00:00:00,1996-12-11 00:00:00,99.8
1986-12-01 00:00:00,2018-06-30 00:00:00,1996-12-11 00:00:00,99.7
1987-01-01 00:00:00,2018-06-30 00:00:00,1996-12-11 00:00:00,100.5
1987-02-01 00:00:00,2018-06-30 00:00:00,1996-12-11 00:00:00,101.0
1987-03-01 00:00:00,2018-06-30 00:00:00,1996-12-11 00:00:00,101.2
1987-04-01 00:00:00,2018-06-30 00:00:00,1996-12-11 00:00:00,101.9
1987-05-01 00:00:00,2018-06-30 00:00:00,1996-12-11 00:00:00,102.6
1987-06-01 00:00:00,2018-06-30 00:00:00,1996-12-11 00:00:00,103.0
1987-07-01 00:00:00,2018-06-30 00:00:00,1996-12-11 00:00:00,103.5
1987-08-01 00:00:00,2018-06-30 00:00:00,1996-12-11 00:00:00,103.8
1987-09-01 00:00:00,2018-06-30 00:00:00,1996-12-11 00:00:00,103.7
1987-10-01 00:00:00,2018-06-30 00:00:00,1996-12-11 00:00:00,104.1
1987-11-01 00:00:00,2018-06-30 00:00:00,1996-12-11 00:00:00,104.2
1987-12-01 00:00:00,2018-06-30 00:00:00,1996-12-11 00:00:00,104.2
1988-01-01 00:00:00,2018-06-30 00:00:00,1996-12-11 00:00:00,104.6
1988-02-01 00:00:00,2018-06-30 00:00:00,1996-12-11 00:00:00,104.8
1988-03-01 00:00:00,2018-06-30 00:00:00,1996-12-11 00:00:00,104.9
1988-04-01 00:00:00,2018-06-30 00:00:00,1996-12-11 00:00:00,105.8
1988-05-01 00:00:00,2018-06-30 00:00:00,1996-12-11 00:00:00,106.5
1988-06-01 00:00:00,2018-06-30 00:00:00,1996-12-11 00:00:00,107.2
1988-07-01 00:00:00,2018-06-30 00:00:00,1996-12-11 00:00:00,107.9
1988-08-01 00:00:00,2018-06-30 00:00:00,1996-12-11 00:00:00,108.0
1988-09-01 00:00:00,2018-06-30 00:00:00,1996-12-11 00:00:00,108.1
1988-10-01 00:00:00,2018-06-30 00:00:00,1996-12-11 00:00:00,108.2
1988-11-01 00:00:00,2018-06-30 00:00:00,1996-12-11 00:00:00,108.3
1988-12-01 00:00:00,2018-06-30 00:00:00,1996-12-11 00:00:00,109.0
1989-01-01 00:00:00,2018-06-30 00:00:00,1996-12-11 00:00:00,110.5
1989-02-01 00:00:00,2018-06-30 00:00:00,1996-12-11 00:00:00,110.8
1989-03-01 00:00:00,2018-06-30 00:00:00,1996-12-11 00:00:00,111.5
1989-04-01 00:00:00,2018-06-30 00:00:00,1996-12-11 00:00:00,112.3
1989-05-01 00:00:00,2018-06-30 00:00:00,1996-12-11 00:00:00,113.2
1989-06-01 00:00:00,2018-06-30 00:00:00,1996-12-11 00:00:00,112.9
1989-07-01 00:00:00,2018-06-30 00:00:00,1996-12-11 00:00:00,112.8
1989-08-01 00:00:00,2018-06-30 00:00:00,1996-12-11 00:00:00,112.0
1989-09-01 00:00:00,2018-06-30 00:00:00,1996-12-11 00:00:00,112.4
1989-10-01 00:00:00,2018-06-30 00:00:00,1996-12-11 00:00:00,112.8
1989-11-01 00:00:00,2018-06-30 00:00:00,1996-12-11 00:00:00,112.7
1989-12-01 00:00:00,2018-06-30 00:00:00,1996-12-11 00:00:00,113.0
1990-01-01 00:00:00,2018-06-30 00:00:00,1996-12-11 00:00:00,114.9
1990-02-01 00:00:00,2018-06-30 00:00:00,1996-12-11 00:00:00,114.4
1990-03-01 00:00:00,2018-06-30 00:00:00,1996-12-11 00:00:00,114.2
1990-04-01 00:00:00,2018-06-30 00:00:00,1996-12-11 00:00:00,114.1
1990-05-01 00:00:00,2018-06-30 00:00:00,1996-12-11 00:00:00,114.6
1990-06-01 00:00:00,2018-06-30 00:00:00,1996-12-11 00:00:00,114.3
1990-07-01 00:00:00,2018-06-30 00:00:00,1996-12-11 00:00:00,114.5
1990-08-01 00:00:00,2018-06-30 00:00:00,1996-12-11 00:00:00,116.5
1990-09-01 00:00:00,2018-06-30 00:00:00,1996-12-11 00:00:00,118.4
1990-10-01 00:00:00,2018-06-30 00:00:00,1996-12-11 00:00:00,120.8
1990-11-01 00:00:00,2018-06-30 00:00:00,1996-12-11 00:00:00,120.1
1990-12-01 00:00:00,2018-06-30 00:00:00,1996-12-11 00:00:00,118.7
1991-01-01 00:00:00,2018-06-30 00:00:00,1996-12-11 00:00:00,119.0
1991-02-01 00:00:00,2018-06-30 00:00:00,1996-12-11 00:00:00,117.2
1991-03-01 00:00:00,2018-06-30 00:00:00,1996-12-11 00:00:00,116.2
1991-04-01 00:00:00,2018-06-30 00:00:00,1996-12-11 00:00:00,116.0
1991-05-01 00:00:00,2018-06-30 00:00:00,1996-12-11 00:00:00,116.5
1991-06-01 00:00:00,2018-06-30 00:00:00,1996-12-11 00:00:00,116.4
1991-07-01 00:00:00,2018-06-30 00:00:00,1996-12-11 00:00:00,116.1
1991-08-01 00:00:00,2018-06-30 00:00:00,1996-12-11 00:00:00,116.2
1991-09-01 00:00:00,2018-06-30 00:00:00,1996-12-11 00:00:00,116.1
1991-10-01 00:00:00,2018-06-30 00:00:00,1996-12-11 00:00:00,116.4
1991-11-01 00:00:00,2018-06-30 00:00:00,1996-12-11 00:00:00,116.4
1991-12-01 00:00:00,2018-06-30 00:00:00,1996-12-11 00:00:00,115.9
1992-01-01 00:00:00,2018-06-30 00:00:00,1996-12-11 00:00:00,115.6
1992-02-01 00:00:00,2018-06-30 00:00:00,1996-12-11 00:00:00,116.0
1992-03-01 00:00:00,2018-06-30 00:00:00,1996-12-11 00:00:00,116.1
1992-04-01 00:00:00,2018-06-30 00:00:00,1996-12-11 00:00:00,116.3
1992-05-01 00:00:00,2018-06-30 00:00:00,1996-12-11 00:00:00,117.2
1992-06-01 00:00:00,2018-06-30 00:00:00,1996-12-11 00:00:00,118.0
1992-07-01 00:00:00,2018-06-30 00:00:00,1996-12-11 00:00:00,117.9
1992-08-01 00:00:00,2018-06-30 00:00:00,1996-12-11 00:00:00,117.7
1992-09-01 00:00:00,2018-06-30 00:00:00,1996-12-11 00:00:00,118.0
1992-10-01 00:00:00,2018-06-30 00:00:00,1996-12-11 00:00:00,118.1
1992-11-01 00:00:00,2018-06-30 00:00:00,1996-12-11 00:00:00,117.8
1992-12-01 00:00:00,2018-06-30 00:00:00,1996-12-11 00:00:00,117.6
1993-01-01 00:00:00,2018-06-30 00:00:00,1996-12-11 00:00:00,118.0
1993-02-01 00:00:00,2018-06-30 00:00:00,1996-12-11 00:00:00,118.4
1993-03-01 00:00:00,2018-06-30 00:00:00,1996-12-11 00:00:00,118.7
1993-04-01 00:00:00,2018-06-30 00:00:00,1996-12-11 00:00:00,119.3
1993-05-01 00:00:00,2018-06-30 00:00:00,1996-12-11 00:00:00,119.7
1993-06-01 00:00:00,2018-06-30 00:00:00,1996-12-11 00:00:00,119.5
1993-07-01 00:00:00,2018-06-30 00:00:00,1996-12-11 00:00:00,119.2
1993-08-01 00:00:00,2018-06-30 00:00:00,1996-12-11 00:00:00,118.7
1993-09-01 00:00:00,2018-06-30 00:00:00,1996-12-11 00:00:00,118.7
1993-10-01 00:00:00,2018-06-30 00:00:00,1996-12-11 00:00:00,119.1
1993-11-01 00:00:00,2018-06-30 00:00:00,1996-12-11 00:00:00,119.0
1993-12-01 00:00:00,2018-06-30 00:00:00,1996-12-11 00:00:00,118.6
1994-01-01 00:00:00,2018-06-30 00:00:00,1996-12-11 00:00:00,119.1
1994-02-01 00:00:00,2018-06-30 00:00:00,1996-12-11 00:00:00,119.3
1994-03-01 00:00:00,2018-06-30 00:00:00,1996-12-11 00:00:00,119.7
1994-04-01 00:00:00,2018-06-30 00:00:00,1996-12-11 00:00:00,119.7
1994-05-01 00:00:00,2018-06-30 00:00:00,1996-12-11 00:00:00,119.9
1994-06-01 00:00:00,2018-06-30 00:00:00,1996-12-11 00:00:00,120.5
1994-07-01 00:00:00,2018-06-30 00:00:00,1996-12-11 00:00:00,120.7
1994-08-01 00:00:00,2018-06-30 00:00:00,1996-12-11 00:00:00,121.2
1994-09-01 00:00:00,2018-06-30 00:00:00,1996-12-11 00:00:00,121.0
1994-10-01 00:00:00,2018-06-30 00:00:00,1996-12-11 00:00:00,120.9
1994-11-01 00:00:00,2018-06-30 00:00:00,1996-12-11 00:00:00,121.5
1994-12-01 00:00:00,2018-06-30 00:00:00,1996-12-11 00:00:00,121.9
1995-01-01 00:00:00,2018-06-30 00:00:00,1996-12-11 00:00:00,122.9
1995-02-01 00:00:00,2018-06-30 00:00:00,1996-12-11 00:00:00,123.5
1995-03-01 00:00:00,2018-06-30 00:00:00,1996-12-11 00:00:00,123.9
1995-04-01 00:00:00,2018-06-30 00:00:00,1996-12-11 00:00:00,124.6
1995-05-01 00:00:00,2018-06-30 00:00:00,1996-12-11 00:00:00,124.9
1995-06-01 00:00:00,2018-06-30 00:00:00,1996-12-11 00:00:00,125.3
1995-07-01 00:00:00,2018-06-30 00:00:00,1996-12-11 00:00:00,125.3
1995-08-01 00:00:00,2018-06-30 00:00:00,1996-12-11 00:00:00,125.1
1995-09-01 00:00:00,2018-06-30 00:00:00,1996-12-11 00:00:00,125.2
1995-10-01 00:00:00,2018-06-30 00:00:00,1996-12-11 00:00:00,125.3
1995-11-01 00:00:00,2018-06-30 00:00:00,1996-12-11 00:00:00,125.4
1995-12-01 00:00:00,2018-06-30 00:00:00,1996-12-11 00:00:00,125.7
1996-01-01 00:00:00,2018-06-30 00:00:00,1996-12-11 00:00:00,126.3
1996-02-01 00:00:00,2018-06-30 00:00:00,1996-12-11 00:00:00,126.2
1996-03-01 00:00:00,2018-06-30 00:00:00,1996-12-11 00:00:00,126.4
1996-04-01 00:00:00,2018-06-30 00:00:00,1996-12-11 00:00:00,127.4
1996-05-01 00:00:00,2018-06-30 00:00:00,1996-12-11 00:00:00,128.1
1996-06-01 00:00:00,2018-06-30 00:00:00,1996-12-11 00:00:00,128.0
1996-07-01 00:00:00,2018-06-30 00:00:00,1996-12-11 00:00:00,128.0
1996-08-01 00:00:00,1997-01-08 00:00:00,1996-12-11 00:00:00,128.1
1996-08-01 00:00:00,2018-06-30 00:00:00,1997-01-09 00:00:00,128.3
1996-09-01 00:00:00,1997-02-13 00:00:00,1996-12-11 00:00:00,128.0
1996-09-01 00:00:00,2018-06-30 00:00:00,1997-02-14 00:00:00,128.2
1996-10-01 00:00:00,1997-03-13 00:00:00,1996-12-11 00:00:00,127.9
1996-10-01 00:00:00,2018-06-30 00:00:00,1997-03-14 00:00:00,128.0
1996-11-01 00:00:00,1997-04-10 00:00:00,1996-12-11 00:00:00,128.1
1996-11-01 00:00:00,2018-06-30 00:00:00,1997-04-11 00:00:00,128.2
1996-12-01 00:00:00,1997-05-13 00:00:00,1997-01-09 00:00:00,128.8
1996-12-01 00:00:00,2018-06-30 00:00:00,1997-05-14 00:00:00,129.1
1997-01-01 00:00:00,2018-06-30 00:00:00,1997-02-14 00:00:00,129.7
1997-02-01 00:00:00,1997-07-10 00:00:00,1997-03-14 00:00:00,128.7
1997-02-01 00:00:00,2018-06-30 00:00:00,1997-07-11 00:00:00,128.5
1997-03-01 00:00:00,1997-08-12 00:00:00,1997-04-11 00:00:00,127.7
1997-03-01 00:00:00,2018-06-30 00:00:00,1997-08-13 00:00:00,127.3
1997-04-01 00:00:00,1997-09-11 00:00:00,1997-05-14 00:00:00,127.2
1997-04-01 00:00:00,2018-06-30 00:00:00,1997-09-12 00:00:00,127.0
1997-05-01 00:00:00,1997-10-09 00:00:00,1997-06-13 00:00:00,127.3
1997-05-01 00:00:00,2018-06-30 00:00:00,1997-10-10 00:00:00,127.4
1997-06-01 00:00:00,2018-06-30 00:00:00,1997-07-11 00:00:00,127.2
1997-07-01 00:00:00,2018-06-30 00:00:00,1997-08-13 00:00:00,126.9
1997-08-01 00:00:00,2018-06-30 00:00:00,1997-09-12 00:00:00,127.2
1997-09-01 00:00:00,2018-06-30 00:00:00,1997-10-10 00:00:00,127.5
1997-10-01 00:00:00,2018-06-30 00:00:00,1997-11-14 00:00:00,127.8
1997-11-01 00:00:00,1998-04-08 00:00:00,1997-12-12 00:00:00,127.8
1997-11-01 00:00:00,2018-06-30 00:00:00,1998-04-09 00:00:00,127.9
1997-12-01 00:00:00,1998-05-12 00:00:00,1998-01-08 00:00:00,126.7
1997-12-01 00:00:00,2018-06-30 00:00:00,1998-05-13 00:00:00,126.8
1998-01-01 00:00:00,1998-06-11 00:00:00,1998-02-18 00:00:00,125.5
1998-01-01 00:00:00,2018-06-30 00:00:00,1998-06-12 00:00:00,125.4
1998-02-01 00:00:00,1998-07-09 00:00:00,1998-03-13 00:00:00,125.1
1998-02-01 00:00:00,2018-06-30 00:00:00,1998-07-10 00:00:00,125.0
1998-03-01 00:00:00,1998-08-13 00:00:00,1998-04-09 00:00:00,124.5
1998-03-01 00:00:00,2018-06-30 00:00:00,1998-08-14 00:00:00,124.7
1998-04-01 00:00:00,1998-09-10 00:00:00,1998-05-13 00:00:00,124.7
1998-04-01 00:00:00,2018-06-30 00:00:00,1998-09-11 00:00:00,124.9
1998-05-01 00:00:00,1998-10-14 00:00:00,1998-06-12 00:00:00,124.9
1998-05-01 00:00:00,2018-06-30 00:00:00,1998-10-15 00:00:00,125.1
1998-06-01 00:00:00,2018-06-30 00:00:00,1998-07-10 00:00:00,124.8
1998-07-01 00:00:00,1998-12-10 00:00:00,1998-08-14 00:00:00,124.8
1998-07-01 00:00:00,2018-06-30 00:00:00,1998-12-11 00:00:00,124.9
1998-08-01 00:00:00,2018-06-30 00:00:00,1998-09-11 00:00:00,124.2
1998-09-01 00:00:00,1999-02-17 00:00:00,1998-10-15 00:00:00,123.9
1998-09-01 00:00:00,2018-06-30 00:00:00,1999-02-18 00:00:00,123.8
1998-10-01 00:00:00,2018-06-30 00:00:00,1998-11-13 00:00:00,124.0
1998-11-01 00:00:00,1999-04-08 00:00:00,1998-12-11 00:00:00,123.5
1998-11-01 00:00:00,2018-06-30 00:00:00,1999-04-09 00:00:00,123.6
1998-12-01 00:00:00,1999-05-12 00:00:00,1999-01-12 00:00:00,122.7
1998-12-01 00:00:00,2018-06-30 00:00:00,1999-05-13 00:00:00,122.8
1999-01-01 00:00:00,1999-06-10 00:00:00,1999-02-18 00:00:00,123.2
1999-01-01 00:00:00,2018-06-30 00:00:00,1999-06-11 00:00:00,122.9
1999-02-01 00:00:00,1999-07-13 00:00:00,1999-03-12 00:00:00,122.4
1999-02-01 00:00:00,2018-06-30 00:00:00,1999-07-14 00:00:00,122.3
1999-03-01 00:00:00,1999-08-12 00:00:00,1999-04-09 00:00:00,122.8
1999-03-01 00:00:00,2018-06-30 00:00:00,1999-08-13 00:00:00,122.6
1999-04-01 00:00:00,1999-09-09 00:00:00,1999-05-13 00:00:00,123.5
1999-04-01 00:00:00,2018-06-30 00:00:00,1999-09-10 00:00:00,123.6
1999-05-01 00:00:00,1999-10-14 00:00:00,1999-06-11 00:00:00,124.5
1999-05-01 00:00:00,2018-06-30 00:00:00,1999-10-15 00:00:00,124.7
1999-06-01 00:00:00,1999-11-09 00:00:00,1999-07-14 00:00:00,125.1
1999-06-01 00:00:00,2018-06-30 00:00:00,1999-11-10 00:00:00,125.2
1999-07-01 00:00:00,1999-12-09 00:00:00,1999-08-13 00:00:00,125.5
1999-07-01 00:00:00,2018-06-30 00:00:00,1999-12-10 00:00:00,125.7
1999-08-01 00:00:00,2000-01-12 00:00:00,1999-09-10 00:00:00,126.8
1999-08-01 00:00:00,2018-06-30 00:00:00,2000-01-13 00:00:00,126.9
1999-09-01 00:00:00,2018-06-30 00:00:00,1999-10-15 00:00:00,128.0
1999-10-01 00:00:00,2000-03-15 00:00:00,1999-11-10 00:00:00,127.9
1999-10-01 00:00:00,2018-06-30 00:00:00,2000-03-16 00:00:00,127.7
1999-11-01 00:00:00,2000-04-12 00:00:00,1999-12-10 00:00:00,128.4
1999-11-01 00:00:00,2018-06-30 00:00:00,2000-04-13 00:00:00,128.3
1999-12-01 00:00:00,2000-05-11 00:00:00,2000-01-13 00:00:00,128.0
1999-12-01 00:00:00,2018-06-30 00:00:00,2000-05-12 00:00:00,127.8
2000-01-01 00:00:00,2018-06-30 00:00:00,2000-02-17 00:00:00,128.3
2000-02-01 00:00:00,2018-06-30 00:00:00,2000-03-16 00:00:00,129.8
2000-03-01 00:00:00,2000-08-10 00:00:00,2000-04-13 00:00:00,131.0
2000-03-01 00:00:00,2018-06-30 00:00:00,2000-08-11 00:00:00,130.8
2000-04-01 00:00:00,2018-06-30 00:00:00,2000-05-12 00:00:00,130.7
2000-05-01 00:00:00,2018-06-30 00:00:00,2000-06-09 00:00:00,131.6
2000-06-01 00:00:00,2000-11-08 00:00:00,2000-07-14 00:00:00,133.3
2000-06-01 00:00:00,2018-06-30 00:00:00,2000-11-09 00:00:00,133.8
2000-07-01 00:00:00,2000-12-13 00:00:00,2000-08-11 00:00:00,133.2
2000-07-01 00:00:00,2018-06-30 00:00:00,2000-12-14 00:00:00,133.7
2000-08-01 00:00:00,2018-06-30 00:00:00,2000-09-14 00:00:00,132.9
2000-09-01 00:00:00,2001-02-15 00:00:00,2000-10-13 00:00:00,134.5
2000-09-01 00:00:00,2018-06-30 00:00:00,2001-02-16 00:00:00,134.7
2000-10-01 00:00:00,2001-03-15 00:00:00,2000-11-09 00:00:00,135.1
2000-10-01 00:00:00,2018-06-30 00:00:00,2001-03-16 00:00:00,135.4
2000-11-01 00:00:00,2001-04-11 00:00:00,2000-12-14 00:00:00,134.6
2000-11-01 00:00:00,2018-06-30 00:00:00,2001-04-12 00:00:00,135.0
2000-12-01 00:00:00,2001-05-10 00:00:00,2001-01-12 00:00:00,135.7
2000-12-01 00:00:00,2018-06-30 00:00:00,2001-05-11 00:00:00,136.2
2001-01-01 00:00:00,2001-06-13 00:00:00,2001-02-16 00:00:00,138.8
2001-01-01 00:00:00,2018-06-30 00:00:00,2001-06-14 00:00:00,140.0
2001-02-01 00:00:00,2001-07-12 00:00:00,2001-03-16 00:00:00,136.5
2001-02-01 00:00:00,2018-06-30 00:00:00,2001-07-13 00:00:00,137.4
2001-03-01 00:00:00,2018-06-30 00:00:00,2001-04-12 00:00:00,135.9
2001-04-01 00:00:00,2001-09-13 00:00:00,2001-05-11 00:00:00,136.3
2001-04-01 00:00:00,2018-06-30 00:00:00,2001-09-14 00:00:00,136.4
2001-05-01 00:00:00,2001-10-11 00:00:00,2001-06-14 00:00:00,136.6
2001-05-01 00:00:00,2018-06-30 00:00:00,2001-10-12 00:00:00,136.8
2001-06-01 00:00:00,2001-11-08 00:00:00,2001-07-13 00:00:00,135.7
2001-06-01 00:00:00,2018-06-30 00:00:00,2001-11-09 00:00:00,135.5
2001-07-01 00:00:00,2001-12-12 00:00:00,2001-08-10 00:00:00,133.9
2001-07-01 00:00:00,2018-06-30 00:00:00,2001-12-13 00:00:00,133.4
2001-08-01 00:00:00,2002-01-10 00:00:00,2001-09-14 00:00:00,133.5
2001-08-01 00:00:00,2018-06-30 00:00:00,2002-01-11 00:00:00,133.4
2001-09-01 00:00:00,2002-02-12 00:00:00,2001-10-12 00:00:00,133.4
2001-09-01 00:00:00,2018-06-30 00:00:00,2002-02-13 00:00:00,133.3
2001-10-01 00:00:00,2002-03-14 00:00:00,2001-11-09 00:00:00,130.2
2001-10-01 00:00:00,2018-06-30 00:00:00,2002-03-15 00:00:00,130.3
2001-11-01 00:00:00,2002-04-11 00:00:00,2001-12-13 00:00:00,130.1
2001-11-01 00:00:00,2018-06-30 00:00:00,2002-04-12 00:00:00,129.8
2001-12-01 00:00:00,2002-05-09 00:00:00,2002-01-11 00:00:00,128.0
2001-12-01 00:00:00,2018-06-30 00:00:00,2002-05-10 00:00:00,128.1
2002-01-01 00:00:00,2018-06-30 00:00:00,2002-02-15 00:00:00,128.5
2002-02-01 00:00:00,2002-07-10 00:00:00,2002-03-15 00:00:00,128.6
2002-02-01 00:00:00,2018-06-30 00:00:00,2002-07-11 00:00:00,128.4
2002-03-01 00:00:00,2002-08-07 00:00:00,2002-04-12 00:00:00,129.9
2002-03-01 00:00:00,2018-06-30 00:00:00,2002-08-08 00:00:00,129.8
2002-04-01 00:00:00,2002-09-12 00:00:00,2002-05-10 00:00:00,131.0
2002-04-01 00:00:00,2018-06-30 00:00:00,2002-09-13 00:00:00,130.8
2002-05-01 00:00:00,2002-10-10 00:00:00,2002-06-13 00:00:00,131.0
2002-05-01 00:00:00,2018-06-30 00:00:00,2002-10-11 00:00:00,130.8
2002-06-01 00:00:00,2002-11-14 00:00:00,2002-07-11 00:00:00,131.1
2002-06-01 00:00:00,2018-06-30 00:00:00,2002-11-15 00:00:00,130.9
2002-07-01 00:00:00,2018-06-30 00:00:00,2002-08-08 00:00:00,131.2
2002-08-01 00:00:00,2018-06-30 00:00:00,2002-09-13 00:00:00,131.5
2002-09-01 00:00:00,2003-02-19 00:00:00,2002-10-11 00:00:00,132.0
2002-09-01 00:00:00,2018-06-30 00:00:00,2003-02-20 00:00:00,132.3
2002-10-01 00:00:00,2003-03-13 00:00:00,2002-11-15 00:00:00,133.1
2002-10-01 00:00:00,2018-06-30 00:00:00,2003-03-14 00:00:00,133.2
2002-11-01 00:00:00,2003-04-10 00:00:00,2002-12-13 00:00:00,133.2
2002-11-01 00:00:00,2018-06-30 00:00:00,2003-04-11 00:00:00,133.1
2002-12-01 00:00:00,2003-05-14 00:00:00,2003-01-15 00:00:00,133.0
2002-12-01 00:00:00,2018-06-30 00:00:00,2003-05-15 00:00:00,132.9
2003-01-01 00:00:00,2003-06-12 00:00:00,2003-02-20 00:00:00,135.5
2003-01-01 00:00:00,2018-06-30 00:00:00,2003-06-13 00:00:00,135.3
2003-02-01 00:00:00,2003-07-10 00:00:00,2003-03-14 00:00:00,137.8
2003-02-01 00:00:00,2018-06-30 00:00:00,2003-07-11 00:00:00,137.6
2003-03-01 00:00:00,2003-08-13 00:00:00,2003-04-11 00:00:00,141.4
2003-03-01 00:00:00,2018-06-30 00:00:00,2003-08-14 00:00:00,141.2
2003-04-01 00:00:00,2018-06-30 00:00:00,2003-05-15 00:00:00,136.8
2003-05-01 00:00:00,2018-06-30 00:00:00,2003-06-13 00:00:00,136.7
2003-06-01 00:00:00,2018-06-30 00:00:00,2003-07-11 00:00:00,138.0
2003-07-01 00:00:00,2003-12-11 00:00:00,2003-08-14 00:00:00,137.8
2003-07-01 00:00:00,2018-06-30 00:00:00,2003-12-12 00:00:00,137.7
2003-08-01 00:00:00,2018-06-30 00:00:00,2003-09-12 00:00:00,138.0
2003-09-01 00:00:00,2018-06-30 00:00:00,2003-10-10 00:00:00,138.5
2003-10-01 00:00:00,2004-03-31 00:00:00,2003-11-14 00:00:00,139.4
2003-10-01 00:00:00,2018-06-30 00:00:00,2004-04-01 00:00:00,139.3
2003-11-01 00:00:00,2018-06-30 00:00:00,2003-12-12 00:00:00,138.9
2003-12-01 00:00:00,2004-05-12 00:00:00,2004-01-14 00:00:00,139.4
2003-12-01 00:00:00,2018-06-30 00:00:00,2004-05-13 00:00:00,139.5
2004-01-01 00:00:00,2004-03-31 00:00:00,2004-03-18 00:00:00,143.0
2004-01-01 00:00:00,2004-04-04 00:00:00,2004-04-01 00:00:00,
2004-01-01 00:00:00,2004-06-16 00:00:00,2004-04-05 00:00:00,141.0
2004-01-01 00:00:00,2018-06-30 00:00:00,2004-06-17 00:00:00,141.4
2004-02-01 00:00:00,2004-07-14 00:00:00,2004-04-01 00:00:00,141.8
2004-02-01 00:00:00,2018-06-30 00:00:00,2004-07-15 00:00:00,142.1
2004-03-01 00:00:00,2004-08-12 00:00:00,2004-04-22 00:00:00,142.7
2004-03-01 00:00:00,2018-06-30 00:00:00,2004-08-13 00:00:00,143.1
2004-04-01 00:00:00,2004-09-09 00:00:00,2004-05-13 00:00:00,144.5
2004-04-01 00:00:00,2018-06-30 00:00:00,2004-09-10 00:00:00,144.8
2004-05-01 00:00:00,2004-10-14 00:00:00,2004-06-17 00:00:00,146.6
2004-05-01 00:00:00,2018-06-30 00:00:00,2004-10-15 00:00:00,146.8
2004-06-01 00:00:00,2004-11-15 00:00:00,2004-07-15 00:00:00,147.1
2004-06-01 00:00:00,2018-06-30 00:00:00,2004-11-16 00:00:00,147.2
2004-07-01 00:00:00,2004-12-09 00:00:00,2004-08-13 00:00:00,147.6
2004-07-01 00:00:00,2018-06-30 00:00:00,2004-12-10 00:00:00,147.4
2004-08-01 00:00:00,2005-01-13 00:00:00,2004-09-10 00:00:00,147.9
2004-08-01 00:00:00,2018-06-30 00:00:00,2005-01-14 00:00:00,148.0
2004-09-01 00:00:00,2018-06-30 00:00:00,2004-10-15 00:00:00,147.7
2004-10-01 00:00:00,2005-03-21 00:00:00,2004-11-16 00:00:00,149.8
2004-10-01 00:00:00,2018-06-30 00:00:00,2005-03-22 00:00:00,150.0
2004-11-01 00:00:00,2005-04-18 00:00:00,2004-12-10 00:00:00,151.3
2004-11-01 00:00:00,2018-06-30 00:00:00,2005-04-19 00:00:00,151.4
2004-12-01 00:00:00,2005-05-16 00:00:00,2005-01-14 00:00:00,150.1
2004-12-01 00:00:00,2018-06-30 00:00:00,2005-05-17 00:00:00,150.2
2005-01-01 00:00:00,2018-06-30 00:00:00,2005-02-18 00:00:00,150.9
2005-02-01 00:00:00,2018-06-30 00:00:00,2005-03-22 00:00:00,151.6
2005-03-01 00:00:00,2005-08-16 00:00:00,2005-04-19 00:00:00,153.6
2005-03-01 00:00:00,2018-06-30 00:00:00,2005-08-17 00:00:00,153.7
2005-04-01 00:00:00,2018-06-30 00:00:00,2005-05-17 00:00:00,155.0
2005-05-01 00:00:00,2005-10-17 00:00:00,2005-06-14 00:00:00,154.4
2005-05-01 00:00:00,2018-06-30 00:00:00,2005-10-18 00:00:00,154.3
2005-06-01 00:00:00,2005-11-14 00:00:00,2005-07-15 00:00:00,154.1
2005-06-01 00:00:00,2018-06-30 00:00:00,2005-11-15 00:00:00,154.3
2005-07-01 00:00:00,2005-12-19 00:00:00,2005-08-17 00:00:00,156.2
2005-07-01 00:00:00,2018-06-30 00:00:00,2005-12-20 00:00:00,156.3
2005-08-01 00:00:00,2006-01-12 00:00:00,2005-09-13 00:00:00,157.3
2005-08-01 00:00:00,2018-06-30 00:00:00,2006-01-13 00:00:00,157.6
2005-09-01 00:00:00,2006-02-14 00:00:00,2005-10-18 00:00:00,161.9
2005-09-01 00:00:00,2018-06-30 00:00:00,2006-02-15 00:00:00,162.2
2005-10-01 00:00:00,2006-03-20 00:00:00,2005-11-15 00:00:00,166.0
2005-10-01 00:00:00,2018-06-30 00:00:00,2006-03-21 00:00:00,166.2
2005-11-01 00:00:00,2006-04-17 00:00:00,2005-12-20 00:00:00,163.6
2005-11-01 00:00:00,2018-06-30 00:00:00,2006-04-18 00:00:00,163.7
2005-12-01 00:00:00,2018-06-30 00:00:00,2006-01-13 00:00:00,163.0
2006-01-01 00:00:00,2006-06-12 00:00:00,2006-02-17 00:00:00,164.6
2006-01-01 00:00:00,2018-06-30 00:00:00,2006-06-13 00:00:00,164.3
2006-02-01 00:00:00,2006-07-17 00:00:00,2006-03-21 00:00:00,161.9
2006-02-01 00:00:00,2018-06-30 00:00:00,2006-07-18 00:00:00,161.8
2006-03-01 00:00:00,2006-08-14 00:00:00,2006-04-18 00:00:00,162.0
2006-03-01 00:00:00,2018-06-30 00:00:00,2006-08-15 00:00:00,162.2
2006-04-01 00:00:00,2006-09-18 00:00:00,2006-05-16 00:00:00,163.8
2006-04-01 00:00:00,2018-06-30 00:00:00,2006-09-19 00:00:00,164.3
2006-05-01 00:00:00,2006-10-16 00:00:00,2006-06-13 00:00:00,165.3
2006-05-01 00:00:00,2018-06-30 00:00:00,2006-10-17 00:00:00,165.8
2006-06-01 00:00:00,2006-11-13 00:00:00,2006-07-18 00:00:00,165.9
2006-06-01 00:00:00,2018-06-30 00:00:00,2006-11-14 00:00:00,166.1
2006-07-01 00:00:00,2006-12-18 00:00:00,2006-08-15 00:00:00,167.1
2006-07-01 00:00:00,2018-06-30 00:00:00,2006-12-19 00:00:00,166.8
2006-08-01 00:00:00,2018-06-30 00:00:00,2006-09-19 00:00:00,167.9
2006-09-01 00:00:00,2018-06-30 00:00:00,2006-10-17 00:00:00,165.4
2006-10-01 00:00:00,2007-03-14 00:00:00,2006-11-14 00:00:00,162.0
2006-10-01 00:00:00,2018-06-30 00:00:00,2007-03-15 00:00:00,162.2
2006-11-01 00:00:00,2007-04-12 00:00:00,2006-12-19 00:00:00,165.1
2006-11-01 00:00:00,2018-06-30 00:00:00,2007-04-13 00:00:00,164.6
2006-12-01 00:00:00,2007-05-10 00:00:00,2007-01-17 00:00:00,166.0
2006-12-01 00:00:00,2018-06-30 00:00:00,2007-05-11 00:00:00,165.6
2007-01-01 00:00:00,2007-06-13 00:00:00,2007-02-16 00:00:00,164.2
2007-01-01 00:00:00,2018-06-30 00:00:00,2007-06-14 00:00:00,164.0
2007-02-01 00:00:00,2007-07-16 00:00:00,2007-03-15 00:00:00,167.3
2007-02-01 00:00:00,2018-06-30 00:00:00,2007-07-17 00:00:00,166.8
2007-03-01 00:00:00,2007-08-13 00:00:00,2007-04-13 00:00:00,169.7
2007-03-01 00:00:00,2018-06-30 00:00:00,2007-08-14 00:00:00,169.3
2007-04-01 00:00:00,2007-09-17 00:00:00,2007-05-11 00:00:00,171.2
2007-04-01 00:00:00,2018-06-30 00:00:00,2007-09-18 00:00:00,171.4
2007-05-01 00:00:00,2007-10-11 00:00:00,2007-06-14 00:00:00,173.4
2007-05-01 00:00:00,2018-06-30 00:00:00,2007-10-12 00:00:00,173.3
2007-06-01 00:00:00,2007-11-13 00:00:00,2007-07-17 00:00:00,173.7
2007-06-01 00:00:00,2018-06-30 00:00:00,2007-11-14 00:00:00,173.8
2007-07-01 00:00:00,2007-12-12 00:00:00,2007-08-14 00:00:00,174.9
2007-07-01 00:00:00,2018-06-30 00:00:00,2007-12-13 00:00:00,175.1
2007-08-01 00:00:00,2018-06-30 00:00:00,2007-09-18 00:00:00,172.4
2007-09-01 00:00:00,2018-06-30 00:00:00,2007-10-12 00:00:00,173.5
2007-10-01 00:00:00,2008-03-17 00:00:00,2007-11-14 00:00:00,174.4
2007-10-01 00:00:00,2018-06-30 00:00:00,2008-03-18 00:00:00,174.7
2007-11-01 00:00:00,2008-04-14 00:00:00,2007-12-13 00:00:00,179.4
2007-11-01 00:00:00,2018-06-30 00:00:00,2008-04-15 00:00:00,179.0
2007-12-01 00:00:00,2018-06-30 00:00:00,2008-01-15 00:00:00,178.6
2008-01-01 00:00:00,2008-06-16 00:00:00,2008-02-26 00:00:00,180.8
2008-01-01 00:00:00,2018-06-30 00:00:00,2008-06-17 00:00:00,181.0
2008-02-01 00:00:00,2008-07-14 00:00:00,2008-03-18 00:00:00,182.4
2008-02-01 00:00:00,2018-06-30 00:00:00,2008-07-15 00:00:00,182.7
2008-03-01 00:00:00,2008-08-18 00:00:00,2008-04-15 00:00:00,188.1
2008-03-01 00:00:00,2018-06-30 00:00:00,2008-08-19 00:00:00,187.9
2008-04-01 00:00:00,2008-09-11 00:00:00,2008-05-20 00:00:00,190.7
2008-04-01 00:00:00,2018-06-30 00:00:00,2008-09-12 00:00:00,190.9
2008-05-01 00:00:00,2008-10-14 00:00:00,2008-06-17 00:00:00,196.5
2008-05-01 00:00:00,2018-06-30 00:00:00,2008-10-15 00:00:00,196.6
2008-06-01 00:00:00,2008-11-17 00:00:00,2008-07-15 00:00:00,200.7
2008-06-01 00:00:00,2018-06-30 00:00:00,2008-11-18 00:00:00,200.5
2008-07-01 00:00:00,2008-12-11 00:00:00,2008-08-19 00:00:00,205.6
2008-07-01 00:00:00,2018-06-30 00:00:00,2008-12-12 00:00:00,205.5
2008-08-01 00:00:00,2009-01-14 00:00:00,2008-09-12 00:00:00,199.9
2008-08-01 00:00:00,2018-06-30 00:00:00,2009-01-15 00:00:00,199.0
2008-09-01 00:00:00,2009-02-16 00:00:00,2008-10-15 00:00:00,197.2
2008-09-01 00:00:00,2018-06-30 00:00:00,2009-02-17 00:00:00,196.9
2008-10-01 00:00:00,2018-06-30 00:00:00,2008-11-18 00:00:00,186.4
2008-11-01 00:00:00,2009-04-13 00:00:00,2008-12-12 00:00:00,177.5
2008-11-01 00:00:00,2018-06-30 00:00:00,2009-04-14 00:00:00,176.8
2008-12-01 00:00:00,2009-05-13 00:00:00,2009-01-15 00:00:00,171.3
2008-12-01 00:00:00,2018-06-30 00:00:00,2009-05-14 00:00:00,170.9
2009-01-01 00:00:00,2009-06-15 00:00:00,2009-02-19 00:00:00,171.0
2009-01-01 00:00:00,2018-06-30 00:00:00,2009-06-16 00:00:00,171.2
2009-02-01 00:00:00,2009-07-13 00:00:00,2009-03-17 00:00:00,169.5
2009-02-01 00:00:00,2018-06-30 00:00:00,2009-07-14 00:00:00,169.3
2009-03-01 00:00:00,2018-06-30 00:00:00,2009-04-14 00:00:00,168.1
2009-04-01 00:00:00,2009-09-14 00:00:00,2009-05-14 00:00:00,168.7
2009-04-01 00:00:00,2018-06-30 00:00:00,2009-09-15 00:00:00,169.1
2009-05-01 00:00:00,2009-10-19 00:00:00,2009-06-16 00:00:00,170.2
2009-05-01 00:00:00,2018-06-30 00:00:00,2009-10-20 00:00:00,170.8
2009-06-01 00:00:00,2018-06-30 00:00:00,2009-07-14 00:00:00,174.1
2009-07-01 00:00:00,2009-12-14 00:00:00,2009-08-18 00:00:00,172.7
2009-07-01 00:00:00,2018-06-30 00:00:00,2009-12-15 00:00:00,172.5
2009-08-01 00:00:00,2010-01-19 00:00:00,2009-09-15 00:00:00,175.1
2009-08-01 00:00:00,2018-06-30 00:00:00,2010-01-20 00:00:00,175.0
2009-09-01 00:00:00,2010-02-15 00:00:00,2009-10-20 00:00:00,174.6
2009-09-01 00:00:00,2018-06-30 00:00:00,2010-02-16 00:00:00,174.1
2009-10-01 00:00:00,2010-03-16 00:00:00,2009-11-17 00:00:00,175.3
2009-10-01 00:00:00,2018-06-30 00:00:00,2010-03-17 00:00:00,175.2
2009-11-01 00:00:00,2010-04-21 00:00:00,2009-12-15 00:00:00,177.7
2009-11-01 00:00:00,2010-05-17 00:00:00,2010-04-22 00:00:00,177.9
2009-11-01 00:00:00,2018-06-30 00:00:00,2010-05-18 00:00:00,177.4
2009-12-01 00:00:00,2018-06-30 00:00:00,2010-01-20 00:00:00,178.1
2010-01-01 00:00:00,2010-06-15 00:00:00,2010-02-18 00:00:00,182.0
2010-01-01 00:00:00,2018-06-30 00:00:00,2010-06-16 00:00:00,181.9
2010-02-01 00:00:00,2010-07-14 00:00:00,2010-03-17 00:00:00,180.9
2010-02-01 00:00:00,2018-06-30 00:00:00,2010-07-15 00:00:00,181.0
2010-03-01 00:00:00,2018-06-30 00:00:00,2010-04-22 00:00:00,183.3
2010-04-01 00:00:00,2018-06-30 00:00:00,2010-05-18 00:00:00,184.4
2010-05-01 00:00:00,2010-10-13 00:00:00,2010-06-16 00:00:00,185.0
2010-05-01 00:00:00,2018-06-30 00:00:00,2010-10-14 00:00:00,184.8
2010-06-01 00:00:00,2010-11-15 00:00:00,2010-07-15 00:00:00,183.7
2010-06-01 00:00:00,2018-06-30 00:00:00,2010-11-16 00:00:00,183.5
2010-07-01 00:00:00,2010-12-13 00:00:00,2010-08-17 00:00:00,184.2
2010-07-01 00:00:00,2018-06-30 00:00:00,2010-12-14 00:00:00,184.1
2010-08-01 00:00:00,2011-01-12 00:00:00,2010-09-16 00:00:00,184.5
2010-08-01 00:00:00,2018-06-30 00:00:00,2011-01-13 00:00:00,184.9
2010-09-01 00:00:00,2011-02-13 00:00:00,2010-10-14 00:00:00,185.1
2010-09-01 00:00:00,2018-06-30 00:00:00,2011-02-14 00:00:00,184.9
2010-10-01 00:00:00,2011-03-15 00:00:00,2010-11-16 00:00:00,186.8
2010-10-01 00:00:00,2018-06-30 00:00:00,2011-03-16 00:00:00,186.6
2010-11-01 00:00:00,2011-04-13 00:00:00,2010-12-14 00:00:00,188.0
2010-11-01 00:00:00,2018-06-30 00:00:00,2011-04-14 00:00:00,187.7
2010-12-01 00:00:00,2011-05-11 00:00:00,2011-01-13 00:00:00,189.9
2010-12-01 00:00:00,2018-06-30 00:00:00,2011-05-12 00:00:00,189.7
2011-01-01 00:00:00,2011-06-13 00:00:00,2011-02-16 00:00:00,192.2
2011-01-01 00:00:00,2018-06-30 00:00:00,2011-06-14 00:00:00,192.7
2011-02-01 00:00:00,2011-07-13 00:00:00,2011-03-16 00:00:00,195.5
2011-02-01 00:00:00,2018-06-30 00:00:00,2011-07-14 00:00:00,195.8
2011-03-01 00:00:00,2011-08-16 00:00:00,2011-04-14 00:00:00,199.1
2011-03-01 00:00:00,2018-06-30 00:00:00,2011-08-17 00:00:00,199.2
2011-04-01 00:00:00,2011-09-13 00:00:00,2011-05-12 00:00:00,202.8
2011-04-01 00:00:00,2018-06-30 00:00:00,2011-09-14 00:00:00,203.1
2011-05-01 00:00:00,2011-10-17 00:00:00,2011-06-14 00:00:00,204.2
2011-05-01 00:00:00,2018-06-30 00:00:00,2011-10-18 00:00:00,204.1
2011-06-01 00:00:00,2011-11-14 00:00:00,2011-07-14 00:00:00,204.0
2011-06-01 00:00:00,2018-06-30 00:00:00,2011-11-15 00:00:00,203.9
2011-07-01 00:00:00,2018-06-30 00:00:00,2011-08-17 00:00:00,204.6
2011-08-01 00:00:00,2018-06-30 00:00:00,2011-09-14 00:00:00,203.2
2011-09-01 00:00:00,2012-02-13 00:00:00,2011-10-18 00:00:00,204.0
2011-09-01 00:00:00,2018-06-30 00:00:00,2012-02-14 00:00:00,203.7
2011-10-01 00:00:00,2012-03-14 00:00:00,2011-11-15 00:00:00,201.3
2011-10-01 00:00:00,2018-06-30 00:00:00,2012-03-15 00:00:00,201.1
2011-11-01 00:00:00,2012-04-11 00:00:00,2011-12-15 00:00:00,202.0
2011-11-01 00:00:00,2018-06-30 00:00:00,2012-04-12 00:00:00,201.4
2011-12-01 00:00:00,2012-05-10 00:00:00,2012-01-18 00:00:00,200.2
2011-12-01 00:00:00,2018-06-30 00:00:00,2012-05-11 00:00:00,199.8
2012-01-01 00:00:00,2012-06-12 00:00:00,2012-02-16 00:00:00,200.6
2012-01-01 00:00:00,2018-06-30 00:00:00,2012-06-13 00:00:00,200.7
2012-02-01 00:00:00,2018-06-30 00:00:00,2012-03-15 00:00:00,201.6
2012-03-01 00:00:00,2012-08-13 00:00:00,2012-04-12 00:00:00,204.3
2012-03-01 00:00:00,2018-06-30 00:00:00,2012-08-14 00:00:00,204.2
2012-04-01 00:00:00,2012-09-12 00:00:00,2012-05-11 00:00:00,203.9
2012-04-01 00:00:00,2018-06-30 00:00:00,2012-09-13 00:00:00,203.7
2012-05-01 00:00:00,2012-10-11 00:00:00,2012-06-13 00:00:00,202.3
2012-05-01 00:00:00,2018-06-30 00:00:00,2012-10-12 00:00:00,201.9
2012-06-01 00:00:00,2012-11-13 00:00:00,2012-07-13 00:00:00,200.4
2012-06-01 00:00:00,2018-06-30 00:00:00,2012-11-14 00:00:00,199.8
2012-07-01 00:00:00,2012-12-12 00:00:00,2012-08-14 00:00:00,200.0
2012-07-01 00:00:00,2018-06-30 00:00:00,2012-12-13 00:00:00,200.1
2012-08-01 00:00:00,2013-01-14 00:00:00,2012-09-13 00:00:00,202.6
2012-08-01 00:00:00,2018-06-30 00:00:00,2013-01-15 00:00:00,202.7
2012-09-01 00:00:00,2013-02-19 00:00:00,2012-10-12 00:00:00,204.5
2012-09-01 00:00:00,2018-06-30 00:00:00,2013-02-20 00:00:00,204.4
2012-10-01 00:00:00,2018-06-30 00:00:00,2012-11-14 00:00:00,203.5
2012-11-01 00:00:00,2018-06-30 00:00:00,2012-12-13 00:00:00,201.8
2012-12-01 00:00:00,2018-06-30 00:00:00,2013-01-15 00:00:00,201.5
2013-01-01 00:00:00,2013-06-13 00:00:00,2013-02-20 00:00:00,202.4
2013-01-01 00:00:00,2018-06-30 00:00:00,2013-06-14 00:00:00,202.5
2013-02-01 00:00:00,2018-06-30 00:00:00,2013-03-14 00:00:00,204.3
2013-03-01 00:00:00,2013-08-13 00:00:00,2013-04-12 00:00:00,204.1
2013-03-01 00:00:00,2018-06-30 00:00:00,2013-08-14 00:00:00,204.0
2013-04-01 00:00:00,2013-09-12 00:00:00,2013-05-15 00:00:00,203.6
2013-04-01 00:00:00,2018-06-30 00:00:00,2013-09-13 00:00:00,203.5
2013-05-01 00:00:00,2013-10-28 00:00:00,2013-06-14 00:00:00,204.2
2013-05-01 00:00:00,2018-06-30 00:00:00,2013-10-29 00:00:00,204.1
2013-06-01 00:00:00,2013-11-20 00:00:00,2013-07-12 00:00:00,204.7
2013-06-01 00:00:00,2018-06-30 00:00:00,2013-11-21 00:00:00,204.3
2013-07-01 00:00:00,2013-12-12 00:00:00,2013-08-14 00:00:00,204.6
2013-07-01 00:00:00,2018-06-30 00:00:00,2013-12-13 00:00:00,204.4
2013-08-01 00:00:00,2014-01-14 00:00:00,2013-09-13 00:00:00,204.3
2013-08-01 00:00:00,2018-06-30 00:00:00,2014-01-15 00:00:00,204.2
2013-09-01 00:00:00,2014-02-18 00:00:00,2013-10-29 00:00:00,204.0
2013-09-01 00:00:00,2018-06-30 00:00:00,2014-02-19 00:00:00,203.9
2013-10-01 00:00:00,2018-06-30 00:00:00,2013-11-21 00:00:00,202.5
2013-11-01 00:00:00,2014-04-10 00:00:00,2013-12-13 00:00:00,201.0
2013-11-01 00:00:00,2018-06-30 00:00:00,2014-04-11 00:00:00,201.2
2013-12-01 00:00:00,2014-05-13 00:00:00,2014-01-15 00:00:00,201.8
2013-12-01 00:00:00,2018-06-30 00:00:00,2014-05-14 00:00:00,202.0
2014-01-01 00:00:00,2014-06-12 00:00:00,2014-02-19 00:00:00,203.5
2014-01-01 00:00:00,2018-06-30 00:00:00,2014-06-13 00:00:00,203.8
2014-02-01 00:00:00,2014-07-15 00:00:00,2014-03-14 00:00:00,206.0
2014-02-01 00:00:00,2018-06-30 00:00:00,2014-07-16 00:00:00,205.7
2014-03-01 00:00:00,2018-06-30 00:00:00,2014-04-11 00:00:00,207.0
2014-04-01 00:00:00,2014-09-15 00:00:00,2014-05-14 00:00:00,208.4
2014-04-01 00:00:00,2018-06-30 00:00:00,2014-09-16 00:00:00,208.3
2014-05-01 00:00:00,2018-06-30 00:00:00,2014-06-13 00:00:00,208.0
2014-06-01 00:00:00,2018-06-30 00:00:00,2014-07-16 00:00:00,208.3
2014-07-01 00:00:00,2018-06-30 00:00:00,2014-08-15 00:00:00,208.0
2014-08-01 00:00:00,2015-01-14 00:00:00,2014-09-16 00:00:00,206.8
2014-08-01 00:00:00,2018-06-30 00:00:00,2015-01-15 00:00:00,207.0
2014-09-01 00:00:00,2015-02-17 00:00:00,2014-10-15 00:00:00,206.5
2014-09-01 00:00:00,2018-06-30 00:00:00,2015-02-18 00:00:00,206.4
2014-10-01 00:00:00,2015-03-12 00:00:00,2014-11-18 00:00:00,203.6
2014-10-01 00:00:00,2018-06-30 00:00:00,2015-03-13 00:00:00,203.4
2014-11-01 00:00:00,2015-04-13 00:00:00,2014-12-12 00:00:00,201.2
2014-11-01 00:00:00,2018-06-30 00:00:00,2015-04-14 00:00:00,200.9
2014-12-01 00:00:00,2015-05-13 00:00:00,2015-01-15 00:00:00,197.6
2014-12-01 00:00:00,2018-06-30 00:00:00,2015-05-14 00:00:00,197.0
2015-01-01 00:00:00,2015-06-11 00:00:00,2015-02-18 00:00:00,192.1
2015-01-01 00:00:00,2018-06-30 00:00:00,2015-06-12 00:00:00,192.0
2015-02-01 00:00:00,2018-06-30 00:00:00,2015-03-13 00:00:00,191.1
2015-03-01 00:00:00,2015-08-13 00:00:00,2015-04-14 00:00:00,191.6
2015-03-01 00:00:00,2018-06-30 00:00:00,2015-08-14 00:00:00,191.5
2015-04-01 00:00:00,2015-09-10 00:00:00,2015-05-14 00:00:00,190.7
2015-04-01 00:00:00,2018-06-30 00:00:00,2015-09-11 00:00:00,190.9
2015-05-01 00:00:00,2015-10-13 00:00:00,2015-06-12 00:00:00,192.9
2015-05-01 00:00:00,2018-06-30 00:00:00,2015-10-14 00:00:00,193.4
2015-06-01 00:00:00,2015-11-12 00:00:00,2015-07-15 00:00:00,194.7
2015-06-01 00:00:00,2018-06-30 00:00:00,2015-11-13 00:00:00,194.8
2015-07-01 00:00:00,2015-12-10 00:00:00,2015-08-14 00:00:00,194.0
2015-07-01 00:00:00,2018-06-30 00:00:00,2015-12-11 00:00:00,193.9
2015-08-01 00:00:00,2016-01-14 00:00:00,2015-09-11 00:00:00,192.2
2015-08-01 00:00:00,2018-06-30 00:00:00,2016-01-15 00:00:00,191.9
2015-09-01 00:00:00,2018-06-30 00:00:00,2015-10-14 00:00:00,189.1
2015-10-01 00:00:00,2016-03-14 00:00:00,2015-11-13 00:00:00,187.7
2015-10-01 00:00:00,2018-06-30 00:00:00,2016-03-15 00:00:00,187.5
2015-11-01 00:00:00,2016-04-12 00:00:00,2015-12-11 00:00:00,185.9
2015-11-01 00:00:00,2018-06-30 00:00:00,2016-04-13 00:00:00,185.7
2015-12-01 00:00:00,2016-05-12 00:00:00,2016-01-15 00:00:00,183.8
2015-12-01 00:00:00,2018-06-30 00:00:00,2016-05-13 00:00:00,183.5
2016-01-01 00:00:00,2016-06-14 00:00:00,2016-02-17 00:00:00,182.5
2016-01-01 00:00:00,2018-06-30 00:00:00,2016-06-15 00:00:00,182.6
2016-02-01 00:00:00,2016-07-13 00:00:00,2016-03-15 00:00:00,181.5
2016-02-01 00:00:00,2018-06-30 00:00:00,2016-07-14 00:00:00,181.3
2016-03-01 00:00:00,2016-08-11 00:00:00,2016-04-13 00:00:00,182.4
2016-03-01 00:00:00,2018-06-30 00:00:00,2016-08-12 00:00:00,182.1
2016-04-01 00:00:00,2016-09-14 00:00:00,2016-05-13 00:00:00,183.3
2016-04-01 00:00:00,2018-06-30 00:00:00,2016-09-15 00:00:00,183.2
2016-05-01 00:00:00,2016-10-13 00:00:00,2016-06-15 00:00:00,185.0
2016-05-01 00:00:00,2018-06-30 00:00:00,2016-10-14 00:00:00,185.3
2016-06-01 00:00:00,2016-11-15 00:00:00,2016-07-14 00:00:00,187.4
2016-06-01 00:00:00,2018-06-30 00:00:00,2016-11-16 00:00:00,187.6
2016-07-01 00:00:00,2016-12-13 00:00:00,2016-08-12 00:00:00,187.3
2016-07-01 00:00:00,2018-06-30 00:00:00,2016-12-14 00:00:00,187.7
2016-08-01 00:00:00,2017-01-12 00:00:00,2016-09-15 00:00:00,186.2
2016-08-01 00:00:00,2018-06-30 00:00:00,2017-01-13 00:00:00,186.6
2016-09-01 00:00:00,2017-02-09 00:00:00,2016-10-14 00:00:00,187.0
2016-09-01 00:00:00,2018-06-30 00:00:00,2017-02-10 00:00:00,186.9
2016-10-01 00:00:00,2017-03-13 00:00:00,2016-11-16 00:00:00,186.8
2016-10-01 00:00:00,2018-06-30 00:00:00,2017-03-14 00:00:00,186.7
2016-11-01 00:00:00,2017-04-12 00:00:00,2016-12-14 00:00:00,186.4
2016-11-01 00:00:00,2018-06-30 00:00:00,2017-04-13 00:00:00,186.3
2016-12-01 00:00:00,2017-05-10 00:00:00,2017-01-13 00:00:00,188.3
2016-12-01 00:00:00,2018-06-30 00:00:00,2017-05-11 00:00:00,188.2
2017-01-01 00:00:00,2017-06-12 00:00:00,2017-02-14 00:00:00,190.6
2017-01-01 00:00:00,2018-06-30 00:00:00,2017-06-13 00:00:00,190.7
2017-02-01 00:00:00,2017-07-12 00:00:00,2017-03-14 00:00:00,191.1
2017-02-01 00:00:00,2018-06-30 00:00:00,2017-07-13 00:00:00,191.6
2017-03-01 00:00:00,2017-08-09 00:00:00,2017-04-13 00:00:00,191.3
2017-03-01 00:00:00,2018-06-30 00:00:00,2017-08-10 00:00:00,191.5
2017-04-01 00:00:00,2018-06-30 00:00:00,2017-05-11 00:00:00,193.0
2017-05-01 00:00:00,2017-10-11 00:00:00,2017-06-13 00:00:00,192.9
2017-05-01 00:00:00,2018-06-30 00:00:00,2017-10-12 00:00:00,192.8
2017-06-01 00:00:00,2017-11-13 00:00:00,2017-07-13 00:00:00,193.7
2017-06-01 00:00:00,2018-06-30 00:00:00,2017-11-14 00:00:00,193.6
2017-07-01 00:00:00,2017-12-11 00:00:00,2017-08-10 00:00:00,193.4
2017-07-01 00:00:00,2018-06-30 00:00:00,2017-12-12 00:00:00,193.5
2017-08-01 00:00:00,2018-01-10 00:00:00,2017-09-13 00:00:00,193.7
2017-08-01 00:00:00,2018-06-30 00:00:00,2018-01-11 00:00:00,193.8
2017-09-01 00:00:00,2018-02-14 00:00:00,2017-10-12 00:00:00,194.5
2017-09-01 00:00:00,2018-06-30 00:00:00,2018-02-15 00:00:00,194.8
2017-10-01 00:00:00,2018-03-13 00:00:00,2017-11-14 00:00:00,194.8
2017-10-01 00:00:00,2018-06-30 00:00:00,2018-03-14 00:00:00,194.9
2017-11-01 00:00:00,2018-04-09 00:00:00,2017-12-12 00:00:00,195.8
2017-11-01 00:00:00,2018-06-30 00:00:00,2018-04-10 00:00:00,195.9
2017-12-01 00:00:00,2018-05-08 00:00:00,2018-01-11 00:00:00,196.4
2017-12-01 00:00:00,2018-06-30 00:00:00,2018-05-09 00:00:00,196.3
2018-01-01 00:00:00,2018-06-12 00:00:00,2018-02-15 00:00:00,197.8
2018-01-01 00:00:00,2018-06-30 00:00:00,2018-06-13 00:00:00,197.9
2018-02-01 00:00:00,2018-06-30 00:00:00,2018-03-14 00:00:00,199.3
2018-03-01 00:00:00,2018-06-30 00:00:00,2018-04-10 00:00:00,198.9
2018-04-01 00:00:00,2018-06-30 00:00:00,2018-05-09 00:00:00,200.0
2018-05-01 00:00:00,2018-06-30 00:00:00,2018-06-13 00:00:00,203.2
