date,realtime_end,realtime_start,BP
1980-01-01 00:00:00,2018-06-30 00:00:00,1999-08-17 00:00:00,1280.0
1980-02-01 00:00:00,2018-06-30 00:00:00,1999-08-17 00:00:00,1199.0
1980-03-01 00:00:00,2018-06-30 00:00:00,1999-08-17 00:00:00,988.0
1980-04-01 00:00:00,2018-06-30 00:00:00,1999-08-17 00:00:00,808.0
1980-05-01 00:00:00,2018-06-30 00:00:00,1999-08-17 00:00:00,861.0
1980-06-01 00:00:00,2018-06-30 00:00:00,1999-08-17 00:00:00,1118.0
1980-07-01 00:00:00,2018-06-30 00:00:00,1999-08-17 00:00:00,1259.0
1980-08-01 00:00:00,2018-06-30 00:00:00,1999-08-17 00:00:00,1367.0
1980-09-01 00:00:00,2018-06-30 00:00:00,1999-08-17 00:00:00,1484.0
1980-10-01 00:00:00,2018-06-30 00:00:00,1999-08-17 00:00:00,1366.0
1980-11-01 00:00:00,2018-06-30 00:00:00,1999-08-17 00:00:00,1383.0
1980-12-01 00:00:00,2018-06-30 00:00:00,1999-08-17 00:00:00,1249.0
1981-01-01 00:00:00,2018-06-30 00:00:00,1999-08-17 00:00:00,1221.0
1981-02-01 00:00:00,2018-06-30 00:00:00,1999-08-17 00:00:00,1199.0
1981-03-01 00:00:00,2018-06-30 00:00:00,1999-08-17 00:00:00,1183.0
1981-04-01 00:00:00,2018-06-30 00:00:00,1999-08-17 00:00:00,1190.0
1981-05-01 00:00:00,2018-06-30 00:00:00,1999-08-17 00:00:00,1173.0
1981-06-01 00:00:00,2018-06-30 00:00:00,1999-08-17 00:00:00,976.0
1981-07-01 00:00:00,2018-06-30 00:00:00,1999-08-17 00:00:00,935.0
1981-08-01 00:00:00,2018-06-30 00:00:00,1999-08-17 00:00:00,889.0
1981-09-01 00:00:00,2018-06-30 00:00:00,1999-08-17 00:00:00,847.0
1981-10-01 00:00:00,2018-06-30 00:00:00,1999-08-17 00:00:00,731.0
1981-11-01 00:00:00,2018-06-30 00:00:00,1999-08-17 00:00:00,748.0
1981-12-01 00:00:00,2018-06-30 00:00:00,1999-08-17 00:00:00,796.0
1982-01-01 00:00:00,2018-06-30 00:00:00,1999-08-17 00:00:00,794.0
1982-02-01 00:00:00,2018-06-30 00:00:00,1999-08-17 00:00:00,808.0
1982-03-01 00:00:00,2018-06-30 00:00:00,1999-08-17 00:00:00,891.0
1982-04-01 00:00:00,2018-06-30 00:00:00,1999-08-17 00:00:00,888.0
1982-05-01 00:00:00,2018-06-30 00:00:00,1999-08-17 00:00:00,953.0
1982-06-01 00:00:00,2018-06-30 00:00:00,1999-08-17 00:00:00,913.0
1982-07-01 00:00:00,2018-06-30 00:00:00,1999-08-17 00:00:00,1044.0
1982-08-01 00:00:00,2018-06-30 00:00:00,1999-08-17 00:00:00,926.0
1982-09-01 00:00:00,2018-06-30 00:00:00,1999-08-17 00:00:00,1042.0
1982-10-01 00:00:00,2018-06-30 00:00:00,1999-08-17 00:00:00,1149.0
1982-11-01 00:00:00,2018-06-30 00:00:00,1999-08-17 00:00:00,1229.0
1982-12-01 00:00:00,2018-06-30 00:00:00,1999-08-17 00:00:00,1351.0
1983-01-01 00:00:00,2018-06-30 00:00:00,1999-08-17 00:00:00,1426.0
1983-02-01 00:00:00,2018-06-30 00:00:00,1999-08-17 00:00:00,1471.0
1983-03-01 00:00:00,2018-06-30 00:00:00,1999-08-17 00:00:00,1475.0
1983-04-01 00:00:00,2018-06-30 00:00:00,1999-08-17 00:00:00,1566.0
1983-05-01 00:00:00,2018-06-30 00:00:00,1999-08-17 00:00:00,1669.0
1983-06-01 00:00:00,2018-06-30 00:00:00,1999-08-17 00:00:00,1769.0
1983-07-01 00:00:00,2018-06-30 00:00:00,1999-08-17 00:00:00,1795.0
1983-08-01 00:00:00,2018-06-30 00:00:00,1999-08-17 00:00:00,1713.0
1983-09-01 00:00:00,2018-06-30 00:00:00,1999-08-17 00:00:00,1585.0
1983-10-01 00:00:00,2018-06-30 00:00:00,1999-08-17 00:00:00,1716.0
1983-11-01 00:00:00,2018-06-30 00:00:00,1999-08-17 00:00:00,1668.0
1983-12-01 00:00:00,2018-06-30 00:00:00,1999-08-17 00:00:00,1627.0
1984-01-01 00:00:00,2018-06-30 00:00:00,1999-08-17 00:00:00,1816.0
1984-02-01 00:00:00,2018-06-30 00:00:00,1999-08-17 00:00:00,1987.0
1984-03-01 00:00:00,2018-06-30 00:00:00,1999-08-17 00:00:00,1725.0
1984-04-01 00:00:00,2018-06-30 00:00:00,1999-08-17 00:00:00,1776.0
1984-05-01 00:00:00,2018-06-30 00:00:00,1999-08-17 00:00:00,1741.0
1984-06-01 00:00:00,2018-06-30 00:00:00,1999-08-17 00:00:00,1814.0
1984-07-01 00:00:00,2018-06-30 00:00:00,1999-08-17 00:00:00,1605.0
1984-08-01 00:00:00,2018-06-30 00:00:00,1999-08-17 00:00:00,1530.0
1984-09-01 00:00:00,2018-06-30 00:00:00,1999-08-17 00:00:00,1523.0
1984-10-01 00:00:00,2018-06-30 00:00:00,1999-08-17 00:00:00,1490.0
1984-11-01 00:00:00,2018-06-30 00:00:00,1999-08-17 00:00:00,1643.0
1984-12-01 00:00:00,2018-06-30 00:00:00,1999-08-17 00:00:00,1626.0
1985-01-01 00:00:00,2018-06-30 00:00:00,1999-08-17 00:00:00,1660.0
1985-02-01 00:00:00,2018-06-30 00:00:00,1999-08-17 00:00:00,1662.0
1985-03-01 00:00:00,2018-06-30 00:00:00,1999-08-17 00:00:00,1727.0
1985-04-01 00:00:00,2018-06-30 00:00:00,1999-08-17 00:00:00,1664.0
1985-05-01 00:00:00,2018-06-30 00:00:00,1999-08-17 00:00:00,1709.0
1985-06-01 00:00:00,2018-06-30 00:00:00,1999-08-17 00:00:00,1716.0
1985-07-01 00:00:00,2018-06-30 00:00:00,1999-08-17 00:00:00,1697.0
1985-08-01 00:00:00,2018-06-30 00:00:00,1999-08-17 00:00:00,1808.0
1985-09-01 00:00:00,2018-06-30 00:00:00,1999-08-17 00:00:00,1916.0
1985-10-01 00:00:00,2018-06-30 00:00:00,1999-08-17 00:00:00,1743.0
1985-11-01 00:00:00,2018-06-30 00:00:00,1999-08-17 00:00:00,1692.0
1985-12-01 00:00:00,2018-06-30 00:00:00,1999-08-17 00:00:00,1794.0
1986-01-01 00:00:00,2018-06-30 00:00:00,1999-08-17 00:00:00,1847.0
1986-02-01 00:00:00,2018-06-30 00:00:00,1999-08-17 00:00:00,1767.0
1986-03-01 00:00:00,2018-06-30 00:00:00,1999-08-17 00:00:00,1780.0
1986-04-01 00:00:00,2018-06-30 00:00:00,1999-08-17 00:00:00,1858.0
1986-05-01 00:00:00,2018-06-30 00:00:00,1999-08-17 00:00:00,1797.0
1986-06-01 00:00:00,2018-06-30 00:00:00,1999-08-17 00:00:00,1790.0
1986-07-01 00:00:00,2018-06-30 00:00:00,1999-08-17 00:00:00,1780.0
1986-08-01 00:00:00,2018-06-30 00:00:00,1999-08-17 00:00:00,1726.0
1986-09-01 00:00:00,2018-06-30 00:00:00,1999-08-17 00:00:00,1686.0
1986-10-01 00:00:00,2018-06-30 00:00:00,1999-08-17 00:00:00,1675.0
1986-11-01 00:00:00,2018-06-30 00:00:00,1999-08-17 00:00:00,1644.0
1986-12-01 00:00:00,2018-06-30 00:00:00,1999-08-17 00:00:00,1903.0
1987-01-01 00:00:00,2018-06-30 00:00:00,1999-08-17 00:00:00,1690.0
1987-02-01 00:00:00,2018-06-30 00:00:00,1999-08-17 00:00:00,1689.0
1987-03-01 00:00:00,2018-06-30 00:00:00,1999-08-17 00:00:00,1704.0
1987-04-01 00:00:00,2018-06-30 00:00:00,1999-08-17 00:00:00,1601.0
1987-05-01 00:00:00,2018-06-30 00:00:00,1999-08-17 00:00:00,1500.0
1987-06-01 00:00:00,2018-06-30 00:00:00,1999-08-17 00:00:00,1522.0
1987-07-01 00:00:00,2018-06-30 00:00:00,1999-08-17 00:00:00,1516.0
1987-08-01 00:00:00,2018-06-30 00:00:00,1999-08-17 00:00:00,1511.0
1987-09-01 00:00:00,2018-06-30 00:00:00,1999-08-17 00:00:00,1514.0
1987-10-01 00:00:00,2018-06-30 00:00:00,1999-08-17 00:00:00,1447.0
1987-11-01 00:00:00,2018-06-30 00:00:00,1999-08-17 00:00:00,1457.0
1987-12-01 00:00:00,2018-06-30 00:00:00,1999-08-17 00:00:00,1345.0
1988-01-01 00:00:00,2018-06-30 00:00:00,1999-08-17 00:00:00,1244.0
1988-02-01 00:00:00,2018-06-30 00:00:00,1999-08-17 00:00:00,1438.0
1988-03-01 00:00:00,2018-06-30 00:00:00,1999-08-17 00:00:00,1525.0
1988-04-01 00:00:00,2018-06-30 00:00:00,1999-08-17 00:00:00,1429.0
1988-05-01 00:00:00,2018-06-30 00:00:00,1999-08-17 00:00:00,1444.0
1988-06-01 00:00:00,2018-06-30 00:00:00,1999-08-17 00:00:00,1485.0
1988-07-01 00:00:00,2018-06-30 00:00:00,1999-08-17 00:00:00,1439.0
1988-08-01 00:00:00,2018-06-30 00:00:00,1999-08-17 00:00:00,1460.0
1988-09-01 00:00:00,2018-06-30 00:00:00,1999-08-17 00:00:00,1436.0
1988-10-01 00:00:00,2018-06-30 00:00:00,1999-08-17 00:00:00,1516.0
1988-11-01 00:00:00,2018-06-30 00:00:00,1999-08-17 00:00:00,1508.0
1988-12-01 00:00:00,2018-06-30 00:00:00,1999-08-17 00:00:00,1501.0
1989-01-01 00:00:00,2018-06-30 00:00:00,1999-08-17 00:00:00,1466.0
1989-02-01 00:00:00,2018-06-30 00:00:00,1999-08-17 00:00:00,1383.0
1989-03-01 00:00:00,2018-06-30 00:00:00,1999-08-17 00:00:00,1214.0
1989-04-01 00:00:00,2018-06-30 00:00:00,1999-08-17 00:00:00,1376.0
1989-05-01 00:00:00,2018-06-30 00:00:00,1999-08-17 00:00:00,1381.0
1989-06-01 00:00:00,2018-06-30 00:00:00,1999-08-17 00:00:00,1322.0
1989-07-01 00:00:00,2018-06-30 00:00:00,1999-08-17 00:00:00,1283.0
1989-08-01 00:00:00,2018-06-30 00:00:00,1999-08-17 00:00:00,1334.0
1989-09-01 00:00:00,2018-06-30 00:00:00,1999-08-17 00:00:00,1314.0
1989-10-01 00:00:00,2018-06-30 00:00:00,1999-08-17 00:00:00,1365.0
1989-11-01 00:00:00,2018-06-30 00:00:00,1999-08-17 00:00:00,1344.0
1989-12-01 00:00:00,2018-06-30 00:00:00,1999-08-17 00:00:00,1422.0
1990-01-01 00:00:00,2018-06-30 00:00:00,1999-08-17 00:00:00,1748.0
1990-02-01 00:00:00,2018-06-30 00:00:00,1999-08-17 00:00:00,1329.0
1990-03-01 00:00:00,2018-06-30 00:00:00,1999-08-17 00:00:00,1246.0
1990-04-01 00:00:00,2018-06-30 00:00:00,1999-08-17 00:00:00,1136.0
1990-05-01 00:00:00,2018-06-30 00:00:00,1999-08-17 00:00:00,1067.0
1990-06-01 00:00:00,2018-06-30 00:00:00,1999-08-17 00:00:00,1108.0
1990-07-01 00:00:00,2018-06-30 00:00:00,1999-08-17 00:00:00,1078.0
1990-08-01 00:00:00,2018-06-30 00:00:00,1999-08-17 00:00:00,1069.0
1990-09-01 00:00:00,2018-06-30 00:00:00,1999-08-17 00:00:00,976.0
1990-10-01 00:00:00,2018-06-30 00:00:00,1999-08-17 00:00:00,925.0
1990-11-01 00:00:00,2018-06-30 00:00:00,1999-08-17 00:00:00,941.0
1990-12-01 00:00:00,2018-06-30 00:00:00,1999-08-17 00:00:00,861.0
1991-01-01 00:00:00,2018-06-30 00:00:00,1999-08-17 00:00:00,786.0
1991-02-01 00:00:00,2018-06-30 00:00:00,1999-08-17 00:00:00,853.0
1991-03-01 00:00:00,2018-06-30 00:00:00,1999-08-17 00:00:00,911.0
1991-04-01 00:00:00,2018-06-30 00:00:00,1999-08-17 00:00:00,916.0
1991-05-01 00:00:00,2018-06-30 00:00:00,1999-08-17 00:00:00,991.0
1991-06-01 00:00:00,2018-06-30 00:00:00,1999-08-17 00:00:00,964.0
1991-07-01 00:00:00,2018-06-30 00:00:00,1999-08-17 00:00:00,973.0
1991-08-01 00:00:00,2018-06-30 00:00:00,1999-08-17 00:00:00,944.0
1991-09-01 00:00:00,2018-06-30 00:00:00,1999-08-17 00:00:00,974.0
1991-10-01 00:00:00,2018-06-30 00:00:00,1999-08-17 00:00:00,991.0
1991-11-01 00:00:00,2018-06-30 00:00:00,1999-08-17 00:00:00,984.0
1991-12-01 00:00:00,2018-06-30 00:00:00,1999-08-17 00:00:00,1061.0
1992-01-01 00:00:00,2018-06-30 00:00:00,1999-08-17 00:00:00,1077.0
1992-02-01 00:00:00,2018-06-30 00:00:00,1999-08-17 00:00:00,1146.0
1992-03-01 00:00:00,2018-06-30 00:00:00,1999-08-17 00:00:00,1082.0
1992-04-01 00:00:00,2018-06-30 00:00:00,1999-08-17 00:00:00,1054.0
1992-05-01 00:00:00,2018-06-30 00:00:00,1999-08-17 00:00:00,1056.0
1992-06-01 00:00:00,2018-06-30 00:00:00,1999-08-17 00:00:00,1057.0
1992-07-01 00:00:00,2018-06-30 00:00:00,1999-08-17 00:00:00,1089.0
1992-08-01 00:00:00,2018-06-30 00:00:00,1999-08-17 00:00:00,1075.0
1992-09-01 00:00:00,2018-06-30 00:00:00,1999-08-17 00:00:00,1114.0
1992-10-01 00:00:00,2018-06-30 00:00:00,1999-08-17 00:00:00,1132.0
1992-11-01 00:00:00,2018-06-30 00:00:00,1999-08-17 00:00:00,1118.0
1992-12-01 00:00:00,2018-06-30 00:00:00,1999-08-17 00:00:00,1176.0
1993-01-01 00:00:00,2018-06-30 00:00:00,1999-08-17 00:00:00,1177.0
1993-02-01 00:00:00,2018-06-30 00:00:00,1999-08-17 00:00:00,1148.0
1993-03-01 00:00:00,2018-06-30 00:00:00,1999-08-17 00:00:00,1056.0
1993-04-01 00:00:00,2018-06-30 00:00:00,1999-08-17 00:00:00,1104.0
1993-05-01 00:00:00,2018-06-30 00:00:00,1999-08-17 00:00:00,1112.0
1993-06-01 00:00:00,2018-06-30 00:00:00,1999-08-17 00:00:00,1130.0
1993-07-01 00:00:00,2018-06-30 00:00:00,1999-08-17 00:00:00,1174.0
1993-08-01 00:00:00,2018-06-30 00:00:00,1999-08-17 00:00:00,1230.0
1993-09-01 00:00:00,2018-06-30 00:00:00,1999-08-17 00:00:00,1251.0
1993-10-01 00:00:00,2018-06-30 00:00:00,1999-08-17 00:00:00,1287.0
1993-11-01 00:00:00,2018-06-30 00:00:00,1999-08-17 00:00:00,1357.0
1993-12-01 00:00:00,2018-06-30 00:00:00,1999-08-17 00:00:00,1461.0
1994-01-01 00:00:00,2018-06-30 00:00:00,1999-08-17 00:00:00,1390.0
1994-02-01 00:00:00,2018-06-30 00:00:00,1999-08-17 00:00:00,1269.0
1994-03-01 00:00:00,2018-06-30 00:00:00,1999-08-17 00:00:00,1342.0
1994-04-01 00:00:00,2018-06-30 00:00:00,1999-08-17 00:00:00,1392.0
1994-05-01 00:00:00,2018-06-30 00:00:00,1999-08-17 00:00:00,1396.0
1994-06-01 00:00:00,2018-06-30 00:00:00,1999-08-17 00:00:00,1357.0
1994-07-01 00:00:00,2018-06-30 00:00:00,1999-08-17 00:00:00,1335.0
1994-08-01 00:00:00,2018-06-30 00:00:00,1999-08-17 00:00:00,1377.0
1994-09-01 00:00:00,2018-06-30 00:00:00,1999-08-17 00:00:00,1412.0
1994-10-01 00:00:00,2018-06-30 00:00:00,1999-08-17 00:00:00,1397.0
1994-11-01 00:00:00,2018-06-30 00:00:00,1999-08-17 00:00:00,1340.0
1994-12-01 00:00:00,2018-06-30 00:00:00,1999-08-17 00:00:00,1396.0
1995-01-01 00:00:00,2018-06-30 00:00:00,1999-08-17 00:00:00,1282.0
1995-02-01 00:00:00,2018-06-30 00:00:00,1999-08-17 00:00:00,1254.0
1995-03-01 00:00:00,2018-06-30 00:00:00,1999-08-17 00:00:00,1226.0
1995-04-01 00:00:00,2018-06-30 00:00:00,1999-08-17 00:00:00,1259.0
1995-05-01 00:00:00,2018-06-30 00:00:00,1999-08-17 00:00:00,1271.0
1995-06-01 00:00:00,2018-06-30 00:00:00,1999-08-17 00:00:00,1305.0
1995-07-01 00:00:00,2018-06-30 00:00:00,1999-08-17 00:00:00,1354.0
1995-08-01 00:00:00,2018-06-30 00:00:00,1999-08-17 00:00:00,1386.0
1995-09-01 00:00:00,2018-06-30 00:00:00,1999-08-17 00:00:00,1421.0
1995-10-01 00:00:00,2018-06-30 00:00:00,1999-08-17 00:00:00,1400.0
1995-11-01 00:00:00,2018-06-30 00:00:00,1999-08-17 00:00:00,1430.0
1995-12-01 00:00:00,2018-06-30 00:00:00,1999-08-17 00:00:00,1442.0
1996-01-01 00:00:00,2018-06-30 00:00:00,1999-08-17 00:00:00,1387.0
1996-02-01 00:00:00,2018-06-30 00:00:00,1999-08-17 00:00:00,1420.0
1996-03-01 00:00:00,2018-06-30 00:00:00,1999-08-17 00:00:00,1437.0
1996-04-01 00:00:00,2018-06-30 00:00:00,1999-08-17 00:00:00,1463.0
1996-05-01 00:00:00,2018-06-30 00:00:00,1999-08-17 00:00:00,1457.0
1996-06-01 00:00:00,2018-06-30 00:00:00,1999-08-17 00:00:00,1429.0
1996-07-01 00:00:00,2018-06-30 00:00:00,1999-08-17 00:00:00,1450.0
1996-08-01 00:00:00,2018-06-30 00:00:00,1999-08-17 00:00:00,1413.0
1996-09-01 00:00:00,2018-06-30 00:00:00,1999-08-17 00:00:00,1392.0
1996-10-01 00:00:00,2018-06-30 00:00:00,1999-08-17 00:00:00,1358.0
1996-11-01 00:00:00,2018-06-30 00:00:00,1999-08-17 00:00:00,1412.0
1996-12-01 00:00:00,2018-06-30 00:00:00,1999-08-17 00:00:00,1411.0
1997-01-01 00:00:00,2018-06-30 00:00:00,1999-08-17 00:00:00,1382.0
1997-02-01 00:00:00,2018-06-30 00:00:00,1999-08-17 00:00:00,1445.0
1997-03-01 00:00:00,2018-06-30 00:00:00,1999-08-17 00:00:00,1436.0
1997-04-01 00:00:00,2018-06-30 00:00:00,1999-08-17 00:00:00,1421.0
1997-05-01 00:00:00,2018-06-30 00:00:00,1999-08-17 00:00:00,1414.0
1997-06-01 00:00:00,2018-06-30 00:00:00,1999-08-17 00:00:00,1402.0
1997-07-01 00:00:00,2018-06-30 00:00:00,1999-08-17 00:00:00,1440.0
1997-08-01 00:00:00,2018-06-30 00:00:00,1999-08-17 00:00:00,1449.0
1997-09-01 00:00:00,2018-06-30 00:00:00,1999-08-17 00:00:00,1494.0
1997-10-01 00:00:00,2018-06-30 00:00:00,1999-08-17 00:00:00,1499.0
1997-11-01 00:00:00,2018-06-30 00:00:00,1999-08-17 00:00:00,1469.0
1997-12-01 00:00:00,2018-06-30 00:00:00,1999-08-17 00:00:00,1456.0
1998-01-01 00:00:00,2000-05-15 00:00:00,1999-08-17 00:00:00,1578.0
1998-01-01 00:00:00,2018-06-30 00:00:00,2000-05-16 00:00:00,1555.0
1998-02-01 00:00:00,2000-05-15 00:00:00,1999-08-17 00:00:00,1661.0
1998-02-01 00:00:00,2018-06-30 00:00:00,2000-05-16 00:00:00,1647.0
1998-03-01 00:00:00,2000-05-15 00:00:00,1999-08-17 00:00:00,1606.0
1998-03-01 00:00:00,2018-06-30 00:00:00,2000-05-16 00:00:00,1605.0
1998-04-01 00:00:00,2000-05-15 00:00:00,1999-08-17 00:00:00,1529.0
1998-04-01 00:00:00,2018-06-30 00:00:00,2000-05-16 00:00:00,1547.0
1998-05-01 00:00:00,2000-05-15 00:00:00,1999-08-17 00:00:00,1549.0
1998-05-01 00:00:00,2018-06-30 00:00:00,2000-05-16 00:00:00,1554.0
1998-06-01 00:00:00,2000-05-15 00:00:00,1999-08-17 00:00:00,1531.0
1998-06-01 00:00:00,2018-06-30 00:00:00,2000-05-16 00:00:00,1551.0
1998-07-01 00:00:00,2000-05-15 00:00:00,1999-08-17 00:00:00,1626.0
1998-07-01 00:00:00,2018-06-30 00:00:00,2000-05-16 00:00:00,1610.0
1998-08-01 00:00:00,2000-05-15 00:00:00,1999-08-17 00:00:00,1670.0
1998-08-01 00:00:00,2018-06-30 00:00:00,2000-05-16 00:00:00,1654.0
1998-09-01 00:00:00,2000-05-15 00:00:00,1999-08-17 00:00:00,1569.0
1998-09-01 00:00:00,2018-06-30 00:00:00,2000-05-16 00:00:00,1577.0
1998-10-01 00:00:00,2000-05-15 00:00:00,1999-08-17 00:00:00,1726.0
1998-10-01 00:00:00,2018-06-30 00:00:00,2000-05-16 00:00:00,1719.0
1998-11-01 00:00:00,2000-05-15 00:00:00,1999-08-17 00:00:00,1688.0
1998-11-01 00:00:00,2018-06-30 00:00:00,2000-05-16 00:00:00,1672.0
1998-12-01 00:00:00,2000-05-15 00:00:00,1999-08-17 00:00:00,1708.0
1998-12-01 00:00:00,2018-06-30 00:00:00,2000-05-16 00:00:00,1742.0
1999-01-01 00:00:00,2000-05-15 00:00:00,1999-08-17 00:00:00,1778.0
1999-01-01 00:00:00,2001-05-15 00:00:00,2000-05-16 00:00:00,1745.0
1999-01-01 00:00:00,2018-06-30 00:00:00,2001-05-16 00:00:00,1732.0
1999-02-01 00:00:00,2000-05-15 00:00:00,1999-08-17 00:00:00,1738.0
1999-02-01 00:00:00,2001-05-15 00:00:00,2000-05-16 00:00:00,1748.0
1999-02-01 00:00:00,2018-06-30 00:00:00,2001-05-16 00:00:00,1720.0
1999-03-01 00:00:00,2000-05-15 00:00:00,1999-08-17 00:00:00,1654.0
1999-03-01 00:00:00,2001-05-15 00:00:00,2000-05-16 00:00:00,1681.0
1999-03-01 00:00:00,2018-06-30 00:00:00,2001-05-16 00:00:00,1665.0
1999-04-01 00:00:00,2000-05-15 00:00:00,1999-08-17 00:00:00,1572.0
1999-04-01 00:00:00,2001-05-15 00:00:00,2000-05-16 00:00:00,1595.0
1999-04-01 00:00:00,2018-06-30 00:00:00,2001-05-16 00:00:00,1600.0
1999-05-01 00:00:00,2000-05-15 00:00:00,1999-08-17 00:00:00,1591.0
1999-05-01 00:00:00,2001-05-15 00:00:00,2000-05-16 00:00:00,1639.0
1999-05-01 00:00:00,2018-06-30 00:00:00,2001-05-16 00:00:00,1640.0
1999-06-01 00:00:00,2000-05-15 00:00:00,1999-08-17 00:00:00,1641.0
1999-06-01 00:00:00,2001-05-15 00:00:00,2000-05-16 00:00:00,1696.0
1999-06-01 00:00:00,2018-06-30 00:00:00,2001-05-16 00:00:00,1702.0
1999-07-01 00:00:00,1999-08-24 00:00:00,1999-08-17 00:00:00,1632.0
1999-07-01 00:00:00,2000-05-15 00:00:00,1999-08-25 00:00:00,1641.0
1999-07-01 00:00:00,2001-05-15 00:00:00,2000-05-16 00:00:00,1673.0
1999-07-01 00:00:00,2018-06-30 00:00:00,2001-05-16 00:00:00,1682.0
1999-08-01 00:00:00,1999-09-26 00:00:00,1999-09-17 00:00:00,1612.0
1999-08-01 00:00:00,2000-05-15 00:00:00,1999-09-27 00:00:00,1619.0
1999-08-01 00:00:00,2001-05-15 00:00:00,2000-05-16 00:00:00,1658.0
1999-08-01 00:00:00,2018-06-30 00:00:00,2001-05-16 00:00:00,1671.0
1999-09-01 00:00:00,1999-10-26 00:00:00,1999-10-19 00:00:00,1501.0
1999-09-01 00:00:00,2000-05-15 00:00:00,1999-10-27 00:00:00,1506.0
1999-09-01 00:00:00,2001-05-15 00:00:00,2000-05-16 00:00:00,1553.0
1999-09-01 00:00:00,2018-06-30 00:00:00,2001-05-16 00:00:00,1551.0
1999-10-01 00:00:00,1999-11-28 00:00:00,1999-11-17 00:00:00,1584.0
1999-10-01 00:00:00,2000-05-15 00:00:00,1999-11-29 00:00:00,1594.0
1999-10-01 00:00:00,2001-05-15 00:00:00,2000-05-16 00:00:00,1636.0
1999-10-01 00:00:00,2018-06-30 00:00:00,2001-05-16 00:00:00,1649.0
1999-11-01 00:00:00,1999-12-27 00:00:00,1999-12-17 00:00:00,1614.0
1999-11-01 00:00:00,2000-05-15 00:00:00,1999-12-28 00:00:00,1612.0
1999-11-01 00:00:00,2001-05-15 00:00:00,2000-05-16 00:00:00,1678.0
1999-11-01 00:00:00,2018-06-30 00:00:00,2001-05-16 00:00:00,1672.0
1999-12-01 00:00:00,2000-01-26 00:00:00,2000-01-19 00:00:00,1611.0
1999-12-01 00:00:00,2000-05-15 00:00:00,2000-01-27 00:00:00,1622.0
1999-12-01 00:00:00,2018-06-30 00:00:00,2000-05-16 00:00:00,1683.0
2000-01-01 00:00:00,2000-02-24 00:00:00,2000-02-16 00:00:00,1763.0
2000-01-01 00:00:00,2000-05-15 00:00:00,2000-02-25 00:00:00,1772.0
2000-01-01 00:00:00,2001-05-15 00:00:00,2000-05-16 00:00:00,1762.0
2000-01-01 00:00:00,2002-05-15 00:00:00,2001-05-16 00:00:00,1780.0
2000-01-01 00:00:00,2018-06-30 00:00:00,2002-05-16 00:00:00,1727.0
2000-02-01 00:00:00,2000-03-23 00:00:00,2000-03-16 00:00:00,1631.0
2000-02-01 00:00:00,2000-05-15 00:00:00,2000-03-24 00:00:00,1653.0
2000-02-01 00:00:00,2001-05-15 00:00:00,2000-05-16 00:00:00,1661.0
2000-02-01 00:00:00,2002-05-15 00:00:00,2001-05-16 00:00:00,1736.0
2000-02-01 00:00:00,2018-06-30 00:00:00,2002-05-16 00:00:00,1692.0
2000-03-01 00:00:00,2000-04-25 00:00:00,2000-04-18 00:00:00,1579.0
2000-03-01 00:00:00,2000-05-15 00:00:00,2000-04-26 00:00:00,1608.0
2000-03-01 00:00:00,2001-05-15 00:00:00,2000-05-16 00:00:00,1597.0
2000-03-01 00:00:00,2002-05-15 00:00:00,2001-05-16 00:00:00,1656.0
2000-03-01 00:00:00,2018-06-30 00:00:00,2002-05-16 00:00:00,1651.0
2000-04-01 00:00:00,2000-05-23 00:00:00,2000-05-16 00:00:00,1574.0
2000-04-01 00:00:00,2001-05-15 00:00:00,2000-05-24 00:00:00,1559.0
2000-04-01 00:00:00,2002-05-15 00:00:00,2001-05-16 00:00:00,1595.0
2000-04-01 00:00:00,2018-06-30 00:00:00,2002-05-16 00:00:00,1597.0
2000-05-01 00:00:00,2000-06-25 00:00:00,2000-06-16 00:00:00,1492.0
2000-05-01 00:00:00,2001-05-15 00:00:00,2000-06-26 00:00:00,1511.0
2000-05-01 00:00:00,2002-05-15 00:00:00,2001-05-16 00:00:00,1540.0
2000-05-01 00:00:00,2018-06-30 00:00:00,2002-05-16 00:00:00,1543.0
2000-06-01 00:00:00,2000-07-26 00:00:00,2000-07-20 00:00:00,1511.0
2000-06-01 00:00:00,2001-05-15 00:00:00,2000-07-27 00:00:00,1528.0
2000-06-01 00:00:00,2002-05-15 00:00:00,2001-05-16 00:00:00,1566.0
2000-06-01 00:00:00,2018-06-30 00:00:00,2002-05-16 00:00:00,1572.0
2000-07-01 00:00:00,2000-08-23 00:00:00,2000-08-16 00:00:00,1497.0
2000-07-01 00:00:00,2001-05-15 00:00:00,2000-08-24 00:00:00,1511.0
2000-07-01 00:00:00,2002-05-15 00:00:00,2001-05-16 00:00:00,1534.0
2000-07-01 00:00:00,2018-06-30 00:00:00,2002-05-16 00:00:00,1542.0
2000-08-01 00:00:00,2000-09-26 00:00:00,2000-09-19 00:00:00,1468.0
2000-08-01 00:00:00,2001-05-15 00:00:00,2000-09-27 00:00:00,1486.0
2000-08-01 00:00:00,2002-05-15 00:00:00,2001-05-16 00:00:00,1544.0
2000-08-01 00:00:00,2018-06-30 00:00:00,2002-05-16 00:00:00,1552.0
2000-09-01 00:00:00,2000-10-25 00:00:00,2000-10-18 00:00:00,1506.0
2000-09-01 00:00:00,2001-05-15 00:00:00,2000-10-26 00:00:00,1518.0
2000-09-01 00:00:00,2002-05-15 00:00:00,2001-05-16 00:00:00,1549.0
2000-09-01 00:00:00,2018-06-30 00:00:00,2002-05-16 00:00:00,1570.0
2000-10-01 00:00:00,2000-11-27 00:00:00,2000-11-17 00:00:00,1537.0
2000-10-01 00:00:00,2001-05-15 00:00:00,2000-11-28 00:00:00,1546.0
2000-10-01 00:00:00,2002-05-15 00:00:00,2001-05-16 00:00:00,1562.0
2000-10-01 00:00:00,2018-06-30 00:00:00,2002-05-16 00:00:00,1577.0
2000-11-01 00:00:00,2000-12-26 00:00:00,2000-12-20 00:00:00,1586.0
2000-11-01 00:00:00,2001-05-15 00:00:00,2000-12-27 00:00:00,1598.0
2000-11-01 00:00:00,2018-06-30 00:00:00,2001-05-16 00:00:00,1614.0
2000-12-01 00:00:00,2001-01-25 00:00:00,2001-01-18 00:00:00,1493.0
2000-12-01 00:00:00,2001-05-15 00:00:00,2001-01-26 00:00:00,1507.0
2000-12-01 00:00:00,2002-05-15 00:00:00,2001-05-16 00:00:00,1553.0
2000-12-01 00:00:00,2018-06-30 00:00:00,2002-05-16 00:00:00,1543.0
2001-01-01 00:00:00,2001-02-26 00:00:00,2001-02-16 00:00:00,1697.0
2001-01-01 00:00:00,2002-05-15 00:00:00,2001-02-27 00:00:00,1724.0
2001-01-01 00:00:00,2003-05-15 00:00:00,2002-05-16 00:00:00,1709.0
2001-01-01 00:00:00,2018-06-30 00:00:00,2003-05-16 00:00:00,1699.0
2001-02-01 00:00:00,2001-03-25 00:00:00,2001-03-16 00:00:00,1670.0
2001-02-01 00:00:00,2001-05-15 00:00:00,2001-03-26 00:00:00,1675.0
2001-02-01 00:00:00,2002-05-15 00:00:00,2001-05-16 00:00:00,1663.0
2001-02-01 00:00:00,2003-05-15 00:00:00,2002-05-16 00:00:00,1668.0
2001-02-01 00:00:00,2018-06-30 00:00:00,2003-05-16 00:00:00,1656.0
2001-03-01 00:00:00,2001-04-26 00:00:00,2001-04-17 00:00:00,1615.0
2001-03-01 00:00:00,2001-05-15 00:00:00,2001-04-27 00:00:00,1630.0
2001-03-01 00:00:00,2002-05-15 00:00:00,2001-05-16 00:00:00,1627.0
2001-03-01 00:00:00,2003-05-15 00:00:00,2002-05-16 00:00:00,1650.0
2001-03-01 00:00:00,2018-06-30 00:00:00,2003-05-16 00:00:00,1659.0
2001-04-01 00:00:00,2002-05-15 00:00:00,2001-05-16 00:00:00,1587.0
2001-04-01 00:00:00,2003-05-15 00:00:00,2002-05-16 00:00:00,1649.0
2001-04-01 00:00:00,2018-06-30 00:00:00,2003-05-16 00:00:00,1666.0
2001-05-01 00:00:00,2002-05-15 00:00:00,2001-06-19 00:00:00,1621.0
2001-05-01 00:00:00,2003-05-15 00:00:00,2002-05-16 00:00:00,1663.0
2001-05-01 00:00:00,2018-06-30 00:00:00,2003-05-16 00:00:00,1665.0
2001-06-01 00:00:00,2001-07-25 00:00:00,2001-07-18 00:00:00,1568.0
2001-06-01 00:00:00,2002-05-15 00:00:00,2001-07-26 00:00:00,1587.0
2001-06-01 00:00:00,2003-05-15 00:00:00,2002-05-16 00:00:00,1618.0
2001-06-01 00:00:00,2018-06-30 00:00:00,2003-05-16 00:00:00,1626.0
2001-07-01 00:00:00,2001-08-23 00:00:00,2001-08-16 00:00:00,1558.0
2001-07-01 00:00:00,2002-05-15 00:00:00,2001-08-24 00:00:00,1571.0
2001-07-01 00:00:00,2003-05-15 00:00:00,2002-05-16 00:00:00,1602.0
2001-07-01 00:00:00,2018-06-30 00:00:00,2003-05-16 00:00:00,1598.0
2001-08-01 00:00:00,2001-09-27 00:00:00,2001-09-20 00:00:00,1560.0
2001-08-01 00:00:00,2002-05-15 00:00:00,2001-09-28 00:00:00,1571.0
2001-08-01 00:00:00,2003-05-15 00:00:00,2002-05-16 00:00:00,1606.0
2001-08-01 00:00:00,2018-06-30 00:00:00,2003-05-16 00:00:00,1615.0
2001-09-01 00:00:00,2001-10-24 00:00:00,2001-10-17 00:00:00,1524.0
2001-09-01 00:00:00,2002-05-15 00:00:00,2001-10-25 00:00:00,1528.0
2001-09-01 00:00:00,2003-05-15 00:00:00,2002-05-16 00:00:00,1570.0
2001-09-01 00:00:00,2018-06-30 00:00:00,2003-05-16 00:00:00,1565.0
2001-10-01 00:00:00,2001-11-27 00:00:00,2001-11-19 00:00:00,1473.0
2001-10-01 00:00:00,2002-05-15 00:00:00,2001-11-28 00:00:00,1485.0
2001-10-01 00:00:00,2018-06-30 00:00:00,2002-05-16 00:00:00,1566.0
2001-11-01 00:00:00,2001-12-26 00:00:00,2001-12-18 00:00:00,1564.0
2001-11-01 00:00:00,2002-05-15 00:00:00,2001-12-27 00:00:00,1595.0
2001-11-01 00:00:00,2003-05-15 00:00:00,2002-05-16 00:00:00,1659.0
2001-11-01 00:00:00,2018-06-30 00:00:00,2003-05-16 00:00:00,1651.0
2001-12-01 00:00:00,2002-01-27 00:00:00,2002-01-17 00:00:00,1653.0
2001-12-01 00:00:00,2002-05-15 00:00:00,2002-01-28 00:00:00,1654.0
2001-12-01 00:00:00,2003-05-15 00:00:00,2002-05-16 00:00:00,1702.0
2001-12-01 00:00:00,2018-06-30 00:00:00,2003-05-16 00:00:00,1680.0
2002-01-01 00:00:00,2002-02-26 00:00:00,2002-02-19 00:00:00,1706.0
2002-01-01 00:00:00,2002-05-15 00:00:00,2002-02-27 00:00:00,1721.0
2002-01-01 00:00:00,2003-05-15 00:00:00,2002-05-16 00:00:00,1686.0
2002-01-01 00:00:00,2004-05-17 00:00:00,2003-05-16 00:00:00,1679.0
2002-01-01 00:00:00,2018-06-30 00:00:00,2004-05-18 00:00:00,1665.0
2002-02-01 00:00:00,2002-03-27 00:00:00,2002-03-20 00:00:00,1752.0
2002-02-01 00:00:00,2002-05-15 00:00:00,2002-03-28 00:00:00,1774.0
2002-02-01 00:00:00,2003-05-15 00:00:00,2002-05-16 00:00:00,1766.0
2002-02-01 00:00:00,2004-05-17 00:00:00,2003-05-16 00:00:00,1773.0
2002-02-01 00:00:00,2018-06-30 00:00:00,2004-05-18 00:00:00,1787.0
2002-03-01 00:00:00,2002-04-23 00:00:00,2002-04-16 00:00:00,1599.0
2002-03-01 00:00:00,2002-05-15 00:00:00,2002-04-24 00:00:00,1630.0
2002-03-01 00:00:00,2003-05-15 00:00:00,2002-05-16 00:00:00,1629.0
2002-03-01 00:00:00,2004-05-17 00:00:00,2003-05-16 00:00:00,1681.0
2002-03-01 00:00:00,2018-06-30 00:00:00,2004-05-18 00:00:00,1691.0
2002-04-01 00:00:00,2002-05-23 00:00:00,2002-05-16 00:00:00,1634.0
2002-04-01 00:00:00,2003-05-15 00:00:00,2002-05-24 00:00:00,1631.0
2002-04-01 00:00:00,2004-05-17 00:00:00,2003-05-16 00:00:00,1662.0
2002-04-01 00:00:00,2018-06-30 00:00:00,2004-05-18 00:00:00,1669.0
2002-05-01 00:00:00,2002-06-25 00:00:00,2002-06-18 00:00:00,1674.0
2002-05-01 00:00:00,2003-05-15 00:00:00,2002-06-26 00:00:00,1676.0
2002-05-01 00:00:00,2004-05-17 00:00:00,2003-05-16 00:00:00,1721.0
2002-05-01 00:00:00,2018-06-30 00:00:00,2004-05-18 00:00:00,1716.0
2002-06-01 00:00:00,2002-08-01 00:00:00,2002-07-17 00:00:00,1700.0
2002-06-01 00:00:00,2003-05-15 00:00:00,2002-08-02 00:00:00,1706.0
2002-06-01 00:00:00,2004-05-17 00:00:00,2003-05-16 00:00:00,1746.0
2002-06-01 00:00:00,2018-06-30 00:00:00,2004-05-18 00:00:00,1758.0
2002-07-01 00:00:00,2002-08-25 00:00:00,2002-08-16 00:00:00,1698.0
2002-07-01 00:00:00,2003-05-15 00:00:00,2002-08-26 00:00:00,1712.0
2002-07-01 00:00:00,2004-05-17 00:00:00,2003-05-16 00:00:00,1742.0
2002-07-01 00:00:00,2018-06-30 00:00:00,2004-05-18 00:00:00,1738.0
2002-08-01 00:00:00,2002-09-29 00:00:00,2002-09-19 00:00:00,1669.0
2002-08-01 00:00:00,2003-05-15 00:00:00,2002-09-30 00:00:00,1666.0
2002-08-01 00:00:00,2004-05-17 00:00:00,2003-05-16 00:00:00,1704.0
2002-08-01 00:00:00,2018-06-30 00:00:00,2004-05-18 00:00:00,1695.0
2002-09-01 00:00:00,2002-10-24 00:00:00,2002-10-17 00:00:00,1727.0
2002-09-01 00:00:00,2003-05-15 00:00:00,2002-10-25 00:00:00,1733.0
2002-09-01 00:00:00,2018-06-30 00:00:00,2003-05-16 00:00:00,1803.0
2002-10-01 00:00:00,2002-11-26 00:00:00,2002-11-20 00:00:00,1763.0
2002-10-01 00:00:00,2003-05-15 00:00:00,2002-11-27 00:00:00,1772.0
2002-10-01 00:00:00,2004-05-17 00:00:00,2003-05-16 00:00:00,1813.0
2002-10-01 00:00:00,2018-06-30 00:00:00,2004-05-18 00:00:00,1799.0
2002-11-01 00:00:00,2002-12-25 00:00:00,2002-12-17 00:00:00,1725.0
2002-11-01 00:00:00,2003-05-15 00:00:00,2002-12-26 00:00:00,1738.0
2002-11-01 00:00:00,2004-05-17 00:00:00,2003-05-16 00:00:00,1764.0
2002-11-01 00:00:00,2018-06-30 00:00:00,2004-05-18 00:00:00,1771.0
2002-12-01 00:00:00,2003-01-27 00:00:00,2003-01-21 00:00:00,1880.0
2002-12-01 00:00:00,2003-05-15 00:00:00,2003-01-28 00:00:00,1887.0
2002-12-01 00:00:00,2004-05-17 00:00:00,2003-05-16 00:00:00,1907.0
2002-12-01 00:00:00,2018-06-30 00:00:00,2004-05-18 00:00:00,1896.0
2003-01-01 00:00:00,2003-02-26 00:00:00,2003-02-19 00:00:00,1781.0
2003-01-01 00:00:00,2003-05-15 00:00:00,2003-02-27 00:00:00,1779.0
2003-01-01 00:00:00,2004-05-17 00:00:00,2003-05-16 00:00:00,1777.0
2003-01-01 00:00:00,2005-05-16 00:00:00,2004-05-18 00:00:00,1816.0
2003-01-01 00:00:00,2018-06-30 00:00:00,2005-05-17 00:00:00,1808.0
2003-02-01 00:00:00,2003-03-25 00:00:00,2003-03-18 00:00:00,1786.0
2003-02-01 00:00:00,2003-05-15 00:00:00,2003-03-26 00:00:00,1811.0
2003-02-01 00:00:00,2004-05-17 00:00:00,2003-05-16 00:00:00,1786.0
2003-02-01 00:00:00,2005-05-16 00:00:00,2004-05-18 00:00:00,1866.0
2003-02-01 00:00:00,2018-06-30 00:00:00,2005-05-17 00:00:00,1854.0
2003-03-01 00:00:00,2003-04-23 00:00:00,2003-04-16 00:00:00,1685.0
2003-03-01 00:00:00,2003-05-15 00:00:00,2003-04-24 00:00:00,1692.0
2003-03-01 00:00:00,2004-05-17 00:00:00,2003-05-16 00:00:00,1688.0
2003-03-01 00:00:00,2005-05-16 00:00:00,2004-05-18 00:00:00,1754.0
2003-03-01 00:00:00,2018-06-30 00:00:00,2005-05-17 00:00:00,1757.0
2003-04-01 00:00:00,2003-05-26 00:00:00,2003-05-16 00:00:00,1708.0
2003-04-01 00:00:00,2004-05-17 00:00:00,2003-05-27 00:00:00,1724.0
2003-04-01 00:00:00,2005-05-16 00:00:00,2004-05-18 00:00:00,1798.0
2003-04-01 00:00:00,2018-06-30 00:00:00,2005-05-17 00:00:00,1803.0
2003-05-01 00:00:00,2003-06-24 00:00:00,2003-06-17 00:00:00,1788.0
2003-05-01 00:00:00,2004-05-17 00:00:00,2003-06-25 00:00:00,1803.0
2003-05-01 00:00:00,2005-05-16 00:00:00,2004-05-18 00:00:00,1846.0
2003-05-01 00:00:00,2018-06-30 00:00:00,2005-05-17 00:00:00,1835.0
2003-06-01 00:00:00,2003-07-24 00:00:00,2003-07-17 00:00:00,1817.0
2003-06-01 00:00:00,2004-05-17 00:00:00,2003-07-25 00:00:00,1823.0
2003-06-01 00:00:00,2005-05-16 00:00:00,2004-05-18 00:00:00,1871.0
2003-06-01 00:00:00,2018-06-30 00:00:00,2005-05-17 00:00:00,1875.0
2003-07-01 00:00:00,2003-08-25 00:00:00,2003-08-19 00:00:00,1780.0
2003-07-01 00:00:00,2004-05-17 00:00:00,2003-08-26 00:00:00,1800.0
2003-07-01 00:00:00,2005-05-16 00:00:00,2004-05-18 00:00:00,1892.0
2003-07-01 00:00:00,2018-06-30 00:00:00,2005-05-17 00:00:00,1885.0
2003-08-01 00:00:00,2003-09-24 00:00:00,2003-09-17 00:00:00,1886.0
2003-08-01 00:00:00,2004-05-17 00:00:00,2003-09-25 00:00:00,1901.0
2003-08-01 00:00:00,2005-05-16 00:00:00,2004-05-18 00:00:00,1964.0
2003-08-01 00:00:00,2018-06-30 00:00:00,2005-05-17 00:00:00,1966.0
2003-09-01 00:00:00,2003-10-26 00:00:00,2003-10-17 00:00:00,1860.0
2003-09-01 00:00:00,2004-05-17 00:00:00,2003-10-27 00:00:00,1875.0
2003-09-01 00:00:00,2005-05-16 00:00:00,2004-05-18 00:00:00,1943.0
2003-09-01 00:00:00,2018-06-30 00:00:00,2005-05-17 00:00:00,1961.0
2003-10-01 00:00:00,2003-11-25 00:00:00,2003-11-19 00:00:00,1973.0
2003-10-01 00:00:00,2004-05-17 00:00:00,2003-11-26 00:00:00,1981.0
2003-10-01 00:00:00,2005-05-16 00:00:00,2004-05-18 00:00:00,2015.0
2003-10-01 00:00:00,2018-06-30 00:00:00,2005-05-17 00:00:00,2012.0
2003-11-01 00:00:00,2003-12-23 00:00:00,2003-12-16 00:00:00,1874.0
2003-11-01 00:00:00,2004-05-17 00:00:00,2003-12-24 00:00:00,1863.0
2003-11-01 00:00:00,2005-05-16 00:00:00,2004-05-18 00:00:00,1920.0
2003-11-01 00:00:00,2018-06-30 00:00:00,2005-05-17 00:00:00,1918.0
2003-12-01 00:00:00,2004-01-27 00:00:00,2004-01-21 00:00:00,1924.0
2003-12-01 00:00:00,2004-05-17 00:00:00,2004-01-28 00:00:00,1953.0
2003-12-01 00:00:00,2005-05-16 00:00:00,2004-05-18 00:00:00,1979.0
2003-12-01 00:00:00,2018-06-30 00:00:00,2005-05-17 00:00:00,1987.0
2004-01-01 00:00:00,2004-02-26 00:00:00,2004-02-18 00:00:00,1899.0
2004-01-01 00:00:00,2004-03-15 00:00:00,2004-02-27 00:00:00,1920.0
2004-01-01 00:00:00,2004-05-17 00:00:00,2004-03-16 00:00:00,1932.0
2004-01-01 00:00:00,2005-02-15 00:00:00,2004-05-18 00:00:00,1913.0
2004-01-01 00:00:00,2005-05-16 00:00:00,2005-02-16 00:00:00,1971.0
2004-01-01 00:00:00,2006-05-15 00:00:00,2005-05-17 00:00:00,1963.0
2004-01-01 00:00:00,2006-05-23 00:00:00,2006-05-16 00:00:00,1954.0
2004-01-01 00:00:00,2018-06-30 00:00:00,2006-05-24 00:00:00,1952.0
2004-02-01 00:00:00,2004-03-23 00:00:00,2004-03-16 00:00:00,1903.0
2004-02-01 00:00:00,2004-05-17 00:00:00,2004-03-24 00:00:00,1909.0
2004-02-01 00:00:00,2005-02-15 00:00:00,2004-05-18 00:00:00,1913.0
2004-02-01 00:00:00,2005-05-16 00:00:00,2005-02-16 00:00:00,1956.0
2004-02-01 00:00:00,2006-05-15 00:00:00,2005-05-17 00:00:00,1984.0
2004-02-01 00:00:00,2006-05-23 00:00:00,2006-05-16 00:00:00,1967.0
2004-02-01 00:00:00,2018-06-30 00:00:00,2006-05-24 00:00:00,1966.0
2004-03-01 00:00:00,2004-04-25 00:00:00,2004-04-16 00:00:00,1946.0
2004-03-01 00:00:00,2004-05-17 00:00:00,2004-04-26 00:00:00,1976.0
2004-03-01 00:00:00,2005-02-15 00:00:00,2004-05-18 00:00:00,1975.0
2004-03-01 00:00:00,2005-05-16 00:00:00,2005-02-16 00:00:00,2019.0
2004-03-01 00:00:00,2006-05-15 00:00:00,2005-05-17 00:00:00,2064.0
2004-03-01 00:00:00,2006-05-23 00:00:00,2006-05-16 00:00:00,2074.0
2004-03-01 00:00:00,2018-06-30 00:00:00,2006-05-24 00:00:00,2066.0
2004-04-01 00:00:00,2004-05-25 00:00:00,2004-05-18 00:00:00,1999.0
2004-04-01 00:00:00,2005-02-15 00:00:00,2004-05-26 00:00:00,2006.0
2004-04-01 00:00:00,2005-05-16 00:00:00,2005-02-16 00:00:00,2043.0
2004-04-01 00:00:00,2006-05-15 00:00:00,2005-05-17 00:00:00,2069.0
2004-04-01 00:00:00,2006-05-23 00:00:00,2006-05-16 00:00:00,2063.0
2004-04-01 00:00:00,2018-06-30 00:00:00,2006-05-24 00:00:00,2070.0
2004-05-01 00:00:00,2004-06-23 00:00:00,2004-06-16 00:00:00,2077.0
2004-05-01 00:00:00,2005-02-15 00:00:00,2004-06-24 00:00:00,2097.0
2004-05-01 00:00:00,2005-05-16 00:00:00,2005-02-16 00:00:00,2111.0
2004-05-01 00:00:00,2006-05-15 00:00:00,2005-05-17 00:00:00,2129.0
2004-05-01 00:00:00,2006-05-23 00:00:00,2006-05-16 00:00:00,2144.0
2004-05-01 00:00:00,2018-06-30 00:00:00,2006-05-24 00:00:00,2150.0
2004-06-01 00:00:00,2004-07-26 00:00:00,2004-07-20 00:00:00,1924.0
2004-06-01 00:00:00,2005-02-15 00:00:00,2004-07-27 00:00:00,1945.0
2004-06-01 00:00:00,2005-05-16 00:00:00,2005-02-16 00:00:00,1981.0
2004-06-01 00:00:00,2006-05-15 00:00:00,2005-05-17 00:00:00,2014.0
2004-06-01 00:00:00,2006-05-23 00:00:00,2006-05-16 00:00:00,2016.0
2004-06-01 00:00:00,2018-06-30 00:00:00,2006-05-24 00:00:00,2020.0
2004-07-01 00:00:00,2004-08-24 00:00:00,2004-08-17 00:00:00,2055.0
2004-07-01 00:00:00,2005-02-15 00:00:00,2004-08-25 00:00:00,2066.0
2004-07-01 00:00:00,2005-05-16 00:00:00,2005-02-16 00:00:00,2097.0
2004-07-01 00:00:00,2006-05-15 00:00:00,2005-05-17 00:00:00,2114.0
2004-07-01 00:00:00,2006-05-23 00:00:00,2006-05-16 00:00:00,2110.0
2004-07-01 00:00:00,2018-06-30 00:00:00,2006-05-24 00:00:00,2112.0
2004-08-01 00:00:00,2004-09-26 00:00:00,2004-09-21 00:00:00,1952.0
2004-08-01 00:00:00,2005-02-15 00:00:00,2004-09-27 00:00:00,1969.0
2004-08-01 00:00:00,2005-05-16 00:00:00,2005-02-16 00:00:00,2017.0
2004-08-01 00:00:00,2006-05-15 00:00:00,2005-05-17 00:00:00,2058.0
2004-08-01 00:00:00,2006-05-23 00:00:00,2006-05-16 00:00:00,2053.0
2004-08-01 00:00:00,2018-06-30 00:00:00,2006-05-24 00:00:00,2056.0
2004-09-01 00:00:00,2004-10-26 00:00:00,2004-10-19 00:00:00,2005.0
2004-09-01 00:00:00,2005-02-15 00:00:00,2004-10-27 00:00:00,1998.0
2004-09-01 00:00:00,2005-05-16 00:00:00,2005-02-16 00:00:00,2024.0
2004-09-01 00:00:00,2006-05-23 00:00:00,2005-05-17 00:00:00,2039.0
2004-09-01 00:00:00,2018-06-30 00:00:00,2006-05-24 00:00:00,2041.0
2004-10-01 00:00:00,2004-11-23 00:00:00,2004-11-17 00:00:00,1984.0
2004-10-01 00:00:00,2005-02-15 00:00:00,2004-11-24 00:00:00,2018.0
2004-10-01 00:00:00,2005-05-16 00:00:00,2005-02-16 00:00:00,2056.0
2004-10-01 00:00:00,2006-05-15 00:00:00,2005-05-17 00:00:00,2093.0
2004-10-01 00:00:00,2006-05-23 00:00:00,2006-05-16 00:00:00,2100.0
2004-10-01 00:00:00,2018-06-30 00:00:00,2006-05-24 00:00:00,2097.0
2004-11-01 00:00:00,2004-12-22 00:00:00,2004-12-16 00:00:00,1988.0
2004-11-01 00:00:00,2005-02-15 00:00:00,2004-12-23 00:00:00,2028.0
2004-11-01 00:00:00,2005-05-16 00:00:00,2005-02-16 00:00:00,2072.0
2004-11-01 00:00:00,2006-05-15 00:00:00,2005-05-17 00:00:00,2093.0
2004-11-01 00:00:00,2006-05-23 00:00:00,2006-05-16 00:00:00,2081.0
2004-11-01 00:00:00,2018-06-30 00:00:00,2006-05-24 00:00:00,2079.0
2004-12-01 00:00:00,2005-01-27 00:00:00,2005-01-19 00:00:00,2021.0
2004-12-01 00:00:00,2005-02-15 00:00:00,2005-01-28 00:00:00,2032.0
2004-12-01 00:00:00,2005-05-16 00:00:00,2005-02-16 00:00:00,2069.0
2004-12-01 00:00:00,2006-05-15 00:00:00,2005-05-17 00:00:00,2081.0
2004-12-01 00:00:00,2006-05-23 00:00:00,2006-05-16 00:00:00,2087.0
2004-12-01 00:00:00,2018-06-30 00:00:00,2006-05-24 00:00:00,2082.0
2005-01-01 00:00:00,2005-02-24 00:00:00,2005-02-16 00:00:00,2105.0
2005-01-01 00:00:00,2005-05-16 00:00:00,2005-02-25 00:00:00,2132.0
2005-01-01 00:00:00,2006-05-15 00:00:00,2005-05-17 00:00:00,2136.0
2005-01-01 00:00:00,2006-05-23 00:00:00,2006-05-16 00:00:00,2141.0
2005-01-01 00:00:00,2007-05-15 00:00:00,2006-05-24 00:00:00,2144.0
2005-01-01 00:00:00,2018-06-30 00:00:00,2007-05-16 00:00:00,2139.0
2005-02-01 00:00:00,2005-03-23 00:00:00,2005-03-16 00:00:00,2074.0
2005-02-01 00:00:00,2005-05-16 00:00:00,2005-03-24 00:00:00,2107.0
2005-02-01 00:00:00,2006-05-15 00:00:00,2005-05-17 00:00:00,2093.0
2005-02-01 00:00:00,2007-05-15 00:00:00,2006-05-16 00:00:00,2121.0
2005-02-01 00:00:00,2018-06-30 00:00:00,2007-05-16 00:00:00,2114.0
2005-03-01 00:00:00,2005-04-25 00:00:00,2005-04-19 00:00:00,2023.0
2005-03-01 00:00:00,2005-05-16 00:00:00,2005-04-26 00:00:00,2025.0
2005-03-01 00:00:00,2006-05-15 00:00:00,2005-05-17 00:00:00,2021.0
2005-03-01 00:00:00,2006-05-23 00:00:00,2006-05-16 00:00:00,2083.0
2005-03-01 00:00:00,2007-05-15 00:00:00,2006-05-24 00:00:00,2084.0
2005-03-01 00:00:00,2018-06-30 00:00:00,2007-05-16 00:00:00,2062.0
2005-04-01 00:00:00,2005-05-24 00:00:00,2005-05-17 00:00:00,2129.0
2005-04-01 00:00:00,2006-05-15 00:00:00,2005-05-25 00:00:00,2148.0
2005-04-01 00:00:00,2006-05-23 00:00:00,2006-05-16 00:00:00,2156.0
2005-04-01 00:00:00,2007-05-15 00:00:00,2006-05-24 00:00:00,2177.0
2005-04-01 00:00:00,2018-06-30 00:00:00,2007-05-16 00:00:00,2150.0
2005-05-01 00:00:00,2005-06-23 00:00:00,2005-06-16 00:00:00,2050.0
2005-05-01 00:00:00,2006-05-15 00:00:00,2005-06-24 00:00:00,2062.0
2005-05-01 00:00:00,2006-05-23 00:00:00,2006-05-16 00:00:00,2092.0
2005-05-01 00:00:00,2007-05-15 00:00:00,2006-05-24 00:00:00,2111.0
2005-05-01 00:00:00,2018-06-30 00:00:00,2007-05-16 00:00:00,2085.0
2005-06-01 00:00:00,2005-07-26 00:00:00,2005-07-19 00:00:00,2111.0
2005-06-01 00:00:00,2006-05-15 00:00:00,2005-07-27 00:00:00,2132.0
2005-06-01 00:00:00,2006-05-23 00:00:00,2006-05-16 00:00:00,2169.0
2005-06-01 00:00:00,2007-05-15 00:00:00,2006-05-24 00:00:00,2188.0
2005-06-01 00:00:00,2018-06-30 00:00:00,2007-05-16 00:00:00,2178.0
2005-07-01 00:00:00,2005-08-23 00:00:00,2005-08-16 00:00:00,2167.0
2005-07-01 00:00:00,2006-05-15 00:00:00,2005-08-24 00:00:00,2171.0
2005-07-01 00:00:00,2006-05-23 00:00:00,2006-05-16 00:00:00,2186.0
2005-07-01 00:00:00,2007-05-15 00:00:00,2006-05-24 00:00:00,2206.0
2005-07-01 00:00:00,2018-06-30 00:00:00,2007-05-16 00:00:00,2203.0
2005-08-01 00:00:00,2005-09-26 00:00:00,2005-09-20 00:00:00,2124.0
2005-08-01 00:00:00,2006-05-15 00:00:00,2005-09-27 00:00:00,2138.0
2005-08-01 00:00:00,2006-05-23 00:00:00,2006-05-16 00:00:00,2185.0
2005-08-01 00:00:00,2007-05-15 00:00:00,2006-05-24 00:00:00,2205.0
2005-08-01 00:00:00,2018-06-30 00:00:00,2007-05-16 00:00:00,2219.0
2005-09-01 00:00:00,2005-10-26 00:00:00,2005-10-19 00:00:00,2189.0
2005-09-01 00:00:00,2006-05-15 00:00:00,2005-10-27 00:00:00,2219.0
2005-09-01 00:00:00,2006-05-23 00:00:00,2006-05-16 00:00:00,2221.0
2005-09-01 00:00:00,2007-05-15 00:00:00,2006-05-24 00:00:00,2240.0
2005-09-01 00:00:00,2018-06-30 00:00:00,2007-05-16 00:00:00,2263.0
2005-10-01 00:00:00,2005-11-27 00:00:00,2005-11-17 00:00:00,2071.0
2005-10-01 00:00:00,2006-05-15 00:00:00,2005-11-28 00:00:00,2103.0
2005-10-01 00:00:00,2006-05-23 00:00:00,2006-05-16 00:00:00,2111.0
2005-10-01 00:00:00,2007-05-15 00:00:00,2006-05-24 00:00:00,2131.0
2005-10-01 00:00:00,2018-06-30 00:00:00,2007-05-16 00:00:00,2170.0
2005-11-01 00:00:00,2005-12-22 00:00:00,2005-12-20 00:00:00,2155.0
2005-11-01 00:00:00,2006-05-15 00:00:00,2005-12-23 00:00:00,2163.0
2005-11-01 00:00:00,2006-05-23 00:00:00,2006-05-16 00:00:00,2170.0
2005-11-01 00:00:00,2007-05-15 00:00:00,2006-05-24 00:00:00,2191.0
2005-11-01 00:00:00,2018-06-30 00:00:00,2007-05-16 00:00:00,2218.0
2005-12-01 00:00:00,2006-01-26 00:00:00,2006-01-19 00:00:00,2068.0
2005-12-01 00:00:00,2006-05-15 00:00:00,2006-01-27 00:00:00,2075.0
2005-12-01 00:00:00,2006-05-23 00:00:00,2006-05-16 00:00:00,2094.0
2005-12-01 00:00:00,2007-05-15 00:00:00,2006-05-24 00:00:00,2107.0
2005-12-01 00:00:00,2018-06-30 00:00:00,2007-05-16 00:00:00,2120.0
2006-01-01 00:00:00,2006-02-26 00:00:00,2006-02-16 00:00:00,2217.0
2006-01-01 00:00:00,2006-05-15 00:00:00,2006-02-27 00:00:00,2216.0
2006-01-01 00:00:00,2006-05-23 00:00:00,2006-05-16 00:00:00,2198.0
2006-01-01 00:00:00,2007-05-15 00:00:00,2006-05-24 00:00:00,2195.0
2006-01-01 00:00:00,2008-05-15 00:00:00,2007-05-16 00:00:00,2224.0
2006-01-01 00:00:00,2018-06-30 00:00:00,2008-05-16 00:00:00,2212.0
2006-02-01 00:00:00,2006-03-23 00:00:00,2006-03-16 00:00:00,2145.0
2006-02-01 00:00:00,2006-05-15 00:00:00,2006-03-24 00:00:00,2179.0
2006-02-01 00:00:00,2006-05-23 00:00:00,2006-05-16 00:00:00,2156.0
2006-02-01 00:00:00,2007-05-15 00:00:00,2006-05-24 00:00:00,2147.0
2006-02-01 00:00:00,2008-05-15 00:00:00,2007-05-16 00:00:00,2129.0
2006-02-01 00:00:00,2018-06-30 00:00:00,2008-05-16 00:00:00,2141.0
2006-03-01 00:00:00,2006-04-25 00:00:00,2006-04-18 00:00:00,2059.0
2006-03-01 00:00:00,2006-05-15 00:00:00,2006-04-26 00:00:00,2094.0
2006-03-01 00:00:00,2006-05-23 00:00:00,2006-05-16 00:00:00,2097.0
2006-03-01 00:00:00,2007-05-15 00:00:00,2006-05-24 00:00:00,2085.0
2006-03-01 00:00:00,2008-05-15 00:00:00,2007-05-16 00:00:00,2097.0
2006-03-01 00:00:00,2018-06-30 00:00:00,2008-05-16 00:00:00,2118.0
2006-04-01 00:00:00,2006-05-23 00:00:00,2006-05-16 00:00:00,1984.0
2006-04-01 00:00:00,2007-05-15 00:00:00,2006-05-24 00:00:00,1973.0
2006-04-01 00:00:00,2008-05-15 00:00:00,2007-05-16 00:00:00,1987.0
2006-04-01 00:00:00,2018-06-30 00:00:00,2008-05-16 00:00:00,1998.0
2006-05-01 00:00:00,2006-06-25 00:00:00,2006-06-20 00:00:00,1932.0
2006-05-01 00:00:00,2007-05-15 00:00:00,2006-06-26 00:00:00,1946.0
2006-05-01 00:00:00,2008-05-15 00:00:00,2007-05-16 00:00:00,1918.0
2006-05-01 00:00:00,2018-06-30 00:00:00,2008-05-16 00:00:00,1905.0
2006-06-01 00:00:00,2006-07-26 00:00:00,2006-07-19 00:00:00,1862.0
2006-06-01 00:00:00,2007-05-15 00:00:00,2006-07-27 00:00:00,1869.0
2006-06-01 00:00:00,2008-05-15 00:00:00,2007-05-16 00:00:00,1879.0
2006-06-01 00:00:00,2018-06-30 00:00:00,2008-05-16 00:00:00,1867.0
2006-07-01 00:00:00,2006-08-23 00:00:00,2006-08-16 00:00:00,1747.0
2006-07-01 00:00:00,2007-05-15 00:00:00,2006-08-24 00:00:00,1763.0
2006-07-01 00:00:00,2008-05-15 00:00:00,2007-05-16 00:00:00,1774.0
2006-07-01 00:00:00,2018-06-30 00:00:00,2008-05-16 00:00:00,1763.0
2006-08-01 00:00:00,2006-09-26 00:00:00,2006-09-19 00:00:00,1722.0
2006-08-01 00:00:00,2007-05-15 00:00:00,2006-09-27 00:00:00,1727.0
2006-08-01 00:00:00,2008-05-15 00:00:00,2007-05-16 00:00:00,1731.0
2006-08-01 00:00:00,2018-06-30 00:00:00,2008-05-16 00:00:00,1722.0
2006-09-01 00:00:00,2006-10-25 00:00:00,2006-10-18 00:00:00,1619.0
2006-09-01 00:00:00,2007-05-15 00:00:00,2006-10-26 00:00:00,1638.0
2006-09-01 00:00:00,2008-05-15 00:00:00,2007-05-16 00:00:00,1654.0
2006-09-01 00:00:00,2018-06-30 00:00:00,2008-05-16 00:00:00,1655.0
2006-10-01 00:00:00,2006-11-27 00:00:00,2006-11-17 00:00:00,1535.0
2006-10-01 00:00:00,2007-05-15 00:00:00,2006-11-28 00:00:00,1553.0
2006-10-01 00:00:00,2008-05-15 00:00:00,2007-05-16 00:00:00,1560.0
2006-10-01 00:00:00,2018-06-30 00:00:00,2008-05-16 00:00:00,1570.0
2006-11-01 00:00:00,2006-12-26 00:00:00,2006-12-19 00:00:00,1506.0
2006-11-01 00:00:00,2007-05-15 00:00:00,2006-12-27 00:00:00,1513.0
2006-11-01 00:00:00,2008-05-15 00:00:00,2007-05-16 00:00:00,1527.0
2006-11-01 00:00:00,2018-06-30 00:00:00,2008-05-16 00:00:00,1535.0
2006-12-01 00:00:00,2007-01-25 00:00:00,2007-01-18 00:00:00,1596.0
2006-12-01 00:00:00,2007-05-15 00:00:00,2007-01-26 00:00:00,1613.0
2006-12-01 00:00:00,2008-05-15 00:00:00,2007-05-16 00:00:00,1628.0
2006-12-01 00:00:00,2018-06-30 00:00:00,2008-05-16 00:00:00,1638.0
2007-01-01 00:00:00,2007-02-26 00:00:00,2007-02-16 00:00:00,1568.0
2007-01-01 00:00:00,2007-05-15 00:00:00,2007-02-27 00:00:00,1571.0
2007-01-01 00:00:00,2008-05-15 00:00:00,2007-05-16 00:00:00,1566.0
2007-01-01 00:00:00,2009-05-18 00:00:00,2008-05-16 00:00:00,1585.0
2007-01-01 00:00:00,2018-06-30 00:00:00,2009-05-19 00:00:00,1626.0
2007-02-01 00:00:00,2007-05-15 00:00:00,2007-03-20 00:00:00,1532.0
2007-02-01 00:00:00,2008-05-15 00:00:00,2007-05-16 00:00:00,1541.0
2007-02-01 00:00:00,2009-05-18 00:00:00,2008-05-16 00:00:00,1580.0
2007-02-01 00:00:00,2018-06-30 00:00:00,2009-05-19 00:00:00,1598.0
2007-03-01 00:00:00,2007-04-24 00:00:00,2007-04-17 00:00:00,1544.0
2007-03-01 00:00:00,2007-05-15 00:00:00,2007-04-25 00:00:00,1564.0
2007-03-01 00:00:00,2008-05-15 00:00:00,2007-05-16 00:00:00,1569.0
2007-03-01 00:00:00,2009-05-18 00:00:00,2008-05-16 00:00:00,1578.0
2007-03-01 00:00:00,2018-06-30 00:00:00,2009-05-19 00:00:00,1596.0
2007-04-01 00:00:00,2007-05-23 00:00:00,2007-05-16 00:00:00,1429.0
2007-04-01 00:00:00,2008-05-15 00:00:00,2007-05-24 00:00:00,1457.0
2007-04-01 00:00:00,2009-05-18 00:00:00,2008-05-16 00:00:00,1489.0
2007-04-01 00:00:00,2018-06-30 00:00:00,2009-05-19 00:00:00,1470.0
2007-05-01 00:00:00,2007-06-25 00:00:00,2007-06-19 00:00:00,1501.0
2007-05-01 00:00:00,2008-05-15 00:00:00,2007-06-26 00:00:00,1520.0
2007-05-01 00:00:00,2009-05-18 00:00:00,2008-05-16 00:00:00,1522.0
2007-05-01 00:00:00,2018-06-30 00:00:00,2009-05-19 00:00:00,1493.0
2007-06-01 00:00:00,2007-07-25 00:00:00,2007-07-18 00:00:00,1406.0
2007-06-01 00:00:00,2008-05-15 00:00:00,2007-07-26 00:00:00,1413.0
2007-06-01 00:00:00,2009-05-18 00:00:00,2008-05-16 00:00:00,1433.0
2007-06-01 00:00:00,2018-06-30 00:00:00,2009-05-19 00:00:00,1407.0
2007-07-01 00:00:00,2007-08-23 00:00:00,2007-08-16 00:00:00,1373.0
2007-07-01 00:00:00,2008-05-15 00:00:00,2007-08-24 00:00:00,1389.0
2007-07-01 00:00:00,2009-05-18 00:00:00,2008-05-16 00:00:00,1386.0
2007-07-01 00:00:00,2018-06-30 00:00:00,2009-05-19 00:00:00,1361.0
2007-08-01 00:00:00,2007-09-26 00:00:00,2007-09-19 00:00:00,1307.0
2007-08-01 00:00:00,2008-05-15 00:00:00,2007-09-27 00:00:00,1322.0
2007-08-01 00:00:00,2009-05-18 00:00:00,2008-05-16 00:00:00,1343.0
2007-08-01 00:00:00,2018-06-30 00:00:00,2009-05-19 00:00:00,1321.0
2007-09-01 00:00:00,2007-10-24 00:00:00,2007-10-17 00:00:00,1226.0
2007-09-01 00:00:00,2008-05-15 00:00:00,2007-10-25 00:00:00,1261.0
2007-09-01 00:00:00,2009-05-18 00:00:00,2008-05-16 00:00:00,1277.0
2007-09-01 00:00:00,2018-06-30 00:00:00,2009-05-19 00:00:00,1261.0
2007-10-01 00:00:00,2007-11-27 00:00:00,2007-11-20 00:00:00,1178.0
2007-10-01 00:00:00,2008-05-15 00:00:00,2007-11-28 00:00:00,1170.0
2007-10-01 00:00:00,2009-05-18 00:00:00,2008-05-16 00:00:00,1182.0
2007-10-01 00:00:00,2018-06-30 00:00:00,2009-05-19 00:00:00,1192.0
2007-11-01 00:00:00,2007-12-26 00:00:00,2007-12-18 00:00:00,1152.0
2007-11-01 00:00:00,2008-05-15 00:00:00,2007-12-27 00:00:00,1162.0
2007-11-01 00:00:00,2009-05-18 00:00:00,2008-05-16 00:00:00,1187.0
2007-11-01 00:00:00,2018-06-30 00:00:00,2009-05-19 00:00:00,1224.0
2007-12-01 00:00:00,2008-01-27 00:00:00,2008-01-17 00:00:00,1068.0
2007-12-01 00:00:00,2008-05-15 00:00:00,2008-01-28 00:00:00,1080.0
2007-12-01 00:00:00,2009-05-18 00:00:00,2008-05-16 00:00:00,1111.0
2007-12-01 00:00:00,2018-06-30 00:00:00,2009-05-19 00:00:00,1149.0
2008-01-01 00:00:00,2008-02-26 00:00:00,2008-02-20 00:00:00,1048.0
2008-01-01 00:00:00,2008-05-15 00:00:00,2008-02-27 00:00:00,1061.0
2008-01-01 00:00:00,2009-05-18 00:00:00,2008-05-16 00:00:00,1052.0
2008-01-01 00:00:00,2010-05-17 00:00:00,2009-05-19 00:00:00,1102.0
2008-01-01 00:00:00,2018-06-30 00:00:00,2010-05-18 00:00:00,1094.0
2008-02-01 00:00:00,2008-03-25 00:00:00,2008-03-18 00:00:00,978.0
2008-02-01 00:00:00,2008-05-15 00:00:00,2008-03-26 00:00:00,984.0
2008-02-01 00:00:00,2009-05-18 00:00:00,2008-05-16 00:00:00,981.0
2008-02-01 00:00:00,2010-05-17 00:00:00,2009-05-19 00:00:00,1015.0
2008-02-01 00:00:00,2018-06-30 00:00:00,2010-05-18 00:00:00,1014.0
2008-03-01 00:00:00,2008-04-23 00:00:00,2008-04-16 00:00:00,927.0
2008-03-01 00:00:00,2008-05-15 00:00:00,2008-04-24 00:00:00,928.0
2008-03-01 00:00:00,2009-05-18 00:00:00,2008-05-16 00:00:00,932.0
2008-03-01 00:00:00,2010-05-17 00:00:00,2009-05-19 00:00:00,968.0
2008-03-01 00:00:00,2018-06-30 00:00:00,2010-05-18 00:00:00,967.0
2008-04-01 00:00:00,2008-05-26 00:00:00,2008-05-16 00:00:00,978.0
2008-04-01 00:00:00,2009-05-18 00:00:00,2008-05-27 00:00:00,982.0
2008-04-01 00:00:00,2010-05-17 00:00:00,2009-05-19 00:00:00,991.0
2008-04-01 00:00:00,2018-06-30 00:00:00,2010-05-18 00:00:00,1008.0
2008-05-01 00:00:00,2008-06-24 00:00:00,2008-06-17 00:00:00,969.0
2008-05-01 00:00:00,2010-05-17 00:00:00,2008-06-25 00:00:00,978.0
2008-05-01 00:00:00,2018-06-30 00:00:00,2010-05-18 00:00:00,995.0
2008-06-01 00:00:00,2008-07-24 00:00:00,2008-07-17 00:00:00,1091.0
2008-06-01 00:00:00,2009-05-18 00:00:00,2008-07-25 00:00:00,1138.0
2008-06-01 00:00:00,2010-05-17 00:00:00,2009-05-19 00:00:00,1174.0
2008-06-01 00:00:00,2018-06-30 00:00:00,2010-05-18 00:00:00,1180.0
2008-07-01 00:00:00,2009-05-18 00:00:00,2008-08-19 00:00:00,937.0
2008-07-01 00:00:00,2010-05-17 00:00:00,2009-05-19 00:00:00,924.0
2008-07-01 00:00:00,2018-06-30 00:00:00,2010-05-18 00:00:00,921.0
2008-08-01 00:00:00,2008-09-24 00:00:00,2008-09-17 00:00:00,854.0
2008-08-01 00:00:00,2010-05-17 00:00:00,2008-09-25 00:00:00,857.0
2008-08-01 00:00:00,2018-06-30 00:00:00,2010-05-18 00:00:00,858.0
2008-09-01 00:00:00,2008-10-26 00:00:00,2008-10-17 00:00:00,786.0
2008-09-01 00:00:00,2009-05-18 00:00:00,2008-10-27 00:00:00,805.0
2008-09-01 00:00:00,2010-05-17 00:00:00,2009-05-19 00:00:00,806.0
2008-09-01 00:00:00,2018-06-30 00:00:00,2010-05-18 00:00:00,797.0
2008-10-01 00:00:00,2008-11-25 00:00:00,2008-11-19 00:00:00,708.0
2008-10-01 00:00:00,2009-05-18 00:00:00,2008-11-26 00:00:00,730.0
2008-10-01 00:00:00,2010-05-17 00:00:00,2009-05-19 00:00:00,729.0
2008-10-01 00:00:00,2018-06-30 00:00:00,2010-05-18 00:00:00,736.0
2008-11-01 00:00:00,2008-12-22 00:00:00,2008-12-16 00:00:00,616.0
2008-11-01 00:00:00,2009-05-18 00:00:00,2008-12-23 00:00:00,615.0
2008-11-01 00:00:00,2010-05-17 00:00:00,2009-05-19 00:00:00,630.0
2008-11-01 00:00:00,2018-06-30 00:00:00,2010-05-18 00:00:00,626.0
2008-12-01 00:00:00,2009-01-28 00:00:00,2009-01-22 00:00:00,549.0
2008-12-01 00:00:00,2009-05-18 00:00:00,2009-01-29 00:00:00,547.0
2008-12-01 00:00:00,2010-05-17 00:00:00,2009-05-19 00:00:00,564.0
2008-12-01 00:00:00,2018-06-30 00:00:00,2010-05-18 00:00:00,554.0
2009-01-01 00:00:00,2009-02-25 00:00:00,2009-02-18 00:00:00,521.0
2009-01-01 00:00:00,2010-05-17 00:00:00,2009-02-26 00:00:00,531.0
2009-01-01 00:00:00,2011-05-16 00:00:00,2010-05-18 00:00:00,549.0
2009-01-01 00:00:00,2018-06-30 00:00:00,2011-05-17 00:00:00,545.0
2009-02-01 00:00:00,2009-03-24 00:00:00,2009-03-17 00:00:00,547.0
2009-02-01 00:00:00,2009-05-18 00:00:00,2009-03-25 00:00:00,564.0
2009-02-01 00:00:00,2010-05-17 00:00:00,2009-05-19 00:00:00,550.0
2009-02-01 00:00:00,2011-05-16 00:00:00,2010-05-18 00:00:00,566.0
2009-02-01 00:00:00,2018-06-30 00:00:00,2011-05-17 00:00:00,558.0
2009-03-01 00:00:00,2009-04-23 00:00:00,2009-04-16 00:00:00,513.0
2009-03-01 00:00:00,2009-05-18 00:00:00,2009-04-24 00:00:00,516.0
2009-03-01 00:00:00,2010-05-17 00:00:00,2009-05-19 00:00:00,511.0
2009-03-01 00:00:00,2011-05-16 00:00:00,2010-05-18 00:00:00,522.0
2009-03-01 00:00:00,2018-06-30 00:00:00,2011-05-17 00:00:00,513.0
2009-04-01 00:00:00,2009-05-26 00:00:00,2009-05-19 00:00:00,494.0
2009-04-01 00:00:00,2010-05-17 00:00:00,2009-05-27 00:00:00,498.0
2009-04-01 00:00:00,2011-05-16 00:00:00,2010-05-18 00:00:00,523.0
2009-04-01 00:00:00,2018-06-30 00:00:00,2011-05-17 00:00:00,521.0
2009-05-01 00:00:00,2010-05-17 00:00:00,2009-06-16 00:00:00,518.0
2009-05-01 00:00:00,2011-05-16 00:00:00,2010-05-18 00:00:00,550.0
2009-05-01 00:00:00,2018-06-30 00:00:00,2011-05-17 00:00:00,556.0
2009-06-01 00:00:00,2009-07-26 00:00:00,2009-07-17 00:00:00,563.0
2009-06-01 00:00:00,2010-05-17 00:00:00,2009-07-27 00:00:00,570.0
2009-06-01 00:00:00,2011-05-16 00:00:00,2010-05-18 00:00:00,600.0
2009-06-01 00:00:00,2018-06-30 00:00:00,2011-05-17 00:00:00,601.0
2009-07-01 00:00:00,2009-08-25 00:00:00,2009-08-18 00:00:00,560.0
2009-07-01 00:00:00,2010-05-17 00:00:00,2009-08-26 00:00:00,564.0
2009-07-01 00:00:00,2011-05-16 00:00:00,2010-05-18 00:00:00,587.0
2009-07-01 00:00:00,2018-06-30 00:00:00,2011-05-17 00:00:00,595.0
2009-08-01 00:00:00,2009-09-24 00:00:00,2009-09-17 00:00:00,579.0
2009-08-01 00:00:00,2010-05-17 00:00:00,2009-09-25 00:00:00,580.0
2009-08-01 00:00:00,2011-05-16 00:00:00,2010-05-18 00:00:00,610.0
2009-08-01 00:00:00,2018-06-30 00:00:00,2011-05-17 00:00:00,616.0
2009-09-01 00:00:00,2009-10-26 00:00:00,2009-10-20 00:00:00,573.0
2009-09-01 00:00:00,2010-05-17 00:00:00,2009-10-27 00:00:00,575.0
2009-09-01 00:00:00,2011-05-16 00:00:00,2010-05-18 00:00:00,605.0
2009-09-01 00:00:00,2018-06-30 00:00:00,2011-05-17 00:00:00,609.0
2009-10-01 00:00:00,2009-11-24 00:00:00,2009-11-18 00:00:00,552.0
2009-10-01 00:00:00,2010-05-17 00:00:00,2009-11-25 00:00:00,551.0
2009-10-01 00:00:00,2011-05-16 00:00:00,2010-05-18 00:00:00,576.0
2009-10-01 00:00:00,2018-06-30 00:00:00,2011-05-17 00:00:00,583.0
2009-11-01 00:00:00,2009-12-22 00:00:00,2009-12-16 00:00:00,584.0
2009-11-01 00:00:00,2010-05-17 00:00:00,2009-12-23 00:00:00,589.0
2009-11-01 00:00:00,2011-05-16 00:00:00,2010-05-18 00:00:00,621.0
2009-11-01 00:00:00,2018-06-30 00:00:00,2011-05-17 00:00:00,623.0
2009-12-01 00:00:00,2010-05-17 00:00:00,2010-01-20 00:00:00,653.0
2009-12-01 00:00:00,2011-05-16 00:00:00,2010-05-18 00:00:00,681.0
2009-12-01 00:00:00,2018-06-30 00:00:00,2011-05-17 00:00:00,664.0
2010-01-01 00:00:00,2010-02-24 00:00:00,2010-02-17 00:00:00,621.0
2010-01-01 00:00:00,2010-05-17 00:00:00,2010-02-25 00:00:00,622.0
2010-01-01 00:00:00,2011-05-16 00:00:00,2010-05-18 00:00:00,629.0
2010-01-01 00:00:00,2018-06-30 00:00:00,2011-05-17 00:00:00,636.0
2010-02-01 00:00:00,2010-03-23 00:00:00,2010-03-16 00:00:00,612.0
2010-02-01 00:00:00,2010-05-17 00:00:00,2010-03-24 00:00:00,637.0
2010-02-01 00:00:00,2011-05-16 00:00:00,2010-05-18 00:00:00,650.0
2010-02-01 00:00:00,2012-05-15 00:00:00,2011-05-17 00:00:00,655.0
2010-02-01 00:00:00,2018-06-30 00:00:00,2012-05-16 00:00:00,650.0
2010-03-01 00:00:00,2010-04-25 00:00:00,2010-04-16 00:00:00,685.0
2010-03-01 00:00:00,2010-05-17 00:00:00,2010-04-26 00:00:00,680.0
2010-03-01 00:00:00,2011-05-16 00:00:00,2010-05-18 00:00:00,685.0
2010-03-01 00:00:00,2012-05-15 00:00:00,2011-05-17 00:00:00,688.0
2010-03-01 00:00:00,2018-06-30 00:00:00,2012-05-16 00:00:00,687.0
2010-04-01 00:00:00,2010-05-25 00:00:00,2010-05-18 00:00:00,606.0
2010-04-01 00:00:00,2011-05-16 00:00:00,2010-05-26 00:00:00,610.0
2010-04-01 00:00:00,2012-05-15 00:00:00,2011-05-17 00:00:00,632.0
2010-04-01 00:00:00,2018-06-30 00:00:00,2012-05-16 00:00:00,637.0
2010-05-01 00:00:00,2011-05-16 00:00:00,2010-06-16 00:00:00,574.0
2010-05-01 00:00:00,2012-05-15 00:00:00,2011-05-17 00:00:00,582.0
2010-05-01 00:00:00,2018-06-30 00:00:00,2012-05-16 00:00:00,575.0
2010-06-01 00:00:00,2010-07-26 00:00:00,2010-07-20 00:00:00,586.0
2010-06-01 00:00:00,2011-05-16 00:00:00,2010-07-27 00:00:00,583.0
2010-06-01 00:00:00,2012-05-15 00:00:00,2011-05-17 00:00:00,585.0
2010-06-01 00:00:00,2018-06-30 00:00:00,2012-05-16 00:00:00,587.0
2010-07-01 00:00:00,2010-08-24 00:00:00,2010-08-17 00:00:00,565.0
2010-07-01 00:00:00,2011-05-16 00:00:00,2010-08-25 00:00:00,559.0
2010-07-01 00:00:00,2012-05-15 00:00:00,2011-05-17 00:00:00,575.0
2010-07-01 00:00:00,2018-06-30 00:00:00,2012-05-16 00:00:00,579.0
2010-08-01 00:00:00,2010-09-26 00:00:00,2010-09-21 00:00:00,569.0
2010-08-01 00:00:00,2011-05-16 00:00:00,2010-09-27 00:00:00,571.0
2010-08-01 00:00:00,2012-05-15 00:00:00,2011-05-17 00:00:00,575.0
2010-08-01 00:00:00,2018-06-30 00:00:00,2012-05-16 00:00:00,580.0
2010-09-01 00:00:00,2010-10-26 00:00:00,2010-10-19 00:00:00,539.0
2010-09-01 00:00:00,2011-05-16 00:00:00,2010-10-27 00:00:00,547.0
2010-09-01 00:00:00,2012-05-15 00:00:00,2011-05-17 00:00:00,562.0
2010-09-01 00:00:00,2018-06-30 00:00:00,2012-05-16 00:00:00,563.0
2010-10-01 00:00:00,2010-11-23 00:00:00,2010-11-17 00:00:00,550.0
2010-10-01 00:00:00,2011-05-16 00:00:00,2010-11-24 00:00:00,552.0
2010-10-01 00:00:00,2012-05-15 00:00:00,2011-05-17 00:00:00,555.0
2010-10-01 00:00:00,2018-06-30 00:00:00,2012-05-16 00:00:00,558.0
2010-11-01 00:00:00,2010-12-22 00:00:00,2010-12-16 00:00:00,530.0
2010-11-01 00:00:00,2011-05-16 00:00:00,2010-12-23 00:00:00,544.0
2010-11-01 00:00:00,2012-05-15 00:00:00,2011-05-17 00:00:00,564.0
2010-11-01 00:00:00,2018-06-30 00:00:00,2012-05-16 00:00:00,560.0
2010-12-01 00:00:00,2011-01-26 00:00:00,2011-01-19 00:00:00,635.0
2010-12-01 00:00:00,2011-05-16 00:00:00,2011-01-27 00:00:00,627.0
2010-12-01 00:00:00,2012-05-15 00:00:00,2011-05-17 00:00:00,630.0
2010-12-01 00:00:00,2018-06-30 00:00:00,2012-05-16 00:00:00,632.0
2011-01-01 00:00:00,2011-02-24 00:00:00,2011-02-16 00:00:00,562.0
2011-01-01 00:00:00,2011-05-16 00:00:00,2011-02-25 00:00:00,563.0
2011-01-01 00:00:00,2012-05-15 00:00:00,2011-05-17 00:00:00,568.0
2011-01-01 00:00:00,2013-05-15 00:00:00,2012-05-16 00:00:00,566.0
2011-01-01 00:00:00,2018-06-30 00:00:00,2013-05-16 00:00:00,576.0
2011-02-01 00:00:00,2011-03-23 00:00:00,2011-03-16 00:00:00,517.0
2011-02-01 00:00:00,2012-05-15 00:00:00,2011-03-24 00:00:00,534.0
2011-02-01 00:00:00,2013-05-15 00:00:00,2012-05-16 00:00:00,536.0
2011-02-01 00:00:00,2018-06-30 00:00:00,2013-05-16 00:00:00,542.0
2011-03-01 00:00:00,2011-04-25 00:00:00,2011-04-19 00:00:00,594.0
2011-03-01 00:00:00,2011-05-16 00:00:00,2011-04-26 00:00:00,585.0
2011-03-01 00:00:00,2012-05-15 00:00:00,2011-05-17 00:00:00,574.0
2011-03-01 00:00:00,2013-05-15 00:00:00,2012-05-16 00:00:00,590.0
2011-03-01 00:00:00,2018-06-30 00:00:00,2013-05-16 00:00:00,583.0
2011-04-01 00:00:00,2011-05-24 00:00:00,2011-05-17 00:00:00,551.0
2011-04-01 00:00:00,2012-05-15 00:00:00,2011-05-25 00:00:00,563.0
2011-04-01 00:00:00,2013-05-15 00:00:00,2012-05-16 00:00:00,578.0
2011-04-01 00:00:00,2018-06-30 00:00:00,2013-05-16 00:00:00,581.0
2011-05-01 00:00:00,2011-06-23 00:00:00,2011-06-16 00:00:00,612.0
2011-05-01 00:00:00,2012-05-15 00:00:00,2011-06-24 00:00:00,609.0
2011-05-01 00:00:00,2013-05-15 00:00:00,2012-05-16 00:00:00,624.0
2011-05-01 00:00:00,2018-06-30 00:00:00,2013-05-16 00:00:00,618.0
2011-06-01 00:00:00,2011-07-26 00:00:00,2011-07-19 00:00:00,624.0
2011-06-01 00:00:00,2012-05-15 00:00:00,2011-07-27 00:00:00,617.0
2011-06-01 00:00:00,2013-05-15 00:00:00,2012-05-16 00:00:00,633.0
2011-06-01 00:00:00,2018-06-30 00:00:00,2013-05-16 00:00:00,636.0
2011-07-01 00:00:00,2011-08-23 00:00:00,2011-08-16 00:00:00,597.0
2011-07-01 00:00:00,2012-05-15 00:00:00,2011-08-24 00:00:00,601.0
2011-07-01 00:00:00,2013-05-15 00:00:00,2012-05-16 00:00:00,627.0
2011-07-01 00:00:00,2018-06-30 00:00:00,2013-05-16 00:00:00,621.0
2011-08-01 00:00:00,2011-09-26 00:00:00,2011-09-20 00:00:00,620.0
2011-08-01 00:00:00,2012-05-15 00:00:00,2011-09-27 00:00:00,625.0
2011-08-01 00:00:00,2013-05-15 00:00:00,2012-05-16 00:00:00,645.0
2011-08-01 00:00:00,2018-06-30 00:00:00,2013-05-16 00:00:00,647.0
2011-09-01 00:00:00,2011-10-26 00:00:00,2011-10-19 00:00:00,594.0
2011-09-01 00:00:00,2012-05-15 00:00:00,2011-10-27 00:00:00,589.0
2011-09-01 00:00:00,2013-05-15 00:00:00,2012-05-16 00:00:00,616.0
2011-09-01 00:00:00,2018-06-30 00:00:00,2013-05-16 00:00:00,610.0
2011-10-01 00:00:00,2011-11-27 00:00:00,2011-11-17 00:00:00,653.0
2011-10-01 00:00:00,2012-05-15 00:00:00,2011-11-28 00:00:00,644.0
2011-10-01 00:00:00,2013-05-15 00:00:00,2012-05-16 00:00:00,667.0
2011-10-01 00:00:00,2018-06-30 00:00:00,2013-05-16 00:00:00,671.0
2011-11-01 00:00:00,2011-12-22 00:00:00,2011-12-20 00:00:00,681.0
2011-11-01 00:00:00,2012-05-15 00:00:00,2011-12-23 00:00:00,680.0
2011-11-01 00:00:00,2013-05-15 00:00:00,2012-05-16 00:00:00,709.0
2011-11-01 00:00:00,2018-06-30 00:00:00,2013-05-16 00:00:00,706.0
2011-12-01 00:00:00,2012-01-26 00:00:00,2012-01-19 00:00:00,679.0
2011-12-01 00:00:00,2012-05-15 00:00:00,2012-01-27 00:00:00,671.0
2011-12-01 00:00:00,2013-05-15 00:00:00,2012-05-16 00:00:00,701.0
2011-12-01 00:00:00,2018-06-30 00:00:00,2013-05-16 00:00:00,697.0
2012-01-01 00:00:00,2012-02-26 00:00:00,2012-02-16 00:00:00,676.0
2012-01-01 00:00:00,2012-05-15 00:00:00,2012-02-27 00:00:00,682.0
2012-01-01 00:00:00,2013-05-15 00:00:00,2012-05-16 00:00:00,684.0
2012-01-01 00:00:00,2014-05-15 00:00:00,2013-05-16 00:00:00,714.0
2012-01-01 00:00:00,2015-02-17 00:00:00,2014-05-16 00:00:00,715.0
2012-01-01 00:00:00,2015-03-16 00:00:00,2015-02-18 00:00:00,714.0
2012-01-01 00:00:00,2018-05-15 00:00:00,2015-03-17 00:00:00,715.0
2012-01-01 00:00:00,2018-06-30 00:00:00,2018-05-16 00:00:00,712.0
2012-02-01 00:00:00,2012-03-25 00:00:00,2012-03-20 00:00:00,717.0
2012-02-01 00:00:00,2012-05-15 00:00:00,2012-03-26 00:00:00,715.0
2012-02-01 00:00:00,2013-05-15 00:00:00,2012-05-16 00:00:00,707.0
2012-02-01 00:00:00,2014-05-15 00:00:00,2013-05-16 00:00:00,739.0
2012-02-01 00:00:00,2015-02-17 00:00:00,2014-05-16 00:00:00,733.0
2012-02-01 00:00:00,2015-03-16 00:00:00,2015-02-18 00:00:00,739.0
2012-02-01 00:00:00,2018-05-15 00:00:00,2015-03-17 00:00:00,733.0
2012-02-01 00:00:00,2018-06-30 00:00:00,2018-05-16 00:00:00,738.0
2012-03-01 00:00:00,2012-04-24 00:00:00,2012-04-17 00:00:00,747.0
2012-03-01 00:00:00,2012-05-15 00:00:00,2012-04-25 00:00:00,764.0
2012-03-01 00:00:00,2013-05-15 00:00:00,2012-05-16 00:00:00,769.0
2012-03-01 00:00:00,2014-05-15 00:00:00,2013-05-16 00:00:00,785.0
2012-03-01 00:00:00,2015-02-17 00:00:00,2014-05-16 00:00:00,797.0
2012-03-01 00:00:00,2015-03-16 00:00:00,2015-02-18 00:00:00,785.0
2012-03-01 00:00:00,2018-05-15 00:00:00,2015-03-17 00:00:00,797.0
2012-03-01 00:00:00,2018-06-30 00:00:00,2018-05-16 00:00:00,806.0
2012-04-01 00:00:00,2012-05-23 00:00:00,2012-05-16 00:00:00,715.0
2012-04-01 00:00:00,2013-05-15 00:00:00,2012-05-24 00:00:00,723.0
2012-04-01 00:00:00,2014-05-15 00:00:00,2013-05-16 00:00:00,749.0
2012-04-01 00:00:00,2015-02-17 00:00:00,2014-05-16 00:00:00,747.0
2012-04-01 00:00:00,2015-03-16 00:00:00,2015-02-18 00:00:00,749.0
2012-04-01 00:00:00,2018-05-15 00:00:00,2015-03-17 00:00:00,747.0
2012-04-01 00:00:00,2018-06-30 00:00:00,2018-05-16 00:00:00,732.0
2012-05-01 00:00:00,2012-06-25 00:00:00,2012-06-19 00:00:00,780.0
2012-05-01 00:00:00,2013-05-15 00:00:00,2012-06-26 00:00:00,784.0
2012-05-01 00:00:00,2014-05-15 00:00:00,2013-05-16 00:00:00,806.0
2012-05-01 00:00:00,2015-02-17 00:00:00,2014-05-16 00:00:00,807.0
2012-05-01 00:00:00,2015-03-16 00:00:00,2015-02-18 00:00:00,806.0
2012-05-01 00:00:00,2018-05-15 00:00:00,2015-03-17 00:00:00,807.0
2012-05-01 00:00:00,2018-06-30 00:00:00,2018-05-16 00:00:00,796.0
2012-06-01 00:00:00,2012-07-25 00:00:00,2012-07-18 00:00:00,755.0
2012-06-01 00:00:00,2013-05-15 00:00:00,2012-07-26 00:00:00,760.0
2012-06-01 00:00:00,2014-05-15 00:00:00,2013-05-16 00:00:00,785.0
2012-06-01 00:00:00,2015-02-17 00:00:00,2014-05-16 00:00:00,790.0
2012-06-01 00:00:00,2015-03-16 00:00:00,2015-02-18 00:00:00,785.0
2012-06-01 00:00:00,2018-05-15 00:00:00,2015-03-17 00:00:00,790.0
2012-06-01 00:00:00,2018-06-30 00:00:00,2018-05-16 00:00:00,794.0
2012-07-01 00:00:00,2012-08-23 00:00:00,2012-08-16 00:00:00,812.0
2012-07-01 00:00:00,2013-05-15 00:00:00,2012-08-24 00:00:00,811.0
2012-07-01 00:00:00,2014-05-15 00:00:00,2013-05-16 00:00:00,839.0
2012-07-01 00:00:00,2015-02-17 00:00:00,2014-05-16 00:00:00,840.0
2012-07-01 00:00:00,2015-03-16 00:00:00,2015-02-18 00:00:00,839.0
2012-07-01 00:00:00,2018-05-15 00:00:00,2015-03-17 00:00:00,840.0
2012-07-01 00:00:00,2018-06-30 00:00:00,2018-05-16 00:00:00,849.0
2012-08-01 00:00:00,2012-09-26 00:00:00,2012-09-19 00:00:00,803.0
2012-08-01 00:00:00,2013-05-15 00:00:00,2012-09-27 00:00:00,801.0
2012-08-01 00:00:00,2014-05-15 00:00:00,2013-05-16 00:00:00,827.0
2012-08-01 00:00:00,2015-02-17 00:00:00,2014-05-16 00:00:00,832.0
2012-08-01 00:00:00,2015-03-16 00:00:00,2015-02-18 00:00:00,827.0
2012-08-01 00:00:00,2018-05-15 00:00:00,2015-03-17 00:00:00,832.0
2012-08-01 00:00:00,2018-06-30 00:00:00,2018-05-16 00:00:00,840.0
2012-09-01 00:00:00,2012-10-24 00:00:00,2012-10-17 00:00:00,894.0
2012-09-01 00:00:00,2013-05-15 00:00:00,2012-10-25 00:00:00,890.0
2012-09-01 00:00:00,2018-05-15 00:00:00,2013-05-16 00:00:00,921.0
2012-09-01 00:00:00,2018-06-30 00:00:00,2018-05-16 00:00:00,930.0
2012-10-01 00:00:00,2012-11-28 00:00:00,2012-11-20 00:00:00,866.0
2012-10-01 00:00:00,2013-05-15 00:00:00,2012-11-29 00:00:00,868.0
2012-10-01 00:00:00,2014-05-15 00:00:00,2013-05-16 00:00:00,908.0
2012-10-01 00:00:00,2015-02-17 00:00:00,2014-05-16 00:00:00,895.0
2012-10-01 00:00:00,2015-03-16 00:00:00,2015-02-18 00:00:00,908.0
2012-10-01 00:00:00,2018-05-15 00:00:00,2015-03-17 00:00:00,895.0
2012-10-01 00:00:00,2018-06-30 00:00:00,2018-05-16 00:00:00,887.0
2012-11-01 00:00:00,2012-12-27 00:00:00,2012-12-19 00:00:00,899.0
2012-11-01 00:00:00,2013-05-15 00:00:00,2012-12-28 00:00:00,900.0
2012-11-01 00:00:00,2014-05-15 00:00:00,2013-05-16 00:00:00,933.0
2012-11-01 00:00:00,2015-02-17 00:00:00,2014-05-16 00:00:00,930.0
2012-11-01 00:00:00,2015-03-16 00:00:00,2015-02-18 00:00:00,933.0
2012-11-01 00:00:00,2018-05-15 00:00:00,2015-03-17 00:00:00,930.0
2012-11-01 00:00:00,2018-06-30 00:00:00,2018-05-16 00:00:00,917.0
2012-12-01 00:00:00,2013-01-27 00:00:00,2013-01-17 00:00:00,903.0
2012-12-01 00:00:00,2013-05-15 00:00:00,2013-01-28 00:00:00,909.0
2012-12-01 00:00:00,2014-05-15 00:00:00,2013-05-16 00:00:00,943.0
2012-12-01 00:00:00,2015-02-17 00:00:00,2014-05-16 00:00:00,938.0
2012-12-01 00:00:00,2015-03-16 00:00:00,2015-02-18 00:00:00,943.0
2012-12-01 00:00:00,2018-05-15 00:00:00,2015-03-17 00:00:00,938.0
2012-12-01 00:00:00,2018-06-30 00:00:00,2018-05-16 00:00:00,941.0
2013-01-01 00:00:00,2013-02-26 00:00:00,2013-02-20 00:00:00,925.0
2013-01-01 00:00:00,2013-05-15 00:00:00,2013-02-27 00:00:00,904.0
2013-01-01 00:00:00,2014-05-15 00:00:00,2013-05-16 00:00:00,915.0
2013-01-01 00:00:00,2015-02-17 00:00:00,2014-05-16 00:00:00,947.0
2013-01-01 00:00:00,2015-03-16 00:00:00,2015-02-18 00:00:00,915.0
2013-01-01 00:00:00,2015-05-18 00:00:00,2015-03-17 00:00:00,947.0
2013-01-01 00:00:00,2018-05-15 00:00:00,2015-05-19 00:00:00,928.0
2013-01-01 00:00:00,2018-06-30 00:00:00,2018-05-16 00:00:00,940.0
2013-02-01 00:00:00,2013-03-25 00:00:00,2013-03-19 00:00:00,946.0
2013-02-01 00:00:00,2013-05-15 00:00:00,2013-03-26 00:00:00,939.0
2013-02-01 00:00:00,2014-05-15 00:00:00,2013-05-16 00:00:00,952.0
2013-02-01 00:00:00,2015-02-17 00:00:00,2014-05-16 00:00:00,976.0
2013-02-01 00:00:00,2015-03-16 00:00:00,2015-02-18 00:00:00,952.0
2013-02-01 00:00:00,2015-05-18 00:00:00,2015-03-17 00:00:00,976.0
2013-02-01 00:00:00,2018-05-15 00:00:00,2015-05-19 00:00:00,971.0
2013-02-01 00:00:00,2018-06-30 00:00:00,2018-05-16 00:00:00,979.0
2013-03-01 00:00:00,2013-04-23 00:00:00,2013-04-16 00:00:00,902.0
2013-03-01 00:00:00,2013-05-15 00:00:00,2013-04-24 00:00:00,907.0
2013-03-01 00:00:00,2014-05-15 00:00:00,2013-05-16 00:00:00,890.0
2013-03-01 00:00:00,2015-02-17 00:00:00,2014-05-16 00:00:00,926.0
2013-03-01 00:00:00,2015-03-16 00:00:00,2015-02-18 00:00:00,890.0
2013-03-01 00:00:00,2015-05-18 00:00:00,2015-03-17 00:00:00,926.0
2013-03-01 00:00:00,2018-05-15 00:00:00,2015-05-19 00:00:00,932.0
2013-03-01 00:00:00,2018-06-30 00:00:00,2018-05-16 00:00:00,936.0
2013-04-01 00:00:00,2013-05-23 00:00:00,2013-05-16 00:00:00,1017.0
2013-04-01 00:00:00,2014-05-15 00:00:00,2013-05-24 00:00:00,1005.0
2013-04-01 00:00:00,2015-02-17 00:00:00,2014-05-16 00:00:00,1040.0
2013-04-01 00:00:00,2015-03-16 00:00:00,2015-02-18 00:00:00,1005.0
2013-04-01 00:00:00,2015-05-18 00:00:00,2015-03-17 00:00:00,1040.0
2013-04-01 00:00:00,2018-05-15 00:00:00,2015-05-19 00:00:00,1015.0
2013-04-01 00:00:00,2018-06-30 00:00:00,2018-05-16 00:00:00,1016.0
2013-05-01 00:00:00,2013-06-25 00:00:00,2013-06-18 00:00:00,974.0
2013-05-01 00:00:00,2014-05-15 00:00:00,2013-06-26 00:00:00,985.0
2013-05-01 00:00:00,2015-02-17 00:00:00,2014-05-16 00:00:00,1010.0
2013-05-01 00:00:00,2015-03-16 00:00:00,2015-02-18 00:00:00,985.0
2013-05-01 00:00:00,2015-05-18 00:00:00,2015-03-17 00:00:00,1010.0
2013-05-01 00:00:00,2018-05-15 00:00:00,2015-05-19 00:00:00,1016.0
2013-05-01 00:00:00,2018-06-30 00:00:00,2018-05-16 00:00:00,1003.0
2013-06-01 00:00:00,2013-07-24 00:00:00,2013-07-17 00:00:00,911.0
2013-06-01 00:00:00,2014-05-15 00:00:00,2013-07-25 00:00:00,918.0
2013-06-01 00:00:00,2015-02-17 00:00:00,2014-05-16 00:00:00,938.0
2013-06-01 00:00:00,2015-03-16 00:00:00,2015-02-18 00:00:00,918.0
2013-06-01 00:00:00,2015-05-18 00:00:00,2015-03-17 00:00:00,938.0
2013-06-01 00:00:00,2018-05-15 00:00:00,2015-05-19 00:00:00,951.0
2013-06-01 00:00:00,2018-06-30 00:00:00,2018-05-16 00:00:00,941.0
2013-07-01 00:00:00,2013-08-25 00:00:00,2013-08-16 00:00:00,943.0
2013-07-01 00:00:00,2014-05-15 00:00:00,2013-08-26 00:00:00,954.0
2013-07-01 00:00:00,2015-02-17 00:00:00,2014-05-16 00:00:00,977.0
2013-07-01 00:00:00,2015-03-16 00:00:00,2015-02-18 00:00:00,954.0
2013-07-01 00:00:00,2015-05-18 00:00:00,2015-03-17 00:00:00,977.0
2013-07-01 00:00:00,2018-05-15 00:00:00,2015-05-19 00:00:00,986.0
2013-07-01 00:00:00,2018-06-30 00:00:00,2018-05-16 00:00:00,998.0
2013-08-01 00:00:00,2013-09-25 00:00:00,2013-09-18 00:00:00,918.0
2013-08-01 00:00:00,2014-05-15 00:00:00,2013-09-26 00:00:00,926.0
2013-08-01 00:00:00,2015-02-17 00:00:00,2014-05-16 00:00:00,948.0
2013-08-01 00:00:00,2015-03-16 00:00:00,2015-02-18 00:00:00,926.0
2013-08-01 00:00:00,2015-05-18 00:00:00,2015-03-17 00:00:00,948.0
2013-08-01 00:00:00,2018-05-15 00:00:00,2015-05-19 00:00:00,947.0
2013-08-01 00:00:00,2018-06-30 00:00:00,2018-05-16 00:00:00,961.0
2013-09-01 00:00:00,2014-05-15 00:00:00,2013-11-26 00:00:00,974.0
2013-09-01 00:00:00,2015-02-17 00:00:00,2014-05-16 00:00:00,993.0
2013-09-01 00:00:00,2015-03-16 00:00:00,2015-02-18 00:00:00,974.0
2013-09-01 00:00:00,2015-05-18 00:00:00,2015-03-17 00:00:00,993.0
2013-09-01 00:00:00,2018-05-15 00:00:00,2015-05-19 00:00:00,1015.0
2013-09-01 00:00:00,2018-06-30 00:00:00,2018-05-16 00:00:00,1004.0
2013-10-01 00:00:00,2013-11-26 00:00:00,2013-11-26 00:00:00,1034.0
2013-10-01 00:00:00,2014-05-15 00:00:00,2013-11-27 00:00:00,1039.0
2013-10-01 00:00:00,2015-02-17 00:00:00,2014-05-16 00:00:00,1067.0
2013-10-01 00:00:00,2015-03-16 00:00:00,2015-02-18 00:00:00,1039.0
2013-10-01 00:00:00,2015-05-18 00:00:00,2015-03-17 00:00:00,1067.0
2013-10-01 00:00:00,2018-05-15 00:00:00,2015-05-19 00:00:00,1031.0
2013-10-01 00:00:00,2018-06-30 00:00:00,2018-05-16 00:00:00,1041.0
2013-11-01 00:00:00,2013-12-23 00:00:00,2013-12-18 00:00:00,1007.0
2013-11-01 00:00:00,2014-05-15 00:00:00,2013-12-24 00:00:00,1017.0
2013-11-01 00:00:00,2015-02-17 00:00:00,2014-05-16 00:00:00,1037.0
2013-11-01 00:00:00,2015-03-16 00:00:00,2015-02-18 00:00:00,1017.0
2013-11-01 00:00:00,2015-05-18 00:00:00,2015-03-17 00:00:00,1037.0
2013-11-01 00:00:00,2018-05-15 00:00:00,2015-05-19 00:00:00,1042.0
2013-11-01 00:00:00,2018-06-30 00:00:00,2018-05-16 00:00:00,1031.0
2013-12-01 00:00:00,2014-01-27 00:00:00,2014-01-17 00:00:00,986.0
2013-12-01 00:00:00,2014-05-15 00:00:00,2014-01-28 00:00:00,991.0
2013-12-01 00:00:00,2015-02-17 00:00:00,2014-05-16 00:00:00,1022.0
2013-12-01 00:00:00,2015-03-16 00:00:00,2015-02-18 00:00:00,991.0
2013-12-01 00:00:00,2015-05-18 00:00:00,2015-03-17 00:00:00,1022.0
2013-12-01 00:00:00,2018-05-15 00:00:00,2015-05-19 00:00:00,1013.0
2013-12-01 00:00:00,2018-06-30 00:00:00,2018-05-16 00:00:00,1009.0
2014-01-01 00:00:00,2014-02-26 00:00:00,2014-02-19 00:00:00,937.0
2014-01-01 00:00:00,2014-05-15 00:00:00,2014-02-27 00:00:00,945.0
2014-01-01 00:00:00,2015-02-17 00:00:00,2014-05-16 00:00:00,939.0
2014-01-01 00:00:00,2015-05-18 00:00:00,2015-02-18 00:00:00,974.0
2014-01-01 00:00:00,2016-05-16 00:00:00,2015-05-19 00:00:00,1002.0
2014-01-01 00:00:00,2018-05-15 00:00:00,2016-05-17 00:00:00,1001.0
2014-01-01 00:00:00,2018-06-30 00:00:00,2018-05-16 00:00:00,985.0
2014-02-01 00:00:00,2014-03-25 00:00:00,2014-03-18 00:00:00,1018.0
2014-02-01 00:00:00,2014-05-15 00:00:00,2014-03-26 00:00:00,1014.0
2014-02-01 00:00:00,2015-02-17 00:00:00,2014-05-16 00:00:00,1011.0
2014-02-01 00:00:00,2015-05-18 00:00:00,2015-02-18 00:00:00,1014.0
2014-02-01 00:00:00,2016-05-16 00:00:00,2015-05-19 00:00:00,1030.0
2014-02-01 00:00:00,2018-05-15 00:00:00,2016-05-17 00:00:00,1032.0
2014-02-01 00:00:00,2018-06-30 00:00:00,2018-05-16 00:00:00,1047.0
2014-03-01 00:00:00,2014-04-23 00:00:00,2014-04-16 00:00:00,990.0
2014-03-01 00:00:00,2014-05-15 00:00:00,2014-04-24 00:00:00,997.0
2014-03-01 00:00:00,2015-02-17 00:00:00,2014-05-16 00:00:00,1000.0
2014-03-01 00:00:00,2015-05-18 00:00:00,2015-02-18 00:00:00,1010.0
2014-03-01 00:00:00,2016-05-16 00:00:00,2015-05-19 00:00:00,1061.0
2014-03-01 00:00:00,2018-05-15 00:00:00,2016-05-17 00:00:00,1078.0
2014-03-01 00:00:00,2018-06-30 00:00:00,2018-05-16 00:00:00,1061.0
2014-04-01 00:00:00,2014-05-26 00:00:00,2014-05-16 00:00:00,1080.0
2014-04-01 00:00:00,2015-02-17 00:00:00,2014-05-27 00:00:00,1059.0
2014-04-01 00:00:00,2015-05-18 00:00:00,2015-02-18 00:00:00,1088.0
2014-04-01 00:00:00,2016-05-16 00:00:00,2015-05-19 00:00:00,1074.0
2014-04-01 00:00:00,2018-05-15 00:00:00,2016-05-17 00:00:00,1080.0
2014-04-01 00:00:00,2018-06-30 00:00:00,2018-05-16 00:00:00,1089.0
2014-05-01 00:00:00,2014-06-24 00:00:00,2014-06-17 00:00:00,991.0
2014-05-01 00:00:00,2015-02-17 00:00:00,2014-06-25 00:00:00,1005.0
2014-05-01 00:00:00,2015-05-18 00:00:00,2015-02-18 00:00:00,1002.0
2014-05-01 00:00:00,2016-05-16 00:00:00,2015-05-19 00:00:00,1017.0
2014-05-01 00:00:00,2018-05-15 00:00:00,2016-05-17 00:00:00,1007.0
2014-05-01 00:00:00,2018-06-30 00:00:00,2018-05-16 00:00:00,1019.0
2014-06-01 00:00:00,2014-07-24 00:00:00,2014-07-17 00:00:00,963.0
2014-06-01 00:00:00,2015-02-17 00:00:00,2014-07-25 00:00:00,973.0
2014-06-01 00:00:00,2015-05-18 00:00:00,2015-02-18 00:00:00,992.0
2014-06-01 00:00:00,2016-05-16 00:00:00,2015-05-19 00:00:00,1033.0
2014-06-01 00:00:00,2018-05-15 00:00:00,2016-05-17 00:00:00,1015.0
2014-06-01 00:00:00,2018-06-30 00:00:00,2018-05-16 00:00:00,1002.0
2014-07-01 00:00:00,2014-08-25 00:00:00,2014-08-19 00:00:00,1052.0
2014-07-01 00:00:00,2015-02-17 00:00:00,2014-08-26 00:00:00,1057.0
2014-07-01 00:00:00,2015-05-18 00:00:00,2015-02-18 00:00:00,1037.0
2014-07-01 00:00:00,2016-05-16 00:00:00,2015-05-19 00:00:00,1041.0
2014-07-01 00:00:00,2018-05-15 00:00:00,2016-05-17 00:00:00,1053.0
2014-07-01 00:00:00,2018-06-30 00:00:00,2018-05-16 00:00:00,1072.0
2014-08-01 00:00:00,2014-09-24 00:00:00,2014-09-18 00:00:00,998.0
2014-08-01 00:00:00,2015-02-17 00:00:00,2014-09-25 00:00:00,1003.0
2014-08-01 00:00:00,2015-05-18 00:00:00,2015-02-18 00:00:00,1022.0
2014-08-01 00:00:00,2016-05-16 00:00:00,2015-05-19 00:00:00,1040.0
2014-08-01 00:00:00,2018-05-15 00:00:00,2016-05-17 00:00:00,1045.0
2014-08-01 00:00:00,2018-06-30 00:00:00,2018-05-16 00:00:00,1042.0
2014-09-01 00:00:00,2014-10-26 00:00:00,2014-10-17 00:00:00,1018.0
2014-09-01 00:00:00,2015-02-17 00:00:00,2014-10-27 00:00:00,1031.0
2014-09-01 00:00:00,2015-05-18 00:00:00,2015-02-18 00:00:00,1039.0
2014-09-01 00:00:00,2016-05-16 00:00:00,2015-05-19 00:00:00,1053.0
2014-09-01 00:00:00,2018-05-15 00:00:00,2016-05-17 00:00:00,1062.0
2014-09-01 00:00:00,2018-06-30 00:00:00,2018-05-16 00:00:00,1072.0
2014-10-01 00:00:00,2014-11-25 00:00:00,2014-11-19 00:00:00,1080.0
2014-10-01 00:00:00,2015-02-17 00:00:00,2014-11-26 00:00:00,1092.0
2014-10-01 00:00:00,2015-05-18 00:00:00,2015-02-18 00:00:00,1102.0
2014-10-01 00:00:00,2016-05-16 00:00:00,2015-05-19 00:00:00,1120.0
2014-10-01 00:00:00,2018-05-15 00:00:00,2016-05-17 00:00:00,1123.0
2014-10-01 00:00:00,2018-06-30 00:00:00,2018-05-16 00:00:00,1099.0
2014-11-01 00:00:00,2014-12-22 00:00:00,2014-12-16 00:00:00,1035.0
2014-11-01 00:00:00,2015-02-17 00:00:00,2014-12-23 00:00:00,1052.0
2014-11-01 00:00:00,2015-05-18 00:00:00,2015-02-18 00:00:00,1060.0
2014-11-01 00:00:00,2016-05-16 00:00:00,2015-05-19 00:00:00,1079.0
2014-11-01 00:00:00,2018-05-15 00:00:00,2016-05-17 00:00:00,1073.0
2014-11-01 00:00:00,2018-06-30 00:00:00,2018-05-16 00:00:00,1063.0
2014-12-01 00:00:00,2015-01-27 00:00:00,2015-01-21 00:00:00,1032.0
2014-12-01 00:00:00,2015-02-17 00:00:00,2015-01-28 00:00:00,1058.0
2014-12-01 00:00:00,2015-05-18 00:00:00,2015-02-18 00:00:00,1060.0
2014-12-01 00:00:00,2016-05-16 00:00:00,2015-05-19 00:00:00,1077.0
2014-12-01 00:00:00,2018-05-15 00:00:00,2016-05-17 00:00:00,1070.0
2014-12-01 00:00:00,2018-06-30 00:00:00,2018-05-16 00:00:00,1077.0
2015-01-01 00:00:00,2015-02-25 00:00:00,2015-02-18 00:00:00,1053.0
2015-01-01 00:00:00,2015-05-18 00:00:00,2015-02-26 00:00:00,1060.0
2015-01-01 00:00:00,2016-05-16 00:00:00,2015-05-19 00:00:00,1059.0
2015-01-01 00:00:00,2017-05-15 00:00:00,2016-05-17 00:00:00,1073.0
2015-01-01 00:00:00,2018-05-15 00:00:00,2017-05-16 00:00:00,1069.0
2015-01-01 00:00:00,2018-06-30 00:00:00,2018-05-16 00:00:00,1060.0
2015-02-01 00:00:00,2015-03-24 00:00:00,2015-03-17 00:00:00,1092.0
2015-02-01 00:00:00,2015-05-18 00:00:00,2015-03-25 00:00:00,1102.0
2015-02-01 00:00:00,2016-05-16 00:00:00,2015-05-19 00:00:00,1098.0
2015-02-01 00:00:00,2017-05-15 00:00:00,2016-05-17 00:00:00,1114.0
2015-02-01 00:00:00,2018-05-15 00:00:00,2017-05-16 00:00:00,1127.0
2015-02-01 00:00:00,2018-06-30 00:00:00,2018-05-16 00:00:00,1133.0
2015-03-01 00:00:00,2015-04-23 00:00:00,2015-04-16 00:00:00,1039.0
2015-03-01 00:00:00,2015-05-18 00:00:00,2015-04-24 00:00:00,1042.0
2015-03-01 00:00:00,2016-05-16 00:00:00,2015-05-19 00:00:00,1038.0
2015-03-01 00:00:00,2017-05-15 00:00:00,2016-05-17 00:00:00,1071.0
2015-03-01 00:00:00,2018-05-15 00:00:00,2017-05-16 00:00:00,1079.0
2015-03-01 00:00:00,2018-06-30 00:00:00,2018-05-16 00:00:00,1071.0
2015-04-01 00:00:00,2015-05-26 00:00:00,2015-05-19 00:00:00,1143.0
2015-04-01 00:00:00,2016-05-16 00:00:00,2015-05-27 00:00:00,1140.0
2015-04-01 00:00:00,2018-05-15 00:00:00,2016-05-17 00:00:00,1178.0
2015-04-01 00:00:00,2018-06-30 00:00:00,2018-05-16 00:00:00,1170.0
2015-05-01 00:00:00,2015-06-23 00:00:00,2015-06-16 00:00:00,1275.0
2015-05-01 00:00:00,2016-05-16 00:00:00,2015-06-24 00:00:00,1250.0
2015-05-01 00:00:00,2017-05-15 00:00:00,2016-05-17 00:00:00,1266.0
2015-05-01 00:00:00,2018-05-15 00:00:00,2017-05-16 00:00:00,1255.0
2015-05-01 00:00:00,2018-06-30 00:00:00,2018-05-16 00:00:00,1271.0
2015-06-01 00:00:00,2015-07-26 00:00:00,2015-07-17 00:00:00,1343.0
2015-06-01 00:00:00,2016-05-16 00:00:00,2015-07-27 00:00:00,1337.0
2015-06-01 00:00:00,2017-05-15 00:00:00,2016-05-17 00:00:00,1334.0
2015-06-01 00:00:00,2018-05-15 00:00:00,2017-05-16 00:00:00,1363.0
2015-06-01 00:00:00,2018-06-30 00:00:00,2018-05-16 00:00:00,1362.0
2015-07-01 00:00:00,2015-08-25 00:00:00,2015-08-18 00:00:00,1119.0
2015-07-01 00:00:00,2016-05-16 00:00:00,2015-08-26 00:00:00,1130.0
2015-07-01 00:00:00,2017-05-15 00:00:00,2016-05-17 00:00:00,1142.0
2015-07-01 00:00:00,2018-05-15 00:00:00,2017-05-16 00:00:00,1134.0
2015-07-01 00:00:00,2018-06-30 00:00:00,2018-05-16 00:00:00,1139.0
2015-08-01 00:00:00,2015-09-24 00:00:00,2015-09-17 00:00:00,1170.0
2015-08-01 00:00:00,2016-05-16 00:00:00,2015-09-25 00:00:00,1161.0
2015-08-01 00:00:00,2017-05-15 00:00:00,2016-05-17 00:00:00,1166.0
2015-08-01 00:00:00,2018-06-30 00:00:00,2017-05-16 00:00:00,1159.0
2015-09-01 00:00:00,2015-10-26 00:00:00,2015-10-20 00:00:00,1103.0
2015-09-01 00:00:00,2016-05-16 00:00:00,2015-10-27 00:00:00,1105.0
2015-09-01 00:00:00,2017-05-15 00:00:00,2016-05-17 00:00:00,1129.0
2015-09-01 00:00:00,2018-05-15 00:00:00,2017-05-16 00:00:00,1125.0
2015-09-01 00:00:00,2018-06-30 00:00:00,2018-05-16 00:00:00,1135.0
2015-10-01 00:00:00,2015-11-24 00:00:00,2015-11-18 00:00:00,1150.0
2015-10-01 00:00:00,2016-05-16 00:00:00,2015-11-25 00:00:00,1161.0
2015-10-01 00:00:00,2017-05-15 00:00:00,2016-05-17 00:00:00,1175.0
2015-10-01 00:00:00,2018-05-15 00:00:00,2017-05-16 00:00:00,1166.0
2015-10-01 00:00:00,2018-06-30 00:00:00,2018-05-16 00:00:00,1162.0
2015-11-01 00:00:00,2015-12-22 00:00:00,2015-12-16 00:00:00,1289.0
2015-11-01 00:00:00,2016-05-16 00:00:00,2015-12-23 00:00:00,1282.0
2015-11-01 00:00:00,2017-05-15 00:00:00,2016-05-17 00:00:00,1286.0
2015-11-01 00:00:00,2018-05-15 00:00:00,2017-05-16 00:00:00,1267.0
2015-11-01 00:00:00,2018-06-30 00:00:00,2018-05-16 00:00:00,1258.0
2015-12-01 00:00:00,2016-01-27 00:00:00,2016-01-20 00:00:00,1232.0
2015-12-01 00:00:00,2016-05-16 00:00:00,2016-01-28 00:00:00,1204.0
2015-12-01 00:00:00,2017-05-15 00:00:00,2016-05-17 00:00:00,1201.0
2015-12-01 00:00:00,2018-05-15 00:00:00,2017-05-16 00:00:00,1218.0
2015-12-01 00:00:00,2018-06-30 00:00:00,2018-05-16 00:00:00,1217.0
2016-01-01 00:00:00,2016-02-24 00:00:00,2016-02-17 00:00:00,1202.0
2016-01-01 00:00:00,2016-05-16 00:00:00,2016-02-25 00:00:00,1204.0
2016-01-01 00:00:00,2017-05-15 00:00:00,2016-05-17 00:00:00,1188.0
2016-01-01 00:00:00,2018-05-15 00:00:00,2017-05-16 00:00:00,1193.0
2016-01-01 00:00:00,2018-06-30 00:00:00,2018-05-16 00:00:00,1179.0
2016-02-01 00:00:00,2016-03-23 00:00:00,2016-03-16 00:00:00,1167.0
2016-02-01 00:00:00,2016-05-16 00:00:00,2016-03-24 00:00:00,1177.0
2016-02-01 00:00:00,2017-05-15 00:00:00,2016-05-17 00:00:00,1162.0
2016-02-01 00:00:00,2018-06-30 00:00:00,2017-05-16 00:00:00,1195.0
2016-03-01 00:00:00,2016-04-25 00:00:00,2016-04-19 00:00:00,1086.0
2016-03-01 00:00:00,2016-05-16 00:00:00,2016-04-26 00:00:00,1076.0
2016-03-01 00:00:00,2017-05-15 00:00:00,2016-05-17 00:00:00,1077.0
2016-03-01 00:00:00,2018-05-15 00:00:00,2017-05-16 00:00:00,1115.0
2016-03-01 00:00:00,2018-06-30 00:00:00,2018-05-16 00:00:00,1106.0
2016-04-01 00:00:00,2016-05-24 00:00:00,2016-05-17 00:00:00,1116.0
2016-04-01 00:00:00,2017-05-15 00:00:00,2016-05-25 00:00:00,1130.0
2016-04-01 00:00:00,2018-05-15 00:00:00,2017-05-16 00:00:00,1163.0
2016-04-01 00:00:00,2018-06-30 00:00:00,2018-05-16 00:00:00,1162.0
2016-05-01 00:00:00,2016-06-23 00:00:00,2016-06-17 00:00:00,1138.0
2016-05-01 00:00:00,2017-05-15 00:00:00,2016-06-24 00:00:00,1136.0
2016-05-01 00:00:00,2018-05-15 00:00:00,2017-05-16 00:00:00,1178.0
2016-05-01 00:00:00,2018-06-30 00:00:00,2018-05-16 00:00:00,1192.0
2016-06-01 00:00:00,2017-05-15 00:00:00,2016-07-19 00:00:00,1153.0
2016-06-01 00:00:00,2018-05-15 00:00:00,2017-05-16 00:00:00,1193.0
2016-06-01 00:00:00,2018-06-30 00:00:00,2018-05-16 00:00:00,1194.0
2016-07-01 00:00:00,2016-08-23 00:00:00,2016-08-16 00:00:00,1152.0
2016-07-01 00:00:00,2017-05-15 00:00:00,2016-08-24 00:00:00,1144.0
2016-07-01 00:00:00,2018-05-15 00:00:00,2017-05-16 00:00:00,1175.0
2016-07-01 00:00:00,2018-06-30 00:00:00,2018-05-16 00:00:00,1185.0
2016-08-01 00:00:00,2016-09-26 00:00:00,2016-09-20 00:00:00,1139.0
2016-08-01 00:00:00,2017-05-15 00:00:00,2016-09-27 00:00:00,1152.0
2016-08-01 00:00:00,2018-05-15 00:00:00,2017-05-16 00:00:00,1200.0
2016-08-01 00:00:00,2018-06-30 00:00:00,2018-05-16 00:00:00,1195.0
2016-09-01 00:00:00,2017-05-15 00:00:00,2016-10-19 00:00:00,1225.0
2016-09-01 00:00:00,2018-05-15 00:00:00,2017-05-16 00:00:00,1270.0
2016-09-01 00:00:00,2018-06-30 00:00:00,2018-05-16 00:00:00,1276.0
2016-10-01 00:00:00,2016-11-22 00:00:00,2016-11-17 00:00:00,1229.0
2016-10-01 00:00:00,2017-05-15 00:00:00,2016-11-23 00:00:00,1260.0
2016-10-01 00:00:00,2018-05-15 00:00:00,2017-05-16 00:00:00,1285.0
2016-10-01 00:00:00,2018-06-30 00:00:00,2018-05-16 00:00:00,1276.0
2016-11-01 00:00:00,2016-12-22 00:00:00,2016-12-16 00:00:00,1201.0
2016-11-01 00:00:00,2017-05-15 00:00:00,2016-12-23 00:00:00,1212.0
2016-11-01 00:00:00,2018-05-15 00:00:00,2017-05-16 00:00:00,1255.0
2016-11-01 00:00:00,2018-06-30 00:00:00,2018-05-16 00:00:00,1249.0
2016-12-01 00:00:00,2017-01-26 00:00:00,2017-01-19 00:00:00,1210.0
2016-12-01 00:00:00,2017-05-15 00:00:00,2017-01-27 00:00:00,1228.0
2016-12-01 00:00:00,2018-05-15 00:00:00,2017-05-16 00:00:00,1266.0
2016-12-01 00:00:00,2018-06-30 00:00:00,2018-05-16 00:00:00,1263.0
2017-01-01 00:00:00,2017-02-26 00:00:00,2017-02-16 00:00:00,1285.0
2017-01-01 00:00:00,2017-05-15 00:00:00,2017-02-27 00:00:00,1293.0
2017-01-01 00:00:00,2018-05-15 00:00:00,2017-05-16 00:00:00,1300.0
2017-01-01 00:00:00,2018-06-30 00:00:00,2018-05-16 00:00:00,1329.0
2017-02-01 00:00:00,2017-03-23 00:00:00,2017-03-16 00:00:00,1213.0
2017-02-01 00:00:00,2017-05-15 00:00:00,2017-03-24 00:00:00,1216.0
2017-02-01 00:00:00,2018-05-15 00:00:00,2017-05-16 00:00:00,1219.0
2017-02-01 00:00:00,2018-06-30 00:00:00,2018-05-16 00:00:00,1248.0
2017-03-01 00:00:00,2017-04-25 00:00:00,2017-04-18 00:00:00,1260.0
2017-03-01 00:00:00,2017-05-15 00:00:00,2017-04-26 00:00:00,1267.0
2017-03-01 00:00:00,2018-05-15 00:00:00,2017-05-16 00:00:00,1260.0
2017-03-01 00:00:00,2018-06-30 00:00:00,2018-05-16 00:00:00,1279.0
2017-04-01 00:00:00,2017-05-23 00:00:00,2017-05-16 00:00:00,1229.0
2017-04-01 00:00:00,2018-05-15 00:00:00,2017-05-24 00:00:00,1228.0
2017-04-01 00:00:00,2018-06-30 00:00:00,2018-05-16 00:00:00,1255.0
2017-05-01 00:00:00,2018-05-15 00:00:00,2017-06-16 00:00:00,1168.0
2017-05-01 00:00:00,2018-06-30 00:00:00,2018-05-16 00:00:00,1205.0
2017-06-01 00:00:00,2017-07-26 00:00:00,2017-07-19 00:00:00,1254.0
2017-06-01 00:00:00,2018-05-15 00:00:00,2017-07-27 00:00:00,1275.0
2017-06-01 00:00:00,2018-06-30 00:00:00,2018-05-16 00:00:00,1312.0
2017-07-01 00:00:00,2017-08-23 00:00:00,2017-08-16 00:00:00,1223.0
2017-07-01 00:00:00,2018-05-15 00:00:00,2017-08-24 00:00:00,1230.0
2017-07-01 00:00:00,2018-06-30 00:00:00,2018-05-16 00:00:00,1258.0
2017-08-01 00:00:00,2017-09-26 00:00:00,2017-09-19 00:00:00,1300.0
2017-08-01 00:00:00,2018-05-15 00:00:00,2017-09-27 00:00:00,1272.0
2017-08-01 00:00:00,2018-06-30 00:00:00,2018-05-16 00:00:00,1300.0
2017-09-01 00:00:00,2017-10-25 00:00:00,2017-10-18 00:00:00,1215.0
2017-09-01 00:00:00,2018-05-15 00:00:00,2017-10-26 00:00:00,1225.0
2017-09-01 00:00:00,2018-06-30 00:00:00,2018-05-16 00:00:00,1254.0
2017-10-01 00:00:00,2017-11-27 00:00:00,2017-11-17 00:00:00,1297.0
2017-10-01 00:00:00,2018-05-15 00:00:00,2017-11-28 00:00:00,1316.0
2017-10-01 00:00:00,2018-06-30 00:00:00,2018-05-16 00:00:00,1343.0
2017-11-01 00:00:00,2017-12-21 00:00:00,2017-12-19 00:00:00,1298.0
2017-11-01 00:00:00,2018-05-15 00:00:00,2017-12-22 00:00:00,1303.0
2017-11-01 00:00:00,2018-06-30 00:00:00,2018-05-16 00:00:00,1323.0
2017-12-01 00:00:00,2018-02-15 00:00:00,2018-01-18 00:00:00,1302.0
2017-12-01 00:00:00,2018-05-15 00:00:00,2018-02-16 00:00:00,1300.0
2017-12-01 00:00:00,2018-06-30 00:00:00,2018-05-16 00:00:00,1320.0
2018-01-01 00:00:00,2018-02-25 00:00:00,2018-02-16 00:00:00,1396.0
2018-01-01 00:00:00,2018-05-15 00:00:00,2018-02-26 00:00:00,1377.0
2018-01-01 00:00:00,2018-06-30 00:00:00,2018-05-16 00:00:00,1366.0
2018-02-01 00:00:00,2018-03-22 00:00:00,2018-03-16 00:00:00,1298.0
2018-02-01 00:00:00,2018-05-15 00:00:00,2018-03-23 00:00:00,1321.0
2018-02-01 00:00:00,2018-06-30 00:00:00,2018-05-16 00:00:00,1323.0
2018-03-01 00:00:00,2018-04-23 00:00:00,2018-04-17 00:00:00,1354.0
2018-03-01 00:00:00,2018-05-15 00:00:00,2018-04-24 00:00:00,1379.0
2018-03-01 00:00:00,2018-06-30 00:00:00,2018-05-16 00:00:00,1377.0
2018-04-01 00:00:00,2018-05-22 00:00:00,2018-05-16 00:00:00,1352.0
2018-04-01 00:00:00,2018-06-30 00:00:00,2018-05-23 00:00:00,1364.0
2018-05-01 00:00:00,2018-06-30 00:00:00,2018-06-19 00:00:00,1301.0
