date,realtime_end,realtime_start,PHIL
1980-01-01 00:00:00,2018-06-30,1980-01-21,-18.5
1980-02-01 00:00:00,2018-06-30,1980-02-21,-20.9
1980-03-01 00:00:00,2018-06-30,1980-03-21,-19.0
1980-04-01 00:00:00,2018-06-30,1980-04-21,-37.1
1980-05-01 00:00:00,2018-06-30,1980-05-21,-53.0
1980-06-01 00:00:00,2018-06-30,1980-06-21,-54.8
1980-07-01 00:00:00,2018-06-30,1980-07-21,-57.1
1980-08-01 00:00:00,2018-06-30,1980-08-21,-39.4
1980-09-01 00:00:00,2018-06-30,1980-09-21,-10.3
1980-10-01 00:00:00,2018-06-30,1980-10-21,24.7
1980-11-01 00:00:00,2018-06-30,1980-11-21,9.0
1980-12-01 00:00:00,2018-06-30,1980-12-21,7.4
1981-01-01 00:00:00,2018-06-30,1981-01-21,2.1
1981-02-01 00:00:00,2018-06-30,1981-02-21,5.2
1981-03-01 00:00:00,2018-06-30,1981-03-21,7.8
1981-04-01 00:00:00,2018-06-30,1981-04-21,-1.2
1981-05-01 00:00:00,2018-06-30,1981-05-21,9.0
1981-06-01 00:00:00,2018-06-30,1981-06-21,-2.2
1981-07-01 00:00:00,2018-06-30,1981-07-21,5.5
1981-08-01 00:00:00,2018-06-30,1981-08-21,16.8
1981-09-01 00:00:00,2018-06-30,1981-09-21,7.5
1981-10-01 00:00:00,2018-06-30,1981-10-21,-13.2
1981-11-01 00:00:00,2018-06-30,1981-11-21,-25.7
1981-12-01 00:00:00,2018-06-30,1981-12-21,-34.5
1982-01-01 00:00:00,2018-06-30,1982-01-21,-19.8
1982-02-01 00:00:00,2018-06-30,1982-02-21,-15.3
1982-03-01 00:00:00,2018-06-30,1982-03-21,-15.6
1982-04-01 00:00:00,2018-06-30,1982-04-21,-3.2
1982-05-01 00:00:00,2018-06-30,1982-05-21,-4.6
1982-06-01 00:00:00,2018-06-30,1982-06-21,2.2
1982-07-01 00:00:00,2018-06-30,1982-07-21,2.8
1982-08-01 00:00:00,2018-06-30,1982-08-21,-3.2
1982-09-01 00:00:00,2018-06-30,1982-09-21,-13.6
1982-10-01 00:00:00,2018-06-30,1982-10-21,10.9
1982-11-01 00:00:00,2018-06-30,1982-11-21,2.3
1982-12-01 00:00:00,2018-06-30,1982-12-21,14.7
1983-01-01 00:00:00,2018-06-30,1983-01-21,12.5
1983-02-01 00:00:00,2018-06-30,1983-02-21,20.1
1983-03-01 00:00:00,2018-06-30,1983-03-21,32.8
1983-04-01 00:00:00,2018-06-30,1983-04-21,37.2
1983-05-01 00:00:00,2018-06-30,1983-05-21,37.6
1983-06-01 00:00:00,2018-06-30,1983-06-21,42.3
1983-07-01 00:00:00,2018-06-30,1983-07-21,49.5
1983-08-01 00:00:00,2018-06-30,1983-08-21,41.5
1983-09-01 00:00:00,2018-06-30,1983-09-21,40.7
1983-10-01 00:00:00,2018-06-30,1983-10-21,35.5
1983-11-01 00:00:00,2018-06-30,1983-11-21,45.1
1983-12-01 00:00:00,2018-06-30,1983-12-21,40.9
1984-01-01 00:00:00,2018-06-30,1984-01-21,47.0
1984-02-01 00:00:00,2018-06-30,1984-02-21,25.7
1984-03-01 00:00:00,2018-06-30,1984-03-21,35.6
1984-04-01 00:00:00,2018-06-30,1984-04-21,36.9
1984-05-01 00:00:00,2018-06-30,1984-05-21,31.7
1984-06-01 00:00:00,2018-06-30,1984-06-21,27.7
1984-07-01 00:00:00,2018-06-30,1984-07-21,1.4
1984-08-01 00:00:00,2018-06-30,1984-08-21,23.7
1984-09-01 00:00:00,2018-06-30,1984-09-21,22.3
1984-10-01 00:00:00,2018-06-30,1984-10-21,15.5
1984-11-01 00:00:00,2018-06-30,1984-11-21,2.7
1984-12-01 00:00:00,2018-06-30,1984-12-21,2.0
1985-01-01 00:00:00,2018-06-30,1985-01-21,5.5
1985-02-01 00:00:00,2018-06-30,1985-02-21,10.9
1985-03-01 00:00:00,2018-06-30,1985-03-21,31.0
1985-04-01 00:00:00,2018-06-30,1985-04-21,10.0
1985-05-01 00:00:00,2018-06-30,1985-05-21,8.0
1985-06-01 00:00:00,2018-06-30,1985-06-21,-2.4
1985-07-01 00:00:00,2018-06-30,1985-07-21,11.5
1985-08-01 00:00:00,2018-06-30,1985-08-21,6.9
1985-09-01 00:00:00,2018-06-30,1985-09-21,2.3
1985-10-01 00:00:00,2018-06-30,1985-10-21,6.2
1985-11-01 00:00:00,2018-06-30,1985-11-21,19.7
1985-12-01 00:00:00,2018-06-30,1985-12-21,13.5
1986-01-01 00:00:00,2018-06-30,1986-01-21,22.4
1986-02-01 00:00:00,2018-06-30,1986-02-21,19.8
1986-03-01 00:00:00,2018-06-30,1986-03-21,14.0
1986-04-01 00:00:00,2018-06-30,1986-04-21,3.2
1986-05-01 00:00:00,2018-06-30,1986-05-21,1.9
1986-06-01 00:00:00,2018-06-30,1986-06-21,2.8
1986-07-01 00:00:00,2018-06-30,1986-07-21,11.8
1986-08-01 00:00:00,2018-06-30,1986-08-21,6.8
1986-09-01 00:00:00,2018-06-30,1986-09-21,10.6
1986-10-01 00:00:00,2018-06-30,1986-10-21,9.1
1986-11-01 00:00:00,2018-06-30,1986-11-21,16.4
1986-12-01 00:00:00,2018-06-30,1986-12-21,22.8
1987-01-01 00:00:00,2018-06-30,1987-01-21,5.8
1987-02-01 00:00:00,2018-06-30,1987-02-21,9.3
1987-03-01 00:00:00,2018-06-30,1987-03-21,5.6
1987-04-01 00:00:00,2018-06-30,1987-04-21,14.2
1987-05-01 00:00:00,2018-06-30,1987-05-21,19.7
1987-06-01 00:00:00,2018-06-30,1987-06-21,13.0
1987-07-01 00:00:00,2018-06-30,1987-07-21,15.5
1987-08-01 00:00:00,2018-06-30,1987-08-21,30.1
1987-09-01 00:00:00,2018-06-30,1987-09-21,26.3
1987-10-01 00:00:00,2018-06-30,1987-10-21,27.2
1987-11-01 00:00:00,2018-06-30,1987-11-21,11.8
1987-12-01 00:00:00,2018-06-30,1987-12-21,29.9
1988-01-01 00:00:00,2018-06-30,1988-01-21,3.5
1988-02-01 00:00:00,2018-06-30,1988-02-21,18.3
1988-03-01 00:00:00,2018-06-30,1988-03-21,12.8
1988-04-01 00:00:00,2018-06-30,1988-04-21,26.8
1988-05-01 00:00:00,2018-06-30,1988-05-21,17.8
1988-06-01 00:00:00,2018-06-30,1988-06-21,17.4
1988-07-01 00:00:00,2018-06-30,1988-07-21,23.7
1988-08-01 00:00:00,2018-06-30,1988-08-21,15.2
1988-09-01 00:00:00,2018-06-30,1988-09-21,25.6
1988-10-01 00:00:00,2018-06-30,1988-10-21,27.2
1988-11-01 00:00:00,2018-06-30,1988-11-21,27.2
1988-12-01 00:00:00,2018-06-30,1988-12-21,22.7
1989-01-01 00:00:00,2018-06-30,1989-01-21,28.2
1989-02-01 00:00:00,2018-06-30,1989-02-21,20.1
1989-03-01 00:00:00,2018-06-30,1989-03-21,17.9
1989-04-01 00:00:00,2018-06-30,1989-04-21,4.1
1989-05-01 00:00:00,2018-06-30,1989-05-21,-10.2
1989-06-01 00:00:00,2018-06-30,1989-06-21,-7.6
1989-07-01 00:00:00,2018-06-30,1989-07-21,-16.9
1989-08-01 00:00:00,2018-06-30,1989-08-21,-9.5
1989-09-01 00:00:00,2018-06-30,1989-09-21,-5.4
1989-10-01 00:00:00,2018-06-30,1989-10-21,-7.0
1989-11-01 00:00:00,2018-06-30,1989-11-21,-4.2
1989-12-01 00:00:00,2018-06-30,1989-12-21,-2.1
1990-01-01 00:00:00,2018-06-30,1990-01-21,-7.5
1990-02-01 00:00:00,2018-06-30,1990-02-21,-22.1
1990-03-01 00:00:00,2018-06-30,1990-03-21,-21.8
1990-04-01 00:00:00,2018-06-30,1990-04-21,-9.0
1990-05-01 00:00:00,2018-06-30,1990-05-21,-16.5
1990-06-01 00:00:00,2018-06-30,1990-06-21,-8.6
1990-07-01 00:00:00,2018-06-30,1990-07-21,-18.1
1990-08-01 00:00:00,2018-06-30,1990-08-21,-18.2
1990-09-01 00:00:00,2018-06-30,1990-09-21,-43.4
1990-10-01 00:00:00,2018-06-30,1990-10-21,-48.2
1990-11-01 00:00:00,2018-06-30,1990-11-21,-27.1
1990-12-01 00:00:00,2018-06-30,1990-12-21,-37.1
1991-01-01 00:00:00,2018-06-30,1991-01-21,-32.0
1991-02-01 00:00:00,2018-06-30,1991-02-21,-22.2
1991-03-01 00:00:00,2018-06-30,1991-03-21,-11.6
1991-04-01 00:00:00,2018-06-30,1991-04-21,-6.5
1991-05-01 00:00:00,2018-06-30,1991-05-21,3.9
1991-06-01 00:00:00,2018-06-30,1991-06-21,13.0
1991-07-01 00:00:00,2018-06-30,1991-07-21,19.9
1991-08-01 00:00:00,2018-06-30,1991-08-21,27.0
1991-09-01 00:00:00,2018-06-30,1991-09-21,20.0
1991-10-01 00:00:00,2018-06-30,1991-10-21,9.5
1991-11-01 00:00:00,2018-06-30,1991-11-21,1.3
1991-12-01 00:00:00,2018-06-30,1991-12-21,-18.8
1992-01-01 00:00:00,2018-06-30,1992-01-21,-2.2
1992-02-01 00:00:00,2018-06-30,1992-02-21,0.6
1992-03-01 00:00:00,2018-06-30,1992-03-21,15.0
1992-04-01 00:00:00,2018-06-30,1992-04-21,20.0
1992-05-01 00:00:00,2018-06-30,1992-05-21,17.0
1992-06-01 00:00:00,2018-06-30,1992-06-21,15.0
1992-07-01 00:00:00,2018-06-30,1992-07-21,27.5
1992-08-01 00:00:00,2018-06-30,1992-08-21,16.7
1992-09-01 00:00:00,2018-06-30,1992-09-21,21.0
1992-10-01 00:00:00,2018-06-30,1992-10-21,-4.8
1992-11-01 00:00:00,2018-06-30,1992-11-21,18.2
1992-12-01 00:00:00,2018-06-30,1992-12-21,25.4
1993-01-01 00:00:00,2018-06-30,1993-01-21,31.1
1993-02-01 00:00:00,2018-06-30,1993-02-21,34.3
1993-03-01 00:00:00,2018-06-30,1993-03-21,16.2
1993-04-01 00:00:00,2018-06-30,1993-04-21,23.3
1993-05-01 00:00:00,2018-06-30,1993-05-21,14.8
1993-06-01 00:00:00,2018-06-30,1993-06-21,3.5
1993-07-01 00:00:00,2018-06-30,1993-07-21,-3.2
1993-08-01 00:00:00,2018-06-30,1993-08-21,-0.3
1993-09-01 00:00:00,2018-06-30,1993-09-21,7.3
1993-10-01 00:00:00,2018-06-30,1993-10-21,8.9
1993-11-01 00:00:00,2018-06-30,1993-11-21,18.9
1993-12-01 00:00:00,2018-06-30,1993-12-21,41.4
1994-01-01 00:00:00,2018-06-30,1994-01-21,27.2
1994-02-01 00:00:00,2018-06-30,1994-02-21,21.3
1994-03-01 00:00:00,2018-06-30,1994-03-21,19.8
1994-04-01 00:00:00,2018-06-30,1994-04-21,16.8
1994-05-01 00:00:00,2018-06-30,1994-05-21,22.1
1994-06-01 00:00:00,2018-06-30,1994-06-21,25.0
1994-07-01 00:00:00,2018-06-30,1994-07-21,17.7
1994-08-01 00:00:00,2018-06-30,1994-08-21,18.5
1994-09-01 00:00:00,2018-06-30,1994-09-21,18.4
1994-10-01 00:00:00,2018-06-30,1994-10-21,26.1
1994-11-01 00:00:00,2018-06-30,1994-11-21,24.7
1994-12-01 00:00:00,2018-06-30,1994-12-21,23.3
1995-01-01 00:00:00,2018-06-30,1995-01-21,8.8
1995-02-01 00:00:00,2018-06-30,1995-02-21,9.2
1995-03-01 00:00:00,2018-06-30,1995-03-21,2.0
1995-04-01 00:00:00,2018-06-30,1995-04-21,-11.2
1995-05-01 00:00:00,2018-06-30,1995-05-21,-8.5
1995-06-01 00:00:00,2018-06-30,1995-06-21,-20.7
1995-07-01 00:00:00,2018-06-30,1995-07-21,-20.3
1995-08-01 00:00:00,2018-06-30,1995-08-21,1.2
1995-09-01 00:00:00,2018-06-30,1995-09-21,26.2
1995-10-01 00:00:00,2018-06-30,1995-10-21,21.7
1995-11-01 00:00:00,2018-06-30,1995-11-21,5.5
1995-12-01 00:00:00,2018-06-30,1995-12-21,19.6
1996-01-01 00:00:00,2018-06-30,1996-01-21,-14.7
1996-02-01 00:00:00,2018-06-30,1996-02-21,4.8
1996-03-01 00:00:00,2018-06-30,1996-03-21,-3.5
1996-04-01 00:00:00,2018-06-30,1996-04-21,21.3
1996-05-01 00:00:00,2018-06-30,1996-05-21,19.6
1996-06-01 00:00:00,2018-06-30,1996-06-21,21.0
1996-07-01 00:00:00,2018-06-30,1996-07-21,29.4
1996-08-01 00:00:00,2018-06-30,1996-08-21,13.8
1996-09-01 00:00:00,2018-06-30,1996-09-21,12.9
1996-10-01 00:00:00,2018-06-30,1996-10-21,8.2
1996-11-01 00:00:00,2018-06-30,1996-11-21,11.1
1996-12-01 00:00:00,2018-06-30,1996-12-21,8.1
1997-01-01 00:00:00,2018-06-30,1997-01-21,12.8
1997-02-01 00:00:00,2018-06-30,1997-02-21,16.9
1997-03-01 00:00:00,2018-06-30,1997-03-21,13.4
1997-04-01 00:00:00,2018-06-30,1997-04-21,6.5
1997-05-01 00:00:00,2018-06-30,1997-05-21,1.1
1997-06-01 00:00:00,2018-06-30,1997-06-21,18.0
1997-07-01 00:00:00,2018-06-30,1997-07-21,20.2
1997-08-01 00:00:00,2018-06-30,1997-08-21,17.2
1997-09-01 00:00:00,2018-06-30,1997-09-21,19.1
1997-10-01 00:00:00,2018-06-30,1997-10-21,19.3
1997-11-01 00:00:00,2018-06-30,1997-11-21,19.8
1997-12-01 00:00:00,2018-06-30,1997-12-21,15.6
1998-01-01 00:00:00,2018-06-30,1998-01-21,18.6
1998-02-01 00:00:00,2018-06-30,1998-02-21,13.2
1998-03-01 00:00:00,2018-06-30,1998-03-21,10.5
1998-04-01 00:00:00,2018-06-30,1998-04-21,8.7
1998-05-01 00:00:00,2018-06-30,1998-05-21,13.2
1998-06-01 00:00:00,2018-06-30,1998-06-21,24.1
1998-07-01 00:00:00,2018-06-30,1998-07-21,8.3
1998-08-01 00:00:00,2018-06-30,1998-08-21,10.4
1998-09-01 00:00:00,2018-06-30,1998-09-21,-14.2
1998-10-01 00:00:00,2018-06-30,1998-10-21,3.5
1998-11-01 00:00:00,2018-06-30,1998-11-21,-4.7
1998-12-01 00:00:00,2018-06-30,1998-12-21,4.6
1999-01-01 00:00:00,2018-06-30,1999-01-21,13.7
1999-02-01 00:00:00,2018-06-30,1999-02-21,15.1
1999-03-01 00:00:00,2018-06-30,1999-03-21,4.3
1999-04-01 00:00:00,2018-06-30,1999-04-21,20.6
1999-05-01 00:00:00,2018-06-30,1999-05-21,13.1
1999-06-01 00:00:00,2018-06-30,1999-06-21,5.8
1999-07-01 00:00:00,2018-06-30,1999-07-21,9.8
1999-08-01 00:00:00,2018-06-30,1999-08-21,13.8
1999-09-01 00:00:00,2018-06-30,1999-09-21,13.9
1999-10-01 00:00:00,2018-06-30,1999-10-21,16.0
1999-11-01 00:00:00,2018-06-30,1999-11-21,20.9
1999-12-01 00:00:00,2018-06-30,1999-12-21,14.2
2000-01-01 00:00:00,2018-06-30,2000-01-21,11.2
2000-02-01 00:00:00,2018-06-30,2000-02-21,14.6
2000-03-01 00:00:00,2018-06-30,2000-03-21,19.4
2000-04-01 00:00:00,2018-06-30,2000-04-21,10.0
2000-05-01 00:00:00,2018-06-30,2000-05-21,13.9
2000-06-01 00:00:00,2018-06-30,2000-06-21,2.6
2000-07-01 00:00:00,2018-06-30,2000-07-21,4.7
2000-08-01 00:00:00,2018-06-30,2000-08-21,17.3
2000-09-01 00:00:00,2018-06-30,2000-09-21,5.5
2000-10-01 00:00:00,2018-06-30,2000-10-21,1.8
2000-11-01 00:00:00,2018-06-30,2000-11-21,7.1
2000-12-01 00:00:00,2018-06-30,2000-12-21,-7.8
2001-01-01 00:00:00,2018-06-30,2001-01-21,-36.6
2001-02-01 00:00:00,2018-06-30,2001-02-21,-29.4
2001-03-01 00:00:00,2018-06-30,2001-03-21,-20.8
2001-04-01 00:00:00,2018-06-30,2001-04-21,-10.8
2001-05-01 00:00:00,2018-06-30,2001-05-21,-11.8
2001-06-01 00:00:00,2018-06-30,2001-06-21,-7.0
2001-07-01 00:00:00,2018-06-30,2001-07-21,-12.6
2001-08-01 00:00:00,2018-06-30,2001-08-21,-18.1
2001-09-01 00:00:00,2018-06-30,2001-09-21,-8.2
2001-10-01 00:00:00,2018-06-30,2001-10-21,-23.6
2001-11-01 00:00:00,2018-06-30,2001-11-21,-17.7
2001-12-01 00:00:00,2018-06-30,2001-12-21,-11.0
2002-01-01 00:00:00,2018-06-30,2002-01-21,10.5
2002-02-01 00:00:00,2018-06-30,2002-02-21,11.0
2002-03-01 00:00:00,2018-06-30,2002-03-21,12.3
2002-04-01 00:00:00,2018-06-30,2002-04-21,12.6
2002-05-01 00:00:00,2018-06-30,2002-05-21,10.1
2002-06-01 00:00:00,2018-06-30,2002-06-21,20.4
2002-07-01 00:00:00,2018-06-30,2002-07-21,5.9
2002-08-01 00:00:00,2018-06-30,2002-08-21,-1.3
2002-09-01 00:00:00,2018-06-30,2002-09-21,4.4
2002-10-01 00:00:00,2018-06-30,2002-10-21,-7.6
2002-11-01 00:00:00,2018-06-30,2002-11-21,7.4
2002-12-01 00:00:00,2018-06-30,2002-12-21,7.2
2003-01-01 00:00:00,2018-06-30,2003-01-21,5.5
2003-02-01 00:00:00,2018-06-30,2003-02-21,-1.6
2003-03-01 00:00:00,2018-06-30,2003-03-21,-3.9
2003-04-01 00:00:00,2018-06-30,2003-04-21,-6.7
2003-05-01 00:00:00,2018-06-30,2003-05-21,-0.6
2003-06-01 00:00:00,2018-06-30,2003-06-21,3.7
2003-07-01 00:00:00,2018-06-30,2003-07-21,7.7
2003-08-01 00:00:00,2018-06-30,2003-08-21,20.3
2003-09-01 00:00:00,2018-06-30,2003-09-21,20.7
2003-10-01 00:00:00,2018-06-30,2003-10-21,28.3
2003-11-01 00:00:00,2018-06-30,2003-11-21,26.9
2003-12-01 00:00:00,2018-06-30,2003-12-21,26.5
2004-01-01 00:00:00,2018-06-30,2004-01-21,36.1
2004-02-01 00:00:00,2018-06-30,2004-02-21,27.8
2004-03-01 00:00:00,2018-06-30,2004-03-21,29.6
2004-04-01 00:00:00,2018-06-30,2004-04-21,32.3
2004-05-01 00:00:00,2018-06-30,2004-05-21,29.0
2004-06-01 00:00:00,2018-06-30,2004-06-21,30.6
2004-07-01 00:00:00,2018-06-30,2004-07-21,34.7
2004-08-01 00:00:00,2018-06-30,2004-08-21,25.0
2004-09-01 00:00:00,2018-06-30,2004-09-21,19.6
2004-10-01 00:00:00,2018-06-30,2004-10-21,26.9
2004-11-01 00:00:00,2018-06-30,2004-11-21,19.2
2004-12-01 00:00:00,2018-06-30,2004-12-21,25.5
2005-01-01 00:00:00,2018-06-30,2005-01-21,13.4
2005-02-01 00:00:00,2018-06-30,2005-02-21,21.1
2005-03-01 00:00:00,2018-06-30,2005-03-21,15.1
2005-04-01 00:00:00,2018-06-30,2005-04-21,25.3
2005-05-01 00:00:00,2018-06-30,2005-05-21,9.3
2005-06-01 00:00:00,2018-06-30,2005-06-21,-1.3
2005-07-01 00:00:00,2018-06-30,2005-07-21,8.1
2005-08-01 00:00:00,2018-06-30,2005-08-21,11.2
2005-09-01 00:00:00,2018-06-30,2005-09-21,7.1
2005-10-01 00:00:00,2018-06-30,2005-10-21,4.8
2005-11-01 00:00:00,2018-06-30,2005-11-21,10.3
2005-12-01 00:00:00,2018-06-30,2005-12-21,12.9
2006-01-01 00:00:00,2018-06-30,2006-01-21,5.4
2006-02-01 00:00:00,2018-06-30,2006-02-21,15.3
2006-03-01 00:00:00,2018-06-30,2006-03-21,14.7
2006-04-01 00:00:00,2018-06-30,2006-04-21,14.2
2006-05-01 00:00:00,2018-06-30,2006-05-21,13.7
2006-06-01 00:00:00,2018-06-30,2006-06-21,11.7
2006-07-01 00:00:00,2018-06-30,2006-07-21,4.0
2006-08-01 00:00:00,2018-06-30,2006-08-21,12.5
2006-09-01 00:00:00,2018-06-30,2006-09-21,-0.8
2006-10-01 00:00:00,2018-06-30,2006-10-21,2.3
2006-11-01 00:00:00,2018-06-30,2006-11-21,4.5
2006-12-01 00:00:00,2018-06-30,2006-12-21,-1.8
2007-01-01 00:00:00,2018-06-30,2007-01-21,7.5
2007-02-01 00:00:00,2018-06-30,2007-02-21,3.5
2007-03-01 00:00:00,2018-06-30,2007-03-21,2.8
2007-04-01 00:00:00,2018-06-30,2007-04-21,2.9
2007-05-01 00:00:00,2018-06-30,2007-05-21,3.7
2007-06-01 00:00:00,2018-06-30,2007-06-21,17.3
2007-07-01 00:00:00,2018-06-30,2007-07-21,6.8
2007-08-01 00:00:00,2018-06-30,2007-08-21,-0.5
2007-09-01 00:00:00,2018-06-30,2007-09-21,7.5
2007-10-01 00:00:00,2018-06-30,2007-10-21,7.8
2007-11-01 00:00:00,2018-06-30,2007-11-21,6.7
2007-12-01 00:00:00,2018-06-30,2007-12-21,-5.4
2008-01-01 00:00:00,2018-06-30,2008-01-21,-18.4
2008-02-01 00:00:00,2018-06-30,2008-02-21,-20.3
2008-03-01 00:00:00,2018-06-30,2008-03-21,-14.7
2008-04-01 00:00:00,2018-06-30,2008-04-21,-21.3
2008-05-01 00:00:00,2018-06-30,2008-05-21,-16.1
2008-06-01 00:00:00,2018-06-30,2008-06-21,-16.8
2008-07-01 00:00:00,2018-06-30,2008-07-21,-16.2
2008-08-01 00:00:00,2018-06-30,2008-08-21,-17.6
2008-09-01 00:00:00,2018-06-30,2008-09-21,2.1
2008-10-01 00:00:00,2018-06-30,2008-10-21,-37.5
2008-11-01 00:00:00,2018-06-30,2008-11-21,-40.9
2008-12-01 00:00:00,2018-06-30,2008-12-21,-37.6
2009-01-01 00:00:00,2018-06-30,2009-01-21,-31.0
2009-02-01 00:00:00,2018-06-30,2009-02-21,-39.6
2009-03-01 00:00:00,2018-06-30,2009-03-21,-34.4
2009-04-01 00:00:00,2018-06-30,2009-04-21,-25.2
2009-05-01 00:00:00,2018-06-30,2009-05-21,-22.4
2009-06-01 00:00:00,2018-06-30,2009-06-21,0.2
2009-07-01 00:00:00,2018-06-30,2009-07-21,-6.6
2009-08-01 00:00:00,2018-06-30,2009-08-21,8.9
2009-09-01 00:00:00,2018-06-30,2009-09-21,15.1
2009-10-01 00:00:00,2018-06-30,2009-10-21,12.7
2009-11-01 00:00:00,2018-06-30,2009-11-21,15.4
2009-12-01 00:00:00,2018-06-30,2009-12-21,16.5
2010-01-01 00:00:00,2018-06-30,2010-01-21,12.9
2010-02-01 00:00:00,2018-06-30,2010-02-21,13.9
2010-03-01 00:00:00,2018-06-30,2010-03-21,14.2
2010-04-01 00:00:00,2018-06-30,2010-04-21,16.0
2010-05-01 00:00:00,2018-06-30,2010-05-21,22.2
2010-06-01 00:00:00,2018-06-30,2010-06-21,15.0
2010-07-01 00:00:00,2018-06-30,2010-07-21,7.7
2010-08-01 00:00:00,2018-06-30,2010-08-21,3.6
2010-09-01 00:00:00,2018-06-30,2010-09-21,4.5
2010-10-01 00:00:00,2018-06-30,2010-10-21,0.3
2010-11-01 00:00:00,2018-06-30,2010-11-21,19.2
2010-12-01 00:00:00,2018-06-30,2010-12-21,15.4
2011-01-01 00:00:00,2018-06-30,2011-01-21,16.5
2011-02-01 00:00:00,2018-06-30,2011-02-21,28.7
2011-03-01 00:00:00,2018-06-30,2011-03-21,36.4
2011-04-01 00:00:00,2018-06-30,2011-04-21,12.9
2011-05-01 00:00:00,2018-06-30,2011-05-21,6.1
2011-06-01 00:00:00,2018-06-30,2011-06-21,-0.4
2011-07-01 00:00:00,2018-06-30,2011-07-21,7.1
2011-08-01 00:00:00,2018-06-30,2011-08-21,-19.6
2011-09-01 00:00:00,2018-06-30,2011-09-21,-10.6
2011-10-01 00:00:00,2018-06-30,2011-10-21,6.2
2011-11-01 00:00:00,2018-06-30,2011-11-21,4.1
2011-12-01 00:00:00,2018-06-30,2011-12-21,2.5
2012-01-01 00:00:00,2018-06-30,2012-01-21,7.5
2012-02-01 00:00:00,2018-06-30,2012-02-21,10.0
2012-03-01 00:00:00,2018-06-30,2012-03-21,8.8
2012-04-01 00:00:00,2018-06-30,2012-04-21,5.6
2012-05-01 00:00:00,2018-06-30,2012-05-21,-0.8
2012-06-01 00:00:00,2018-06-30,2012-06-21,-12.5
2012-07-01 00:00:00,2018-06-30,2012-07-21,-12.6
2012-08-01 00:00:00,2018-06-30,2012-08-21,-2.5
2012-09-01 00:00:00,2018-06-30,2012-09-21,0.3
2012-10-01 00:00:00,2018-06-30,2012-10-21,-1.1
2012-11-01 00:00:00,2018-06-30,2012-11-21,-10.4
2012-12-01 00:00:00,2018-06-30,2012-12-21,2.5
2013-01-01 00:00:00,2018-06-30,2013-01-21,-1.4
2013-02-01 00:00:00,2018-06-30,2013-02-21,-6.2
2013-03-01 00:00:00,2018-06-30,2013-03-21,2.0
2013-04-01 00:00:00,2018-06-30,2013-04-21,0.5
2013-05-01 00:00:00,2018-06-30,2013-05-21,0.3
2013-06-01 00:00:00,2018-06-30,2013-06-21,12.8
2013-07-01 00:00:00,2018-06-30,2013-07-21,16.0
2013-08-01 00:00:00,2018-06-30,2013-08-21,8.2
2013-09-01 00:00:00,2018-06-30,2013-09-21,20.8
2013-10-01 00:00:00,2018-06-30,2013-10-21,13.5
2013-11-01 00:00:00,2018-06-30,2013-11-21,4.9
2013-12-01 00:00:00,2018-06-30,2013-12-21,3.9
2014-01-01 00:00:00,2018-06-30,2014-01-21,15.4
2014-02-01 00:00:00,2018-06-30,2014-02-21,0.5
2014-03-01 00:00:00,2018-06-30,2014-03-21,12.6
2014-04-01 00:00:00,2018-06-30,2014-04-21,17.1
2014-05-01 00:00:00,2018-06-30,2014-05-21,18.5
2014-06-01 00:00:00,2018-06-30,2014-06-21,14.3
2014-07-01 00:00:00,2018-06-30,2014-07-21,21.7
2014-08-01 00:00:00,2018-06-30,2014-08-21,23.0
2014-09-01 00:00:00,2018-06-30,2014-09-21,22.1
2014-10-01 00:00:00,2018-06-30,2014-10-21,18.2
2014-11-01 00:00:00,2018-06-30,2014-11-21,36.0
2014-12-01 00:00:00,2018-06-30,2014-12-21,21.6
2015-01-01 00:00:00,2018-06-30,2015-01-21,13.1
2015-02-01 00:00:00,2018-06-30,2015-02-21,7.9
2015-03-01 00:00:00,2018-06-30,2015-03-21,7.6
2015-04-01 00:00:00,2018-06-30,2015-04-21,10.0
2015-05-01 00:00:00,2018-06-30,2015-05-21,6.5
2015-06-01 00:00:00,2018-06-30,2015-06-21,8.0
2015-07-01 00:00:00,2018-06-30,2015-07-21,4.9
2015-08-01 00:00:00,2018-06-30,2015-08-21,6.4
2015-09-01 00:00:00,2018-06-30,2015-09-21,-2.9
2015-10-01 00:00:00,2018-06-30,2015-10-21,-4.3
2015-11-01 00:00:00,2018-06-30,2015-11-21,-3.3
2015-12-01 00:00:00,2018-06-30,2015-12-21,-9.5
2016-01-01 00:00:00,2018-06-30,2016-01-21,-4.5
2016-02-01 00:00:00,2018-06-30,2016-02-21,-10.3
2016-03-01 00:00:00,2018-06-30,2016-03-21,9.3
2016-04-01 00:00:00,2018-06-30,2016-04-21,-1.2
2016-05-01 00:00:00,2018-06-30,2016-05-21,-4.2
2016-06-01 00:00:00,2018-06-30,2016-06-21,3.7
2016-07-01 00:00:00,2018-06-30,2016-07-21,2.3
2016-08-01 00:00:00,2018-06-30,2016-08-21,6.2
2016-09-01 00:00:00,2018-06-30,2016-09-21,13.6
2016-10-01 00:00:00,2018-06-30,2016-10-21,11.7
2016-11-01 00:00:00,2018-06-30,2016-11-21,10.0
2016-12-01 00:00:00,2018-06-30,2016-12-21,21.6
2017-01-01 00:00:00,2018-06-30,2017-01-21,24.1
2017-02-01 00:00:00,2018-06-30,2017-02-21,35.3
2017-03-01 00:00:00,2018-06-30,2017-03-21,31.6
2017-04-01 00:00:00,2018-06-30,2017-04-21,22.8
2017-05-01 00:00:00,2018-06-30,2017-05-21,35.5
2017-06-01 00:00:00,2018-06-30,2017-06-21,26.9
2017-07-01 00:00:00,2018-06-30,2017-07-21,23.2
2017-08-01 00:00:00,2018-06-30,2017-08-21,22.1
2017-09-01 00:00:00,2018-06-30,2017-09-21,25.8
2017-10-01 00:00:00,2018-06-30,2017-10-21,28.8
2017-11-01 00:00:00,2018-06-30,2017-11-21,24.3
2017-12-01 00:00:00,2018-06-30,2017-12-21,27.9
2018-01-01 00:00:00,2018-06-30,2018-01-21,22.2
2018-02-01 00:00:00,2018-06-30,2018-02-21,25.8
2018-03-01 00:00:00,2018-06-30,2018-03-21,22.3
2018-04-01 00:00:00,2018-06-30,2018-04-21,23.2
2018-05-01 00:00:00,2018-06-30,2018-05-21,34.4
2018-06-01 00:00:00,2018-06-30,2018-06-21,19.9
