date,realtime_end,realtime_start,PPI
1980-01-01 00:00:00,2018-06-30 00:00:00,1996-12-11 00:00:00,85.2
1980-02-01 00:00:00,2018-06-30 00:00:00,1996-12-11 00:00:00,86.9
1980-03-01 00:00:00,2018-06-30 00:00:00,1996-12-11 00:00:00,87.5
1980-04-01 00:00:00,2018-06-30 00:00:00,1996-12-11 00:00:00,87.8
1980-05-01 00:00:00,2018-06-30 00:00:00,1996-12-11 00:00:00,88.3
1980-06-01 00:00:00,2018-06-30 00:00:00,1996-12-11 00:00:00,88.7
1980-07-01 00:00:00,2018-06-30 00:00:00,1996-12-11 00:00:00,90.3
1980-08-01 00:00:00,2018-06-30 00:00:00,1996-12-11 00:00:00,91.5
1980-09-01 00:00:00,2018-06-30 00:00:00,1996-12-11 00:00:00,91.7
1980-10-01 00:00:00,2018-06-30 00:00:00,1996-12-11 00:00:00,92.8
1980-11-01 00:00:00,2018-06-30 00:00:00,1996-12-11 00:00:00,93.2
1980-12-01 00:00:00,2018-06-30 00:00:00,1996-12-11 00:00:00,93.8
1981-01-01 00:00:00,2018-06-30 00:00:00,1996-12-11 00:00:00,95.2
1981-02-01 00:00:00,2018-06-30 00:00:00,1996-12-11 00:00:00,96.1
1981-03-01 00:00:00,2018-06-30 00:00:00,1996-12-11 00:00:00,97.0
1981-04-01 00:00:00,2018-06-30 00:00:00,1996-12-11 00:00:00,98.0
1981-05-01 00:00:00,2018-06-30 00:00:00,1996-12-11 00:00:00,98.3
1981-06-01 00:00:00,2018-06-30 00:00:00,1996-12-11 00:00:00,98.5
1981-07-01 00:00:00,2018-06-30 00:00:00,1996-12-11 00:00:00,99.0
1981-08-01 00:00:00,2018-06-30 00:00:00,1996-12-11 00:00:00,99.0
1981-09-01 00:00:00,2018-06-30 00:00:00,1996-12-11 00:00:00,98.8
1981-10-01 00:00:00,2018-06-30 00:00:00,1996-12-11 00:00:00,98.9
1981-11-01 00:00:00,2018-06-30 00:00:00,1996-12-11 00:00:00,98.8
1981-12-01 00:00:00,2018-06-30 00:00:00,1996-12-11 00:00:00,98.8
1982-01-01 00:00:00,2018-06-30 00:00:00,1996-12-11 00:00:00,99.7
1982-02-01 00:00:00,2018-06-30 00:00:00,1996-12-11 00:00:00,99.8
1982-03-01 00:00:00,2018-06-30 00:00:00,1996-12-11 00:00:00,99.6
1982-04-01 00:00:00,2018-06-30 00:00:00,1996-12-11 00:00:00,99.6
1982-05-01 00:00:00,2018-06-30 00:00:00,1996-12-11 00:00:00,99.8
1982-06-01 00:00:00,2018-06-30 00:00:00,1996-12-11 00:00:00,100.0
1982-07-01 00:00:00,2018-06-30 00:00:00,1996-12-11 00:00:00,100.4
1982-08-01 00:00:00,2018-06-30 00:00:00,1996-12-11 00:00:00,100.3
1982-09-01 00:00:00,2018-06-30 00:00:00,1996-12-11 00:00:00,100.0
1982-10-01 00:00:00,2018-06-30 00:00:00,1996-12-11 00:00:00,100.2
1982-11-01 00:00:00,2018-06-30 00:00:00,1996-12-11 00:00:00,100.3
1982-12-01 00:00:00,2018-06-30 00:00:00,1996-12-11 00:00:00,100.5
1983-01-01 00:00:00,2018-06-30 00:00:00,1996-12-11 00:00:00,100.2
1983-02-01 00:00:00,2018-06-30 00:00:00,1996-12-11 00:00:00,100.5
1983-03-01 00:00:00,2018-06-30 00:00:00,1996-12-11 00:00:00,100.4
1983-04-01 00:00:00,2018-06-30 00:00:00,1996-12-11 00:00:00,100.4
1983-05-01 00:00:00,2018-06-30 00:00:00,1996-12-11 00:00:00,100.8
1983-06-01 00:00:00,2018-06-30 00:00:00,1996-12-11 00:00:00,101.0
1983-07-01 00:00:00,2018-06-30 00:00:00,1996-12-11 00:00:00,101.3
1983-08-01 00:00:00,2018-06-30 00:00:00,1996-12-11 00:00:00,101.8
1983-09-01 00:00:00,2018-06-30 00:00:00,1996-12-11 00:00:00,102.0
1983-10-01 00:00:00,2018-06-30 00:00:00,1996-12-11 00:00:00,102.2
1983-11-01 00:00:00,2018-06-30 00:00:00,1996-12-11 00:00:00,102.1
1983-12-01 00:00:00,2018-06-30 00:00:00,1996-12-11 00:00:00,102.3
1984-01-01 00:00:00,2018-06-30 00:00:00,1996-12-11 00:00:00,102.9
1984-02-01 00:00:00,2018-06-30 00:00:00,1996-12-11 00:00:00,103.2
1984-03-01 00:00:00,2018-06-30 00:00:00,1996-12-11 00:00:00,103.9
1984-04-01 00:00:00,2018-06-30 00:00:00,1996-12-11 00:00:00,104.0
1984-05-01 00:00:00,2018-06-30 00:00:00,1996-12-11 00:00:00,104.1
1984-06-01 00:00:00,2018-06-30 00:00:00,1996-12-11 00:00:00,104.0
1984-07-01 00:00:00,2018-06-30 00:00:00,1996-12-11 00:00:00,104.2
1984-08-01 00:00:00,2018-06-30 00:00:00,1996-12-11 00:00:00,103.8
1984-09-01 00:00:00,2018-06-30 00:00:00,1996-12-11 00:00:00,103.4
1984-10-01 00:00:00,2018-06-30 00:00:00,1996-12-11 00:00:00,103.4
1984-11-01 00:00:00,2018-06-30 00:00:00,1996-12-11 00:00:00,103.7
1984-12-01 00:00:00,2018-06-30 00:00:00,1996-12-11 00:00:00,103.5
1985-01-01 00:00:00,2018-06-30 00:00:00,1996-12-11 00:00:00,103.4
1985-02-01 00:00:00,2018-06-30 00:00:00,1996-12-11 00:00:00,103.3
1985-03-01 00:00:00,2018-06-30 00:00:00,1996-12-11 00:00:00,103.1
1985-04-01 00:00:00,2018-06-30 00:00:00,1996-12-11 00:00:00,103.3
1985-05-01 00:00:00,2018-06-30 00:00:00,1996-12-11 00:00:00,103.5
1985-06-01 00:00:00,2018-06-30 00:00:00,1996-12-11 00:00:00,103.3
1985-07-01 00:00:00,2018-06-30 00:00:00,1996-12-11 00:00:00,103.2
1985-08-01 00:00:00,2018-06-30 00:00:00,1996-12-11 00:00:00,102.7
1985-09-01 00:00:00,2018-06-30 00:00:00,1996-12-11 00:00:00,102.1
1985-10-01 00:00:00,2018-06-30 00:00:00,1996-12-11 00:00:00,102.9
1985-11-01 00:00:00,2018-06-30 00:00:00,1996-12-11 00:00:00,103.4
1985-12-01 00:00:00,2018-06-30 00:00:00,1996-12-11 00:00:00,103.6
1986-01-01 00:00:00,2018-06-30 00:00:00,1996-12-11 00:00:00,103.2
1986-02-01 00:00:00,2018-06-30 00:00:00,1996-12-11 00:00:00,101.7
1986-03-01 00:00:00,2018-06-30 00:00:00,1996-12-11 00:00:00,100.3
1986-04-01 00:00:00,2018-06-30 00:00:00,1996-12-11 00:00:00,99.6
1986-05-01 00:00:00,2018-06-30 00:00:00,1996-12-11 00:00:00,100.0
1986-06-01 00:00:00,2018-06-30 00:00:00,1996-12-11 00:00:00,99.9
1986-07-01 00:00:00,2018-06-30 00:00:00,1996-12-11 00:00:00,99.4
1986-08-01 00:00:00,2018-06-30 00:00:00,1996-12-11 00:00:00,99.3
1986-09-01 00:00:00,2018-06-30 00:00:00,1996-12-11 00:00:00,99.4
1986-10-01 00:00:00,2018-06-30 00:00:00,1996-12-11 00:00:00,99.7
1986-11-01 00:00:00,2018-06-30 00:00:00,1996-12-11 00:00:00,99.8
1986-12-01 00:00:00,2018-06-30 00:00:00,1996-12-11 00:00:00,99.7
1987-01-01 00:00:00,2018-06-30 00:00:00,1996-12-11 00:00:00,100.5
1987-02-01 00:00:00,2018-06-30 00:00:00,1996-12-11 00:00:00,101.0
1987-03-01 00:00:00,2018-06-30 00:00:00,1996-12-11 00:00:00,101.2
1987-04-01 00:00:00,2018-06-30 00:00:00,1996-12-11 00:00:00,101.9
1987-05-01 00:00:00,2018-06-30 00:00:00,1996-12-11 00:00:00,102.6
1987-06-01 00:00:00,2018-06-30 00:00:00,1996-12-11 00:00:00,103.0
1987-07-01 00:00:00,2018-06-30 00:00:00,1996-12-11 00:00:00,103.5
1987-08-01 00:00:00,2018-06-30 00:00:00,1996-12-11 00:00:00,103.8
1987-09-01 00:00:00,2018-06-30 00:00:00,1996-12-11 00:00:00,103.7
1987-10-01 00:00:00,2018-06-30 00:00:00,1996-12-11 00:00:00,104.1
1987-11-01 00:00:00,2018-06-30 00:00:00,1996-12-11 00:00:00,104.2
1987-12-01 00:00:00,2018-06-30 00:00:00,1996-12-11 00:00:00,104.2
1988-01-01 00:00:00,2018-06-30 00:00:00,1996-12-11 00:00:00,104.6
1988-02-01 00:00:00,2018-06-30 00:00:00,1996-12-11 00:00:00,104.8
1988-03-01 00:00:00,2018-06-30 00:00:00,1996-12-11 00:00:00,104.9
1988-04-01 00:00:00,2018-06-30 00:00:00,1996-12-11 00:00:00,105.8
1988-05-01 00:00:00,2018-06-30 00:00:00,1996-12-11 00:00:00,106.5
1988-06-01 00:00:00,2018-06-30 00:00:00,1996-12-11 00:00:00,107.2
1988-07-01 00:00:00,2018-06-30 00:00:00,1996-12-11 00:00:00,107.9
1988-08-01 00:00:00,2018-06-30 00:00:00,1996-12-11 00:00:00,108.0
1988-09-01 00:00:00,2018-06-30 00:00:00,1996-12-11 00:00:00,108.1
1988-10-01 00:00:00,2018-06-30 00:00:00,1996-12-11 00:00:00,108.2
1988-11-01 00:00:00,2018-06-30 00:00:00,1996-12-11 00:00:00,108.3
1988-12-01 00:00:00,2018-06-30 00:00:00,1996-12-11 00:00:00,109.0
1989-01-01 00:00:00,2018-06-30 00:00:00,1996-12-11 00:00:00,110.5
1989-02-01 00:00:00,2018-06-30 00:00:00,1996-12-11 00:00:00,110.8
1989-03-01 00:00:00,2018-06-30 00:00:00,1996-12-11 00:00:00,111.5
1989-04-01 00:00:00,2018-06-30 00:00:00,1996-12-11 00:00:00,112.3
1989-05-01 00:00:00,2018-06-30 00:00:00,1996-12-11 00:00:00,113.2
1989-06-01 00:00:00,2018-06-30 00:00:00,1996-12-11 00:00:00,112.9
1989-07-01 00:00:00,2018-06-30 00:00:00,1996-12-11 00:00:00,112.8
1989-08-01 00:00:00,2018-06-30 00:00:00,1996-12-11 00:00:00,112.0
1989-09-01 00:00:00,2018-06-30 00:00:00,1996-12-11 00:00:00,112.4
1989-10-01 00:00:00,2018-06-30 00:00:00,1996-12-11 00:00:00,112.8
1989-11-01 00:00:00,2018-06-30 00:00:00,1996-12-11 00:00:00,112.7
1989-12-01 00:00:00,2018-06-30 00:00:00,1996-12-11 00:00:00,113.0
1990-01-01 00:00:00,2018-06-30 00:00:00,1996-12-11 00:00:00,114.9
1990-02-01 00:00:00,2018-06-30 00:00:00,1996-12-11 00:00:00,114.4
1990-03-01 00:00:00,2018-06-30 00:00:00,1996-12-11 00:00:00,114.2
1990-04-01 00:00:00,2018-06-30 00:00:00,1996-12-11 00:00:00,114.1
1990-05-01 00:00:00,2018-06-30 00:00:00,1996-12-11 00:00:00,114.6
1990-06-01 00:00:00,2018-06-30 00:00:00,1996-12-11 00:00:00,114.3
1990-07-01 00:00:00,2018-06-30 00:00:00,1996-12-11 00:00:00,114.5
1990-08-01 00:00:00,2018-06-30 00:00:00,1996-12-11 00:00:00,116.5
1990-09-01 00:00:00,2018-06-30 00:00:00,1996-12-11 00:00:00,118.4
1990-10-01 00:00:00,2018-06-30 00:00:00,1996-12-11 00:00:00,120.8
1990-11-01 00:00:00,2018-06-30 00:00:00,1996-12-11 00:00:00,120.1
1990-12-01 00:00:00,2018-06-30 00:00:00,1996-12-11 00:00:00,118.7
1991-01-01 00:00:00,2018-06-30 00:00:00,1996-12-11 00:00:00,119.0
1991-02-01 00:00:00,2018-06-30 00:00:00,1996-12-11 00:00:00,117.2
1991-03-01 00:00:00,2018-06-30 00:00:00,1996-12-11 00:00:00,116.2
1991-04-01 00:00:00,2018-06-30 00:00:00,1996-12-11 00:00:00,116.0
1991-05-01 00:00:00,2018-06-30 00:00:00,1996-12-11 00:00:00,116.5
1991-06-01 00:00:00,2018-06-30 00:00:00,1996-12-11 00:00:00,116.4
1991-07-01 00:00:00,2018-06-30 00:00:00,1996-12-11 00:00:00,116.1
1991-08-01 00:00:00,2018-06-30 00:00:00,1996-12-11 00:00:00,116.2
1991-09-01 00:00:00,2018-06-30 00:00:00,1996-12-11 00:00:00,116.1
1991-10-01 00:00:00,2018-06-30 00:00:00,1996-12-11 00:00:00,116.4
1991-11-01 00:00:00,2018-06-30 00:00:00,1996-12-11 00:00:00,116.4
1991-12-01 00:00:00,2018-06-30 00:00:00,1996-12-11 00:00:00,115.9
1992-01-01 00:00:00,2018-06-30 00:00:00,1996-12-11 00:00:00,115.6
1992-02-01 00:00:00,2018-06-30 00:00:00,1996-12-11 00:00:00,116.0
1992-03-01 00:00:00,2018-06-30 00:00:00,1996-12-11 00:00:00,116.1
1992-04-01 00:00:00,2018-06-30 00:00:00,1996-12-11 00:00:00,116.3
1992-05-01 00:00:00,2018-06-30 00:00:00,1996-12-11 00:00:00,117.2
1992-06-01 00:00:00,2018-06-30 00:00:00,1996-12-11 00:00:00,118.0
1992-07-01 00:00:00,2018-06-30 00:00:00,1996-12-11 00:00:00,117.9
1992-08-01 00:00:00,2018-06-30 00:00:00,1996-12-11 00:00:00,117.7
1992-09-01 00:00:00,2018-06-30 00:00:00,1996-12-11 00:00:00,118.0
1992-10-01 00:00:00,2018-06-30 00:00:00,1996-12-11 00:00:00,118.1
1992-11-01 00:00:00,2018-06-30 00:00:00,1996-12-11 00:00:00,117.8
1992-12-01 00:00:00,2018-06-30 00:00:00,1996-12-11 00:00:00,117.6
1993-01-01 00:00:00,2018-06-30 00:00:00,1996-12-11 00:00:00,118.0
1993-02-01 00:00:00,2018-06-30 00:00:00,1996-12-11 00:00:00,118.4
1993-03-01 00:00:00,2018-06-30 00:00:00,1996-12-11 00:00:00,118.7
1993-04-01 00:00:00,2018-06-30 00:00:00,1996-12-11 00:00:00,119.3
1993-05-01 00:00:00,2018-06-30 00:00:00,1996-12-11 00:00:00,119.7
1993-06-01 00:00:00,2018-06-30 00:00:00,1996-12-11 00:00:00,119.5
1993-07-01 00:00:00,2018-06-30 00:00:00,1996-12-11 00:00:00,119.2
1993-08-01 00:00:00,2018-06-30 00:00:00,1996-12-11 00:00:00,118.7
1993-09-01 00:00:00,2018-06-30 00:00:00,1996-12-11 00:00:00,118.7
1993-10-01 00:00:00,2018-06-30 00:00:00,1996-12-11 00:00:00,119.1
1993-11-01 00:00:00,2018-06-30 00:00:00,1996-12-11 00:00:00,119.0
1993-12-01 00:00:00,2018-06-30 00:00:00,1996-12-11 00:00:00,118.6
1994-01-01 00:00:00,2018-06-30 00:00:00,1996-12-11 00:00:00,119.1
1994-02-01 00:00:00,2018-06-30 00:00:00,1996-12-11 00:00:00,119.3
1994-03-01 00:00:00,2018-06-30 00:00:00,1996-12-11 00:00:00,119.7
1994-04-01 00:00:00,2018-06-30 00:00:00,1996-12-11 00:00:00,119.7
1994-05-01 00:00:00,2018-06-30 00:00:00,1996-12-11 00:00:00,119.9
1994-06-01 00:00:00,2018-06-30 00:00:00,1996-12-11 00:00:00,120.5
1994-07-01 00:00:00,2018-06-30 00:00:00,1996-12-11 00:00:00,120.7
1994-08-01 00:00:00,2018-06-30 00:00:00,1996-12-11 00:00:00,121.2
1994-09-01 00:00:00,2018-06-30 00:00:00,1996-12-11 00:00:00,121.0
1994-10-01 00:00:00,2018-06-30 00:00:00,1996-12-11 00:00:00,120.9
1994-11-01 00:00:00,2018-06-30 00:00:00,1996-12-11 00:00:00,121.5
1994-12-01 00:00:00,2018-06-30 00:00:00,1996-12-11 00:00:00,121.9
1995-01-01 00:00:00,2018-06-30 00:00:00,1996-12-11 00:00:00,122.9
1995-02-01 00:00:00,2018-06-30 00:00:00,1996-12-11 00:00:00,123.5
1995-03-01 00:00:00,2018-06-30 00:00:00,1996-12-11 00:00:00,123.9
1995-04-01 00:00:00,2018-06-30 00:00:00,1996-12-11 00:00:00,124.6
1995-05-01 00:00:00,2018-06-30 00:00:00,1996-12-11 00:00:00,124.9
1995-06-01 00:00:00,2018-06-30 00:00:00,1996-12-11 00:00:00,125.3
1995-07-01 00:00:00,2018-06-30 00:00:00,1996-12-11 00:00:00,125.3
1995-08-01 00:00:00,2018-06-30 00:00:00,1996-12-11 00:00:00,125.1
1995-09-01 00:00:00,2018-06-30 00:00:00,1996-12-11 00:00:00,125.2
1995-10-01 00:00:00,2018-06-30 00:00:00,1996-12-11 00:00:00,125.3
1995-11-01 00:00:00,2018-06-30 00:00:00,1996-12-11 00:00:00,125.4
1995-12-01 00:00:00,2018-06-30 00:00:00,1996-12-11 00:00:00,125.7
1996-01-01 00:00:00,2018-06-30 00:00:00,1996-12-11 00:00:00,126.3
1996-02-01 00:00:00,2018-06-30 00:00:00,1996-12-11 00:00:00,126.2
1996-03-01 00:00:00,2018-06-30 00:00:00,1996-12-11 00:00:00,126.4
1996-04-01 00:00:00,2018-06-30 00:00:00,1996-12-11 00:00:00,127.4
1996-05-01 00:00:00,2018-06-30 00:00:00,1996-12-11 00:00:00,128.1
1996-06-01 00:00:00,2018-06-30 00:00:00,1996-12-11 00:00:00,128.0
1996-07-01 00:00:00,2018-06-30 00:00:00,1996-12-11 00:00:00,128.0
1996-08-01 00:00:00,1997-01-08 00:00:00,1996-12-11 00:00:00,128.1
1996-08-01 00:00:00,2018-06-30 00:00:00,1997-01-09 00:00:00,128.3
1996-09-01 00:00:00,1997-02-13 00:00:00,1996-12-11 00:00:00,128.0
1996-09-01 00:00:00,2018-06-30 00:00:00,1997-02-14 00:00:00,128.2
1996-10-01 00:00:00,1997-03-13 00:00:00,1996-12-11 00:00:00,127.9
1996-10-01 00:00:00,2018-06-30 00:00:00,1997-03-14 00:00:00,128.0
1996-11-01 00:00:00,1997-04-10 00:00:00,1996-12-11 00:00:00,128.1
1996-11-01 00:00:00,2018-06-30 00:00:00,1997-04-11 00:00:00,128.2
1996-12-01 00:00:00,1997-05-13 00:00:00,1997-01-09 00:00:00,128.8
1996-12-01 00:00:00,2018-06-30 00:00:00,1997-05-14 00:00:00,129.1
1997-01-01 00:00:00,2018-06-30 00:00:00,1997-02-14 00:00:00,129.7
1997-02-01 00:00:00,1997-07-10 00:00:00,1997-03-14 00:00:00,128.7
1997-02-01 00:00:00,2018-06-30 00:00:00,1997-07-11 00:00:00,128.5
1997-03-01 00:00:00,1997-08-12 00:00:00,1997-04-11 00:00:00,127.7
1997-03-01 00:00:00,2018-06-30 00:00:00,1997-08-13 00:00:00,127.3
1997-04-01 00:00:00,1997-09-11 00:00:00,1997-05-14 00:00:00,127.2
1997-04-01 00:00:00,2018-06-30 00:00:00,1997-09-12 00:00:00,127.0
1997-05-01 00:00:00,1997-10-09 00:00:00,1997-06-13 00:00:00,127.3
1997-05-01 00:00:00,2018-06-30 00:00:00,1997-10-10 00:00:00,127.4
1997-06-01 00:00:00,2018-06-30 00:00:00,1997-07-11 00:00:00,127.2
1997-07-01 00:00:00,2018-06-30 00:00:00,1997-08-13 00:00:00,126.9
1997-08-01 00:00:00,2018-06-30 00:00:00,1997-09-12 00:00:00,127.2
1997-09-01 00:00:00,2018-06-30 00:00:00,1997-10-10 00:00:00,127.5
1997-10-01 00:00:00,2018-06-30 00:00:00,1997-11-14 00:00:00,127.8
1997-11-01 00:00:00,1998-04-08 00:00:00,1997-12-12 00:00:00,127.8
1997-11-01 00:00:00,2018-06-30 00:00:00,1998-04-09 00:00:00,127.9
1997-12-01 00:00:00,1998-05-12 00:00:00,1998-01-08 00:00:00,126.7
1997-12-01 00:00:00,2018-06-30 00:00:00,1998-05-13 00:00:00,126.8
1998-01-01 00:00:00,1998-06-11 00:00:00,1998-02-18 00:00:00,125.5
1998-01-01 00:00:00,2018-06-30 00:00:00,1998-06-12 00:00:00,125.4
1998-02-01 00:00:00,1998-07-09 00:00:00,1998-03-13 00:00:00,125.1
1998-02-01 00:00:00,2018-06-30 00:00:00,1998-07-10 00:00:00,125.0
1998-03-01 00:00:00,1998-08-13 00:00:00,1998-04-09 00:00:00,124.5
1998-03-01 00:00:00,2018-06-30 00:00:00,1998-08-14 00:00:00,124.7
1998-04-01 00:00:00,1998-09-10 00:00:00,1998-05-13 00:00:00,124.7
1998-04-01 00:00:00,2018-06-30 00:00:00,1998-09-11 00:00:00,124.9
1998-05-01 00:00:00,1998-10-14 00:00:00,1998-06-12 00:00:00,124.9
1998-05-01 00:00:00,2018-06-30 00:00:00,1998-10-15 00:00:00,125.1
1998-06-01 00:00:00,2018-06-30 00:00:00,1998-07-10 00:00:00,124.8
1998-07-01 00:00:00,1998-12-10 00:00:00,1998-08-14 00:00:00,124.8
1998-07-01 00:00:00,2018-06-30 00:00:00,1998-12-11 00:00:00,124.9
1998-08-01 00:00:00,2018-06-30 00:00:00,1998-09-11 00:00:00,124.2
1998-09-01 00:00:00,1999-02-17 00:00:00,1998-10-15 00:00:00,123.9
1998-09-01 00:00:00,2018-06-30 00:00:00,1999-02-18 00:00:00,123.8
1998-10-01 00:00:00,2018-06-30 00:00:00,1998-11-13 00:00:00,124.0
1998-11-01 00:00:00,1999-04-08 00:00:00,1998-12-11 00:00:00,123.5
1998-11-01 00:00:00,2018-06-30 00:00:00,1999-04-09 00:00:00,123.6
1998-12-01 00:00:00,1999-05-12 00:00:00,1999-01-12 00:00:00,122.7
1998-12-01 00:00:00,2018-06-30 00:00:00,1999-05-13 00:00:00,122.8
1999-01-01 00:00:00,1999-06-10 00:00:00,1999-02-18 00:00:00,123.2
1999-01-01 00:00:00,2018-06-30 00:00:00,1999-06-11 00:00:00,122.9
1999-02-01 00:00:00,1999-07-13 00:00:00,1999-03-12 00:00:00,122.4
1999-02-01 00:00:00,2018-06-30 00:00:00,1999-07-14 00:00:00,122.3
1999-03-01 00:00:00,1999-08-12 00:00:00,1999-04-09 00:00:00,122.8
1999-03-01 00:00:00,2018-06-30 00:00:00,1999-08-13 00:00:00,122.6
1999-04-01 00:00:00,1999-09-09 00:00:00,1999-05-13 00:00:00,123.5
1999-04-01 00:00:00,2018-06-30 00:00:00,1999-09-10 00:00:00,123.6
1999-05-01 00:00:00,1999-10-14 00:00:00,1999-06-11 00:00:00,124.5
1999-05-01 00:00:00,2018-06-30 00:00:00,1999-10-15 00:00:00,124.7
1999-06-01 00:00:00,1999-11-09 00:00:00,1999-07-14 00:00:00,125.1
1999-06-01 00:00:00,2018-06-30 00:00:00,1999-11-10 00:00:00,125.2
1999-07-01 00:00:00,1999-12-09 00:00:00,1999-08-13 00:00:00,125.5
1999-07-01 00:00:00,2018-06-30 00:00:00,1999-12-10 00:00:00,125.7
1999-08-01 00:00:00,2000-01-12 00:00:00,1999-09-10 00:00:00,126.8
1999-08-01 00:00:00,2018-06-30 00:00:00,2000-01-13 00:00:00,126.9
1999-09-01 00:00:00,2018-06-30 00:00:00,1999-10-15 00:00:00,128.0
1999-10-01 00:00:00,2000-03-15 00:00:00,1999-11-10 00:00:00,127.9
1999-10-01 00:00:00,2018-06-30 00:00:00,2000-03-16 00:00:00,127.7
1999-11-01 00:00:00,2000-04-12 00:00:00,1999-12-10 00:00:00,128.4
1999-11-01 00:00:00,2018-06-30 00:00:00,2000-04-13 00:00:00,128.3
1999-12-01 00:00:00,2000-05-11 00:00:00,2000-01-13 00:00:00,128.0
1999-12-01 00:00:00,2018-06-30 00:00:00,2000-05-12 00:00:00,127.8
2000-01-01 00:00:00,2018-06-30 00:00:00,2000-02-17 00:00:00,128.3
2000-02-01 00:00:00,2018-06-30 00:00:00,2000-03-16 00:00:00,129.8
2000-03-01 00:00:00,2000-08-10 00:00:00,2000-04-13 00:00:00,131.0
2000-03-01 00:00:00,2018-06-30 00:00:00,2000-08-11 00:00:00,130.8
2000-04-01 00:00:00,2018-06-30 00:00:00,2000-05-12 00:00:00,130.7
2000-05-01 00:00:00,2018-06-30 00:00:00,2000-06-09 00:00:00,131.6
2000-06-01 00:00:00,2000-11-08 00:00:00,2000-07-14 00:00:00,133.3
2000-06-01 00:00:00,2018-06-30 00:00:00,2000-11-09 00:00:00,133.8
2000-07-01 00:00:00,2000-12-13 00:00:00,2000-08-11 00:00:00,133.2
2000-07-01 00:00:00,2018-06-30 00:00:00,2000-12-14 00:00:00,133.7
2000-08-01 00:00:00,2018-06-30 00:00:00,2000-09-14 00:00:00,132.9
2000-09-01 00:00:00,2001-02-15 00:00:00,2000-10-13 00:00:00,134.5
2000-09-01 00:00:00,2018-06-30 00:00:00,2001-02-16 00:00:00,134.7
2000-10-01 00:00:00,2001-03-15 00:00:00,2000-11-09 00:00:00,135.1
2000-10-01 00:00:00,2018-06-30 00:00:00,2001-03-16 00:00:00,135.4
2000-11-01 00:00:00,2001-04-11 00:00:00,2000-12-14 00:00:00,134.6
2000-11-01 00:00:00,2018-06-30 00:00:00,2001-04-12 00:00:00,135.0
2000-12-01 00:00:00,2001-05-10 00:00:00,2001-01-12 00:00:00,135.7
2000-12-01 00:00:00,2018-06-30 00:00:00,2001-05-11 00:00:00,136.2
2001-01-01 00:00:00,2001-06-13 00:00:00,2001-02-16 00:00:00,138.8
2001-01-01 00:00:00,2018-06-30 00:00:00,2001-06-14 00:00:00,140.0
2001-02-01 00:00:00,2001-07-12 00:00:00,2001-03-16 00:00:00,136.5
2001-02-01 00:00:00,2018-06-30 00:00:00,2001-07-13 00:00:00,137.4
2001-03-01 00:00:00,2018-06-30 00:00:00,2001-04-12 00:00:00,135.9
2001-04-01 00:00:00,2001-09-13 00:00:00,2001-05-11 00:00:00,136.3
2001-04-01 00:00:00,2018-06-30 00:00:00,2001-09-14 00:00:00,136.4
2001-05-01 00:00:00,2001-10-11 00:00:00,2001-06-14 00:00:00,136.6
2001-05-01 00:00:00,2018-06-30 00:00:00,2001-10-12 00:00:00,136.8
2001-06-01 00:00:00,2001-11-08 00:00:00,2001-07-13 00:00:00,135.7
2001-06-01 00:00:00,2018-06-30 00:00:00,2001-11-09 00:00:00,135.5
2001-07-01 00:00:00,2001-12-12 00:00:00,2001-08-10 00:00:00,133.9
2001-07-01 00:00:00,2018-06-30 00:00:00,2001-12-13 00:00:00,133.4
2001-08-01 00:00:00,2002-01-10 00:00:00,2001-09-14 00:00:00,133.5
2001-08-01 00:00:00,2018-06-30 00:00:00,2002-01-11 00:00:00,133.4
2001-09-01 00:00:00,2002-02-12 00:00:00,2001-10-12 00:00:00,133.4
2001-09-01 00:00:00,2018-06-30 00:00:00,2002-02-13 00:00:00,133.3
2001-10-01 00:00:00,2002-03-14 00:00:00,2001-11-09 00:00:00,130.2
2001-10-01 00:00:00,2018-06-30 00:00:00,2002-03-15 00:00:00,130.3
2001-11-01 00:00:00,2002-04-11 00:00:00,2001-12-13 00:00:00,130.1
2001-11-01 00:00:00,2018-06-30 00:00:00,2002-04-12 00:00:00,129.8
2001-12-01 00:00:00,2002-05-09 00:00:00,2002-01-11 00:00:00,128.0
2001-12-01 00:00:00,2018-06-30 00:00:00,2002-05-10 00:00:00,128.1
2002-01-01 00:00:00,2018-06-30 00:00:00,2002-02-15 00:00:00,128.5
2002-02-01 00:00:00,2002-07-10 00:00:00,2002-03-15 00:00:00,128.6
2002-02-01 00:00:00,2018-06-30 00:00:00,2002-07-11 00:00:00,128.4
2002-03-01 00:00:00,2002-08-07 00:00:00,2002-04-12 00:00:00,129.9
2002-03-01 00:00:00,2018-06-30 00:00:00,2002-08-08 00:00:00,129.8
2002-04-01 00:00:00,2002-09-12 00:00:00,2002-05-10 00:00:00,131.0
2002-04-01 00:00:00,2018-06-30 00:00:00,2002-09-13 00:00:00,130.8
2002-05-01 00:00:00,2002-10-10 00:00:00,2002-06-13 00:00:00,131.0
2002-05-01 00:00:00,2018-06-30 00:00:00,2002-10-11 00:00:00,130.8
2002-06-01 00:00:00,2002-11-14 00:00:00,2002-07-11 00:00:00,131.1
2002-06-01 00:00:00,2018-06-30 00:00:00,2002-11-15 00:00:00,130.9
2002-07-01 00:00:00,2018-06-30 00:00:00,2002-08-08 00:00:00,131.2
2002-08-01 00:00:00,2018-06-30 00:00:00,2002-09-13 00:00:00,131.5
2002-09-01 00:00:00,2003-02-19 00:00:00,2002-10-11 00:00:00,132.0
2002-09-01 00:00:00,2018-06-30 00:00:00,2003-02-20 00:00:00,132.3
2002-10-01 00:00:00,2003-03-13 00:00:00,2002-11-15 00:00:00,133.1
2002-10-01 00:00:00,2018-06-30 00:00:00,2003-03-14 00:00:00,133.2
2002-11-01 00:00:00,2003-04-10 00:00:00,2002-12-13 00:00:00,133.2
2002-11-01 00:00:00,2018-06-30 00:00:00,2003-04-11 00:00:00,133.1
2002-12-01 00:00:00,2003-05-14 00:00:00,2003-01-15 00:00:00,133.0
2002-12-01 00:00:00,2018-06-30 00:00:00,2003-05-15 00:00:00,132.9
2003-01-01 00:00:00,2003-06-12 00:00:00,2003-02-20 00:00:00,135.5
2003-01-01 00:00:00,2018-06-30 00:00:00,2003-06-13 00:00:00,135.3
2003-02-01 00:00:00,2003-07-10 00:00:00,2003-03-14 00:00:00,137.8
2003-02-01 00:00:00,2018-06-30 00:00:00,2003-07-11 00:00:00,137.6
2003-03-01 00:00:00,2003-08-13 00:00:00,2003-04-11 00:00:00,141.4
2003-03-01 00:00:00,2018-06-30 00:00:00,2003-08-14 00:00:00,141.2
2003-04-01 00:00:00,2018-06-30 00:00:00,2003-05-15 00:00:00,136.8
2003-05-01 00:00:00,2018-06-30 00:00:00,2003-06-13 00:00:00,136.7
2003-06-01 00:00:00,2018-06-30 00:00:00,2003-07-11 00:00:00,138.0
2003-07-01 00:00:00,2003-12-11 00:00:00,2003-08-14 00:00:00,137.8
2003-07-01 00:00:00,2018-06-30 00:00:00,2003-12-12 00:00:00,137.7
2003-08-01 00:00:00,2018-06-30 00:00:00,2003-09-12 00:00:00,138.0
2003-09-01 00:00:00,2018-06-30 00:00:00,2003-10-10 00:00:00,138.5
2003-10-01 00:00:00,2004-03-31 00:00:00,2003-11-14 00:00:00,139.4
2003-10-01 00:00:00,2018-06-30 00:00:00,2004-04-01 00:00:00,139.3
2003-11-01 00:00:00,2018-06-30 00:00:00,2003-12-12 00:00:00,138.9
2003-12-01 00:00:00,2004-05-12 00:00:00,2004-01-14 00:00:00,139.4
2003-12-01 00:00:00,2018-06-30 00:00:00,2004-05-13 00:00:00,139.5
2004-01-01 00:00:00,2004-03-31 00:00:00,2004-03-18 00:00:00,143.0
2004-01-01 00:00:00,2004-04-04 00:00:00,2004-04-01 00:00:00,
2004-01-01 00:00:00,2004-06-16 00:00:00,2004-04-05 00:00:00,141.0
2004-01-01 00:00:00,2018-06-30 00:00:00,2004-06-17 00:00:00,141.4
2004-02-01 00:00:00,2004-07-14 00:00:00,2004-04-01 00:00:00,141.8
2004-02-01 00:00:00,2018-06-30 00:00:00,2004-07-15 00:00:00,142.1
2004-03-01 00:00:00,2004-08-12 00:00:00,2004-04-22 00:00:00,142.7
2004-03-01 00:00:00,2018-06-30 00:00:00,2004-08-13 00:00:00,143.1
2004-04-01 00:00:00,2004-09-09 00:00:00,2004-05-13 00:00:00,144.5
2004-04-01 00:00:00,2018-06-30 00:00:00,2004-09-10 00:00:00,144.8
2004-05-01 00:00:00,2004-10-14 00:00:00,2004-06-17 00:00:00,146.6
2004-05-01 00:00:00,2018-06-30 00:00:00,2004-10-15 00:00:00,146.8
2004-06-01 00:00:00,2004-11-15 00:00:00,2004-07-15 00:00:00,147.1
2004-06-01 00:00:00,2018-06-30 00:00:00,2004-11-16 00:00:00,147.2
2004-07-01 00:00:00,2004-12-09 00:00:00,2004-08-13 00:00:00,147.6
2004-07-01 00:00:00,2018-06-30 00:00:00,2004-12-10 00:00:00,147.4
2004-08-01 00:00:00,2005-01-13 00:00:00,2004-09-10 00:00:00,147.9
2004-08-01 00:00:00,2018-06-30 00:00:00,2005-01-14 00:00:00,148.0
2004-09-01 00:00:00,2018-06-30 00:00:00,2004-10-15 00:00:00,147.7
2004-10-01 00:00:00,2005-03-21 00:00:00,2004-11-16 00:00:00,149.8
2004-10-01 00:00:00,2018-06-30 00:00:00,2005-03-22 00:00:00,150.0
2004-11-01 00:00:00,2005-04-18 00:00:00,2004-12-10 00:00:00,151.3
2004-11-01 00:00:00,2018-06-30 00:00:00,2005-04-19 00:00:00,151.4
2004-12-01 00:00:00,2005-05-16 00:00:00,2005-01-14 00:00:00,150.1
2004-12-01 00:00:00,2018-06-30 00:00:00,2005-05-17 00:00:00,150.2
2005-01-01 00:00:00,2018-06-30 00:00:00,2005-02-18 00:00:00,150.9
2005-02-01 00:00:00,2018-06-30 00:00:00,2005-03-22 00:00:00,151.6
2005-03-01 00:00:00,2005-08-16 00:00:00,2005-04-19 00:00:00,153.6
2005-03-01 00:00:00,2018-06-30 00:00:00,2005-08-17 00:00:00,153.7
2005-04-01 00:00:00,2018-06-30 00:00:00,2005-05-17 00:00:00,155.0
2005-05-01 00:00:00,2005-10-17 00:00:00,2005-06-14 00:00:00,154.4
2005-05-01 00:00:00,2018-06-30 00:00:00,2005-10-18 00:00:00,154.3
2005-06-01 00:00:00,2005-11-14 00:00:00,2005-07-15 00:00:00,154.1
2005-06-01 00:00:00,2018-06-30 00:00:00,2005-11-15 00:00:00,154.3
2005-07-01 00:00:00,2005-12-19 00:00:00,2005-08-17 00:00:00,156.2
2005-07-01 00:00:00,2018-06-30 00:00:00,2005-12-20 00:00:00,156.3
2005-08-01 00:00:00,2006-01-12 00:00:00,2005-09-13 00:00:00,157.3
2005-08-01 00:00:00,2018-06-30 00:00:00,2006-01-13 00:00:00,157.6
2005-09-01 00:00:00,2006-02-14 00:00:00,2005-10-18 00:00:00,161.9
2005-09-01 00:00:00,2018-06-30 00:00:00,2006-02-15 00:00:00,162.2
2005-10-01 00:00:00,2006-03-20 00:00:00,2005-11-15 00:00:00,166.0
2005-10-01 00:00:00,2018-06-30 00:00:00,2006-03-21 00:00:00,166.2
2005-11-01 00:00:00,2006-04-17 00:00:00,2005-12-20 00:00:00,163.6
2005-11-01 00:00:00,2018-06-30 00:00:00,2006-04-18 00:00:00,163.7
2005-12-01 00:00:00,2018-06-30 00:00:00,2006-01-13 00:00:00,163.0
2006-01-01 00:00:00,2006-06-12 00:00:00,2006-02-17 00:00:00,164.6
2006-01-01 00:00:00,2018-06-30 00:00:00,2006-06-13 00:00:00,164.3
2006-02-01 00:00:00,2006-07-17 00:00:00,2006-03-21 00:00:00,161.9
2006-02-01 00:00:00,2018-06-30 00:00:00,2006-07-18 00:00:00,161.8
2006-03-01 00:00:00,2006-08-14 00:00:00,2006-04-18 00:00:00,162.0
2006-03-01 00:00:00,2018-06-30 00:00:00,2006-08-15 00:00:00,162.2
2006-04-01 00:00:00,2006-09-18 00:00:00,2006-05-16 00:00:00,163.8
2006-04-01 00:00:00,2018-06-30 00:00:00,2006-09-19 00:00:00,164.3
2006-05-01 00:00:00,2006-10-16 00:00:00,2006-06-13 00:00:00,165.3
2006-05-01 00:00:00,2018-06-30 00:00:00,2006-10-17 00:00:00,165.8
2006-06-01 00:00:00,2006-11-13 00:00:00,2006-07-18 00:00:00,165.9
2006-06-01 00:00:00,2018-06-30 00:00:00,2006-11-14 00:00:00,166.1
2006-07-01 00:00:00,2006-12-18 00:00:00,2006-08-15 00:00:00,167.1
2006-07-01 00:00:00,2018-06-30 00:00:00,2006-12-19 00:00:00,166.8
2006-08-01 00:00:00,2018-06-30 00:00:00,2006-09-19 00:00:00,167.9
2006-09-01 00:00:00,2018-06-30 00:00:00,2006-10-17 00:00:00,165.4
2006-10-01 00:00:00,2007-03-14 00:00:00,2006-11-14 00:00:00,162.0
2006-10-01 00:00:00,2018-06-30 00:00:00,2007-03-15 00:00:00,162.2
2006-11-01 00:00:00,2007-04-12 00:00:00,2006-12-19 00:00:00,165.1
2006-11-01 00:00:00,2018-06-30 00:00:00,2007-04-13 00:00:00,164.6
2006-12-01 00:00:00,2007-05-10 00:00:00,2007-01-17 00:00:00,166.0
2006-12-01 00:00:00,2018-06-30 00:00:00,2007-05-11 00:00:00,165.6
2007-01-01 00:00:00,2007-06-13 00:00:00,2007-02-16 00:00:00,164.2
2007-01-01 00:00:00,2018-06-30 00:00:00,2007-06-14 00:00:00,164.0
2007-02-01 00:00:00,2007-07-16 00:00:00,2007-03-15 00:00:00,167.3
2007-02-01 00:00:00,2018-06-30 00:00:00,2007-07-17 00:00:00,166.8
2007-03-01 00:00:00,2007-08-13 00:00:00,2007-04-13 00:00:00,169.7
2007-03-01 00:00:00,2018-06-30 00:00:00,2007-08-14 00:00:00,169.3
2007-04-01 00:00:00,2007-09-17 00:00:00,2007-05-11 00:00:00,171.2
2007-04-01 00:00:00,2018-06-30 00:00:00,2007-09-18 00:00:00,171.4
2007-05-01 00:00:00,2007-10-11 00:00:00,2007-06-14 00:00:00,173.4
2007-05-01 00:00:00,2018-06-30 00:00:00,2007-10-12 00:00:00,173.3
2007-06-01 00:00:00,2007-11-13 00:00:00,2007-07-17 00:00:00,173.7
2007-06-01 00:00:00,2018-06-30 00:00:00,2007-11-14 00:00:00,173.8
2007-07-01 00:00:00,2007-12-12 00:00:00,2007-08-14 00:00:00,174.9
2007-07-01 00:00:00,2018-06-30 00:00:00,2007-12-13 00:00:00,175.1
2007-08-01 00:00:00,2018-06-30 00:00:00,2007-09-18 00:00:00,172.4
2007-09-01 00:00:00,2018-06-30 00:00:00,2007-10-12 00:00:00,173.5
2007-10-01 00:00:00,2008-03-17 00:00:00,2007-11-14 00:00:00,174.4
2007-10-01 00:00:00,2018-06-30 00:00:00,2008-03-18 00:00:00,174.7
2007-11-01 00:00:00,2008-04-14 00:00:00,2007-12-13 00:00:00,179.4
2007-11-01 00:00:00,2018-06-30 00:00:00,2008-04-15 00:00:00,179.0
2007-12-01 00:00:00,2018-06-30 00:00:00,2008-01-15 00:00:00,178.6
2008-01-01 00:00:00,2008-06-16 00:00:00,2008-02-26 00:00:00,180.8
2008-01-01 00:00:00,2018-06-30 00:00:00,2008-06-17 00:00:00,181.0
2008-02-01 00:00:00,2008-07-14 00:00:00,2008-03-18 00:00:00,182.4
2008-02-01 00:00:00,2018-06-30 00:00:00,2008-07-15 00:00:00,182.7
2008-03-01 00:00:00,2008-08-18 00:00:00,2008-04-15 00:00:00,188.1
2008-03-01 00:00:00,2018-06-30 00:00:00,2008-08-19 00:00:00,187.9
2008-04-01 00:00:00,2008-09-11 00:00:00,2008-05-20 00:00:00,190.7
2008-04-01 00:00:00,2018-06-30 00:00:00,2008-09-12 00:00:00,190.9
2008-05-01 00:00:00,2008-10-14 00:00:00,2008-06-17 00:00:00,196.5
2008-05-01 00:00:00,2018-06-30 00:00:00,2008-10-15 00:00:00,196.6
2008-06-01 00:00:00,2008-11-17 00:00:00,2008-07-15 00:00:00,200.7
2008-06-01 00:00:00,2018-06-30 00:00:00,2008-11-18 00:00:00,200.5
2008-07-01 00:00:00,2008-12-11 00:00:00,2008-08-19 00:00:00,205.6
2008-07-01 00:00:00,2018-06-30 00:00:00,2008-12-12 00:00:00,205.5
2008-08-01 00:00:00,2009-01-14 00:00:00,2008-09-12 00:00:00,199.9
2008-08-01 00:00:00,2018-06-30 00:00:00,2009-01-15 00:00:00,199.0
2008-09-01 00:00:00,2009-02-16 00:00:00,2008-10-15 00:00:00,197.2
2008-09-01 00:00:00,2018-06-30 00:00:00,2009-02-17 00:00:00,196.9
2008-10-01 00:00:00,2018-06-30 00:00:00,2008-11-18 00:00:00,186.4
2008-11-01 00:00:00,2009-04-13 00:00:00,2008-12-12 00:00:00,177.5
2008-11-01 00:00:00,2018-06-30 00:00:00,2009-04-14 00:00:00,176.8
2008-12-01 00:00:00,2009-05-13 00:00:00,2009-01-15 00:00:00,171.3
2008-12-01 00:00:00,2018-06-30 00:00:00,2009-05-14 00:00:00,170.9
2009-01-01 00:00:00,2009-06-15 00:00:00,2009-02-19 00:00:00,171.0
2009-01-01 00:00:00,2018-06-30 00:00:00,2009-06-16 00:00:00,171.2
2009-02-01 00:00:00,2009-07-13 00:00:00,2009-03-17 00:00:00,169.5
2009-02-01 00:00:00,2018-06-30 00:00:00,2009-07-14 00:00:00,169.3
2009-03-01 00:00:00,2018-06-30 00:00:00,2009-04-14 00:00:00,168.1
2009-04-01 00:00:00,2009-09-14 00:00:00,2009-05-14 00:00:00,168.7
2009-04-01 00:00:00,2018-06-30 00:00:00,2009-09-15 00:00:00,169.1
2009-05-01 00:00:00,2009-10-19 00:00:00,2009-06-16 00:00:00,170.2
2009-05-01 00:00:00,2018-06-30 00:00:00,2009-10-20 00:00:00,170.8
2009-06-01 00:00:00,2018-06-30 00:00:00,2009-07-14 00:00:00,174.1
2009-07-01 00:00:00,2009-12-14 00:00:00,2009-08-18 00:00:00,172.7
2009-07-01 00:00:00,2018-06-30 00:00:00,2009-12-15 00:00:00,172.5
2009-08-01 00:00:00,2010-01-19 00:00:00,2009-09-15 00:00:00,175.1
2009-08-01 00:00:00,2018-06-30 00:00:00,2010-01-20 00:00:00,175.0
2009-09-01 00:00:00,2010-02-15 00:00:00,2009-10-20 00:00:00,174.6
2009-09-01 00:00:00,2018-06-30 00:00:00,2010-02-16 00:00:00,174.1
2009-10-01 00:00:00,2010-03-16 00:00:00,2009-11-17 00:00:00,175.3
2009-10-01 00:00:00,2018-06-30 00:00:00,2010-03-17 00:00:00,175.2
2009-11-01 00:00:00,2010-04-21 00:00:00,2009-12-15 00:00:00,177.7
2009-11-01 00:00:00,2010-05-17 00:00:00,2010-04-22 00:00:00,177.9
2009-11-01 00:00:00,2018-06-30 00:00:00,2010-05-18 00:00:00,177.4
2009-12-01 00:00:00,2018-06-30 00:00:00,2010-01-20 00:00:00,178.1
2010-01-01 00:00:00,2010-06-15 00:00:00,2010-02-18 00:00:00,182.0
2010-01-01 00:00:00,2018-06-30 00:00:00,2010-06-16 00:00:00,181.9
2010-02-01 00:00:00,2010-07-14 00:00:00,2010-03-17 00:00:00,180.9
2010-02-01 00:00:00,2018-06-30 00:00:00,2010-07-15 00:00:00,181.0
2010-03-01 00:00:00,2018-06-30 00:00:00,2010-04-22 00:00:00,183.3
2010-04-01 00:00:00,2018-06-30 00:00:00,2010-05-18 00:00:00,184.4
2010-05-01 00:00:00,2010-10-13 00:00:00,2010-06-16 00:00:00,185.0
2010-05-01 00:00:00,2018-06-30 00:00:00,2010-10-14 00:00:00,184.8
2010-06-01 00:00:00,2010-11-15 00:00:00,2010-07-15 00:00:00,183.7
2010-06-01 00:00:00,2018-06-30 00:00:00,2010-11-16 00:00:00,183.5
2010-07-01 00:00:00,2010-12-13 00:00:00,2010-08-17 00:00:00,184.2
2010-07-01 00:00:00,2018-06-30 00:00:00,2010-12-14 00:00:00,184.1
2010-08-01 00:00:00,2011-01-12 00:00:00,2010-09-16 00:00:00,184.5
2010-08-01 00:00:00,2018-06-30 00:00:00,2011-01-13 00:00:00,184.9
2010-09-01 00:00:00,2011-02-13 00:00:00,2010-10-14 00:00:00,185.1
2010-09-01 00:00:00,2018-06-30 00:00:00,2011-02-14 00:00:00,184.9
2010-10-01 00:00:00,2011-03-15 00:00:00,2010-11-16 00:00:00,186.8
2010-10-01 00:00:00,2018-06-30 00:00:00,2011-03-16 00:00:00,186.6
2010-11-01 00:00:00,2011-04-13 00:00:00,2010-12-14 00:00:00,188.0
2010-11-01 00:00:00,2018-06-30 00:00:00,2011-04-14 00:00:00,187.7
2010-12-01 00:00:00,2011-05-11 00:00:00,2011-01-13 00:00:00,189.9
2010-12-01 00:00:00,2018-06-30 00:00:00,2011-05-12 00:00:00,189.7
2011-01-01 00:00:00,2011-06-13 00:00:00,2011-02-16 00:00:00,192.2
2011-01-01 00:00:00,2018-06-30 00:00:00,2011-06-14 00:00:00,192.7
2011-02-01 00:00:00,2011-07-13 00:00:00,2011-03-16 00:00:00,195.5
2011-02-01 00:00:00,2018-06-30 00:00:00,2011-07-14 00:00:00,195.8
2011-03-01 00:00:00,2011-08-16 00:00:00,2011-04-14 00:00:00,199.1
2011-03-01 00:00:00,2018-06-30 00:00:00,2011-08-17 00:00:00,199.2
2011-04-01 00:00:00,2011-09-13 00:00:00,2011-05-12 00:00:00,202.8
2011-04-01 00:00:00,2018-06-30 00:00:00,2011-09-14 00:00:00,203.1
2011-05-01 00:00:00,2011-10-17 00:00:00,2011-06-14 00:00:00,204.2
2011-05-01 00:00:00,2018-06-30 00:00:00,2011-10-18 00:00:00,204.1
2011-06-01 00:00:00,2011-11-14 00:00:00,2011-07-14 00:00:00,204.0
2011-06-01 00:00:00,2018-06-30 00:00:00,2011-11-15 00:00:00,203.9
2011-07-01 00:00:00,2018-06-30 00:00:00,2011-08-17 00:00:00,204.6
2011-08-01 00:00:00,2018-06-30 00:00:00,2011-09-14 00:00:00,203.2
2011-09-01 00:00:00,2012-02-13 00:00:00,2011-10-18 00:00:00,204.0
2011-09-01 00:00:00,2018-06-30 00:00:00,2012-02-14 00:00:00,203.7
2011-10-01 00:00:00,2012-03-14 00:00:00,2011-11-15 00:00:00,201.3
2011-10-01 00:00:00,2018-06-30 00:00:00,2012-03-15 00:00:00,201.1
2011-11-01 00:00:00,2012-04-11 00:00:00,2011-12-15 00:00:00,202.0
2011-11-01 00:00:00,2018-06-30 00:00:00,2012-04-12 00:00:00,201.4
2011-12-01 00:00:00,2012-05-10 00:00:00,2012-01-18 00:00:00,200.2
2011-12-01 00:00:00,2018-06-30 00:00:00,2012-05-11 00:00:00,199.8
2012-01-01 00:00:00,2012-06-12 00:00:00,2012-02-16 00:00:00,200.6
2012-01-01 00:00:00,2018-06-30 00:00:00,2012-06-13 00:00:00,200.7
2012-02-01 00:00:00,2018-06-30 00:00:00,2012-03-15 00:00:00,201.6
2012-03-01 00:00:00,2012-08-13 00:00:00,2012-04-12 00:00:00,204.3
2012-03-01 00:00:00,2018-06-30 00:00:00,2012-08-14 00:00:00,204.2
2012-04-01 00:00:00,2012-09-12 00:00:00,2012-05-11 00:00:00,203.9
2012-04-01 00:00:00,2018-06-30 00:00:00,2012-09-13 00:00:00,203.7
2012-05-01 00:00:00,2012-10-11 00:00:00,2012-06-13 00:00:00,202.3
2012-05-01 00:00:00,2018-06-30 00:00:00,2012-10-12 00:00:00,201.9
2012-06-01 00:00:00,2012-11-13 00:00:00,2012-07-13 00:00:00,200.4
2012-06-01 00:00:00,2018-06-30 00:00:00,2012-11-14 00:00:00,199.8
2012-07-01 00:00:00,2012-12-12 00:00:00,2012-08-14 00:00:00,200.0
2012-07-01 00:00:00,2018-06-30 00:00:00,2012-12-13 00:00:00,200.1
2012-08-01 00:00:00,2013-01-14 00:00:00,2012-09-13 00:00:00,202.6
2012-08-01 00:00:00,2018-06-30 00:00:00,2013-01-15 00:00:00,202.7
2012-09-01 00:00:00,2013-02-19 00:00:00,2012-10-12 00:00:00,204.5
2012-09-01 00:00:00,2018-06-30 00:00:00,2013-02-20 00:00:00,204.4
2012-10-01 00:00:00,2018-06-30 00:00:00,2012-11-14 00:00:00,203.5
2012-11-01 00:00:00,2018-06-30 00:00:00,2012-12-13 00:00:00,201.8
2012-12-01 00:00:00,2018-06-30 00:00:00,2013-01-15 00:00:00,201.5
2013-01-01 00:00:00,2013-06-13 00:00:00,2013-02-20 00:00:00,202.4
2013-01-01 00:00:00,2018-06-30 00:00:00,2013-06-14 00:00:00,202.5
2013-02-01 00:00:00,2018-06-30 00:00:00,2013-03-14 00:00:00,204.3
2013-03-01 00:00:00,2013-08-13 00:00:00,2013-04-12 00:00:00,204.1
2013-03-01 00:00:00,2018-06-30 00:00:00,2013-08-14 00:00:00,204.0
2013-04-01 00:00:00,2013-09-12 00:00:00,2013-05-15 00:00:00,203.6
2013-04-01 00:00:00,2018-06-30 00:00:00,2013-09-13 00:00:00,203.5
2013-05-01 00:00:00,2013-10-28 00:00:00,2013-06-14 00:00:00,204.2
2013-05-01 00:00:00,2018-06-30 00:00:00,2013-10-29 00:00:00,204.1
2013-06-01 00:00:00,2013-11-20 00:00:00,2013-07-12 00:00:00,204.7
2013-06-01 00:00:00,2018-06-30 00:00:00,2013-11-21 00:00:00,204.3
2013-07-01 00:00:00,2013-12-12 00:00:00,2013-08-14 00:00:00,204.6
2013-07-01 00:00:00,2018-06-30 00:00:00,2013-12-13 00:00:00,204.4
2013-08-01 00:00:00,2014-01-14 00:00:00,2013-09-13 00:00:00,204.3
2013-08-01 00:00:00,2018-06-30 00:00:00,2014-01-15 00:00:00,204.2
2013-09-01 00:00:00,2014-02-18 00:00:00,2013-10-29 00:00:00,204.0
2013-09-01 00:00:00,2018-06-30 00:00:00,2014-02-19 00:00:00,203.9
2013-10-01 00:00:00,2018-06-30 00:00:00,2013-11-21 00:00:00,202.5
2013-11-01 00:00:00,2014-04-10 00:00:00,2013-12-13 00:00:00,201.0
2013-11-01 00:00:00,2018-06-30 00:00:00,2014-04-11 00:00:00,201.2
2013-12-01 00:00:00,2014-05-13 00:00:00,2014-01-15 00:00:00,201.8
2013-12-01 00:00:00,2018-06-30 00:00:00,2014-05-14 00:00:00,202.0
2014-01-01 00:00:00,2014-06-12 00:00:00,2014-02-19 00:00:00,203.5
2014-01-01 00:00:00,2018-06-30 00:00:00,2014-06-13 00:00:00,203.8
2014-02-01 00:00:00,2014-07-15 00:00:00,2014-03-14 00:00:00,206.0
2014-02-01 00:00:00,2018-06-30 00:00:00,2014-07-16 00:00:00,205.7
2014-03-01 00:00:00,2018-06-30 00:00:00,2014-04-11 00:00:00,207.0
2014-04-01 00:00:00,2014-09-15 00:00:00,2014-05-14 00:00:00,208.4
2014-04-01 00:00:00,2018-06-30 00:00:00,2014-09-16 00:00:00,208.3
2014-05-01 00:00:00,2018-06-30 00:00:00,2014-06-13 00:00:00,208.0
2014-06-01 00:00:00,2018-06-30 00:00:00,2014-07-16 00:00:00,208.3
2014-07-01 00:00:00,2018-06-30 00:00:00,2014-08-15 00:00:00,208.0
2014-08-01 00:00:00,2015-01-14 00:00:00,2014-09-16 00:00:00,206.8
2014-08-01 00:00:00,2018-06-30 00:00:00,2015-01-15 00:00:00,207.0
2014-09-01 00:00:00,2015-02-17 00:00:00,2014-10-15 00:00:00,206.5
2014-09-01 00:00:00,2018-06-30 00:00:00,2015-02-18 00:00:00,206.4
2014-10-01 00:00:00,2015-03-12 00:00:00,2014-11-18 00:00:00,203.6
2014-10-01 00:00:00,2018-06-30 00:00:00,2015-03-13 00:00:00,203.4
2014-11-01 00:00:00,2015-04-13 00:00:00,2014-12-12 00:00:00,201.2
2014-11-01 00:00:00,2018-06-30 00:00:00,2015-04-14 00:00:00,200.9
2014-12-01 00:00:00,2015-05-13 00:00:00,2015-01-15 00:00:00,197.6
2014-12-01 00:00:00,2018-06-30 00:00:00,2015-05-14 00:00:00,197.0
2015-01-01 00:00:00,2015-06-11 00:00:00,2015-02-18 00:00:00,192.1
2015-01-01 00:00:00,2018-06-30 00:00:00,2015-06-12 00:00:00,192.0
2015-02-01 00:00:00,2018-06-30 00:00:00,2015-03-13 00:00:00,191.1
2015-03-01 00:00:00,2015-08-13 00:00:00,2015-04-14 00:00:00,191.6
2015-03-01 00:00:00,2018-06-30 00:00:00,2015-08-14 00:00:00,191.5
2015-04-01 00:00:00,2015-09-10 00:00:00,2015-05-14 00:00:00,190.7
2015-04-01 00:00:00,2018-06-30 00:00:00,2015-09-11 00:00:00,190.9
2015-05-01 00:00:00,2015-10-13 00:00:00,2015-06-12 00:00:00,192.9
2015-05-01 00:00:00,2018-06-30 00:00:00,2015-10-14 00:00:00,193.4
2015-06-01 00:00:00,2015-11-12 00:00:00,2015-07-15 00:00:00,194.7
2015-06-01 00:00:00,2018-06-30 00:00:00,2015-11-13 00:00:00,194.8
2015-07-01 00:00:00,2015-12-10 00:00:00,2015-08-14 00:00:00,194.0
2015-07-01 00:00:00,2018-06-30 00:00:00,2015-12-11 00:00:00,193.9
2015-08-01 00:00:00,2016-01-14 00:00:00,2015-09-11 00:00:00,192.2
2015-08-01 00:00:00,2018-06-30 00:00:00,2016-01-15 00:00:00,191.9
2015-09-01 00:00:00,2018-06-30 00:00:00,2015-10-14 00:00:00,189.1
2015-10-01 00:00:00,2016-03-14 00:00:00,2015-11-13 00:00:00,187.7
2015-10-01 00:00:00,2018-06-30 00:00:00,2016-03-15 00:00:00,187.5
2015-11-01 00:00:00,2016-04-12 00:00:00,2015-12-11 00:00:00,185.9
2015-11-01 00:00:00,2018-06-30 00:00:00,2016-04-13 00:00:00,185.7
2015-12-01 00:00:00,2016-05-12 00:00:00,2016-01-15 00:00:00,183.8
2015-12-01 00:00:00,2018-06-30 00:00:00,2016-05-13 00:00:00,183.5
2016-01-01 00:00:00,2016-06-14 00:00:00,2016-02-17 00:00:00,182.5
2016-01-01 00:00:00,2018-06-30 00:00:00,2016-06-15 00:00:00,182.6
2016-02-01 00:00:00,2016-07-13 00:00:00,2016-03-15 00:00:00,181.5
2016-02-01 00:00:00,2018-06-30 00:00:00,2016-07-14 00:00:00,181.3
2016-03-01 00:00:00,2016-08-11 00:00:00,2016-04-13 00:00:00,182.4
2016-03-01 00:00:00,2018-06-30 00:00:00,2016-08-12 00:00:00,182.1
2016-04-01 00:00:00,2016-09-14 00:00:00,2016-05-13 00:00:00,183.3
2016-04-01 00:00:00,2018-06-30 00:00:00,2016-09-15 00:00:00,183.2
2016-05-01 00:00:00,2016-10-13 00:00:00,2016-06-15 00:00:00,185.0
2016-05-01 00:00:00,2018-06-30 00:00:00,2016-10-14 00:00:00,185.3
2016-06-01 00:00:00,2016-11-15 00:00:00,2016-07-14 00:00:00,187.4
2016-06-01 00:00:00,2018-06-30 00:00:00,2016-11-16 00:00:00,187.6
2016-07-01 00:00:00,2016-12-13 00:00:00,2016-08-12 00:00:00,187.3
2016-07-01 00:00:00,2018-06-30 00:00:00,2016-12-14 00:00:00,187.7
2016-08-01 00:00:00,2017-01-12 00:00:00,2016-09-15 00:00:00,186.2
2016-08-01 00:00:00,2018-06-30 00:00:00,2017-01-13 00:00:00,186.6
2016-09-01 00:00:00,2017-02-09 00:00:00,2016-10-14 00:00:00,187.0
2016-09-01 00:00:00,2018-06-30 00:00:00,2017-02-10 00:00:00,186.9
2016-10-01 00:00:00,2017-03-13 00:00:00,2016-11-16 00:00:00,186.8
2016-10-01 00:00:00,2018-06-30 00:00:00,2017-03-14 00:00:00,186.7
2016-11-01 00:00:00,2017-04-12 00:00:00,2016-12-14 00:00:00,186.4
2016-11-01 00:00:00,2018-06-30 00:00:00,2017-04-13 00:00:00,186.3
2016-12-01 00:00:00,2017-05-10 00:00:00,2017-01-13 00:00:00,188.3
2016-12-01 00:00:00,2018-06-30 00:00:00,2017-05-11 00:00:00,188.2
2017-01-01 00:00:00,2017-06-12 00:00:00,2017-02-14 00:00:00,190.6
2017-01-01 00:00:00,2018-06-30 00:00:00,2017-06-13 00:00:00,190.7
2017-02-01 00:00:00,2017-07-12 00:00:00,2017-03-14 00:00:00,191.1
2017-02-01 00:00:00,2018-06-30 00:00:00,2017-07-13 00:00:00,191.6
2017-03-01 00:00:00,2017-08-09 00:00:00,2017-04-13 00:00:00,191.3
2017-03-01 00:00:00,2018-06-30 00:00:00,2017-08-10 00:00:00,191.5
2017-04-01 00:00:00,2018-06-30 00:00:00,2017-05-11 00:00:00,193.0
2017-05-01 00:00:00,2017-10-11 00:00:00,2017-06-13 00:00:00,192.9
2017-05-01 00:00:00,2018-06-30 00:00:00,2017-10-12 00:00:00,192.8
2017-06-01 00:00:00,2017-11-13 00:00:00,2017-07-13 00:00:00,193.7
2017-06-01 00:00:00,2018-06-30 00:00:00,2017-11-14 00:00:00,193.6
2017-07-01 00:00:00,2017-12-11 00:00:00,2017-08-10 00:00:00,193.4
2017-07-01 00:00:00,2018-06-30 00:00:00,2017-12-12 00:00:00,193.5
2017-08-01 00:00:00,2018-01-10 00:00:00,2017-09-13 00:00:00,193.7
2017-08-01 00:00:00,2018-06-30 00:00:00,2018-01-11 00:00:00,193.8
2017-09-01 00:00:00,2018-02-14 00:00:00,2017-10-12 00:00:00,194.5
2017-09-01 00:00:00,2018-06-30 00:00:00,2018-02-15 00:00:00,194.8
2017-10-01 00:00:00,2018-03-13 00:00:00,2017-11-14 00:00:00,194.8
2017-10-01 00:00:00,2018-06-30 00:00:00,2018-03-14 00:00:00,194.9
2017-11-01 00:00:00,2018-04-09 00:00:00,2017-12-12 00:00:00,195.8
2017-11-01 00:00:00,2018-06-30 00:00:00,2018-04-10 00:00:00,195.9
2017-12-01 00:00:00,2018-05-08 00:00:00,2018-01-11 00:00:00,196.4
2017-12-01 00:00:00,2018-06-30 00:00:00,2018-05-09 00:00:00,196.3
2018-01-01 00:00:00,2018-06-12 00:00:00,2018-02-15 00:00:00,197.8
2018-01-01 00:00:00,2018-06-30 00:00:00,2018-06-13 00:00:00,197.9
2018-02-01 00:00:00,2018-06-30 00:00:00,2018-03-14 00:00:00,199.3
2018-03-01 00:00:00,2018-06-30 00:00:00,2018-04-10 00:00:00,198.9
2018-04-01 00:00:00,2018-06-30 00:00:00,2018-05-09 00:00:00,200.0
2018-05-01 00:00:00,2018-06-30 00:00:00,2018-06-13 00:00:00,203.2
