date,realtime_end,realtime_start,RGDP
1980-03-01,1996-01-18 00:00:00,1995-01-01 00:00:00,3830.8
1980-03-01,1997-05-06 00:00:00,1996-01-19 00:00:00,4674.3
1980-03-01,1999-10-27 00:00:00,1997-05-07 00:00:00,4679.0
1980-03-01,1999-10-28 00:00:00,1999-10-28 00:00:00,
1980-03-01,2000-04-02 00:00:00,1999-10-29 00:00:00,4926.8
1980-03-01,2003-12-09 00:00:00,2000-04-03 00:00:00,4958.9
1980-03-01,2009-07-30 00:00:00,2003-12-10 00:00:00,5221.3
1980-03-01,2011-07-28 00:00:00,2009-07-31 00:00:00,5908.5
1980-03-01,2013-07-30 00:00:00,2011-07-29 00:00:00,5903.4
1980-03-01,2014-07-29 00:00:00,2013-07-31 00:00:00,6517.9
1980-03-01,2017-10-26 00:00:00,2014-07-30 00:00:00,6524.9
1980-03-01,2018-06-30 00:00:00,2017-10-27 00:00:00,6524.912
1980-06-01,1996-01-18 00:00:00,1995-01-01 00:00:00,3732.6
1980-06-01,1997-05-06 00:00:00,1996-01-19 00:00:00,4562.6
1980-06-01,1999-10-27 00:00:00,1997-05-07 00:00:00,4566.6
1980-06-01,1999-10-28 00:00:00,1999-10-28 00:00:00,
1980-06-01,2000-04-02 00:00:00,1999-10-29 00:00:00,4829.0
1980-06-01,2003-12-09 00:00:00,2000-04-03 00:00:00,4857.8
1980-06-01,2009-07-30 00:00:00,2003-12-10 00:00:00,5115.9
1980-06-01,2011-07-28 00:00:00,2009-07-31 00:00:00,5787.4
1980-06-01,2013-07-30 00:00:00,2011-07-29 00:00:00,5782.4
1980-06-01,2014-07-29 00:00:00,2013-07-31 00:00:00,6385.7
1980-06-01,2017-10-26 00:00:00,2014-07-30 00:00:00,6392.6
1980-06-01,2018-06-30 00:00:00,2017-10-27 00:00:00,6392.578
1980-09-01,1996-01-18 00:00:00,1995-01-01 00:00:00,3733.5
1980-09-01,1997-05-06 00:00:00,1996-01-19 00:00:00,4559.6
1980-09-01,1999-10-27 00:00:00,1997-05-07 00:00:00,4562.3
1980-09-01,1999-10-28 00:00:00,1999-10-28 00:00:00,
1980-09-01,2000-04-02 00:00:00,1999-10-29 00:00:00,4823.3
1980-09-01,2003-12-09 00:00:00,2000-04-03 00:00:00,4850.3
1980-09-01,2009-07-30 00:00:00,2003-12-10 00:00:00,5107.4
1980-09-01,2011-07-28 00:00:00,2009-07-31 00:00:00,5776.6
1980-09-01,2013-07-30 00:00:00,2011-07-29 00:00:00,5771.7
1980-09-01,2014-07-29 00:00:00,2013-07-31 00:00:00,6376.0
1980-09-01,2017-10-26 00:00:00,2014-07-30 00:00:00,6382.9
1980-09-01,2018-06-30 00:00:00,2017-10-27 00:00:00,6382.892
1980-12-01,1996-01-18 00:00:00,1995-01-01 00:00:00,3808.5
1980-12-01,1997-05-06 00:00:00,1996-01-19 00:00:00,4651.1
1980-12-01,1999-10-27 00:00:00,1997-05-07 00:00:00,4651.9
1980-12-01,1999-10-28 00:00:00,1999-10-28 00:00:00,
1980-12-01,2000-04-02 00:00:00,1999-10-29 00:00:00,4910.1
1980-12-01,2003-12-09 00:00:00,2000-04-03 00:00:00,4936.6
1980-12-01,2009-07-30 00:00:00,2003-12-10 00:00:00,5202.1
1980-12-01,2011-07-28 00:00:00,2009-07-31 00:00:00,5883.5
1980-12-01,2013-07-30 00:00:00,2011-07-29 00:00:00,5878.4
1980-12-01,2014-07-29 00:00:00,2013-07-31 00:00:00,6494.1
1980-12-01,2017-10-26 00:00:00,2014-07-30 00:00:00,6501.2
1980-12-01,2018-06-30 00:00:00,2017-10-27 00:00:00,6501.184
1981-03-01,1996-01-18 00:00:00,1995-01-01 00:00:00,3860.5
1981-03-01,1997-05-06 00:00:00,1996-01-19 00:00:00,4741.3
1981-03-01,1999-10-27 00:00:00,1997-05-07 00:00:00,4739.2
1981-03-01,1999-10-28 00:00:00,1999-10-28 00:00:00,
1981-03-01,2000-04-02 00:00:00,1999-10-29 00:00:00,5003.6
1981-03-01,2003-12-09 00:00:00,2000-04-03 00:00:00,5032.5
1981-03-01,2009-07-30 00:00:00,2003-12-10 00:00:00,5307.5
1981-03-01,2011-07-28 00:00:00,2009-07-31 00:00:00,6005.7
1981-03-01,2013-07-30 00:00:00,2011-07-29 00:00:00,6000.6
1981-03-01,2014-07-29 00:00:00,2013-07-31 00:00:00,6628.6
1981-03-01,2017-10-26 00:00:00,2014-07-30 00:00:00,6635.7
1981-03-01,2018-06-30 00:00:00,2017-10-27 00:00:00,6635.726
1981-06-01,1996-01-18 00:00:00,1995-01-01 00:00:00,3844.4
1981-06-01,1997-05-06 00:00:00,1996-01-19 00:00:00,4701.3
1981-06-01,1999-10-27 00:00:00,1997-05-07 00:00:00,4696.8
1981-06-01,1999-10-28 00:00:00,1999-10-28 00:00:00,
1981-06-01,2000-04-02 00:00:00,1999-10-29 00:00:00,4969.3
1981-06-01,2003-12-09 00:00:00,2000-04-03 00:00:00,4997.3
1981-06-01,2009-07-30 00:00:00,2003-12-10 00:00:00,5266.1
1981-06-01,2011-07-28 00:00:00,2009-07-31 00:00:00,5957.8
1981-06-01,2013-07-30 00:00:00,2011-07-29 00:00:00,5952.7
1981-06-01,2014-07-29 00:00:00,2013-07-31 00:00:00,6580.2
1981-06-01,2017-10-26 00:00:00,2014-07-30 00:00:00,6587.3
1981-06-01,2018-06-30 00:00:00,2017-10-27 00:00:00,6587.269
1981-09-01,1996-01-18 00:00:00,1995-01-01 00:00:00,3864.5
1981-09-01,1997-05-06 00:00:00,1996-01-19 00:00:00,4758.4
1981-09-01,1999-10-27 00:00:00,1997-05-07 00:00:00,4753.0
1981-09-01,1999-10-28 00:00:00,1999-10-28 00:00:00,
1981-09-01,2000-04-02 00:00:00,1999-10-29 00:00:00,5030.0
1981-09-01,2003-12-09 00:00:00,2000-04-03 00:00:00,5056.8
1981-09-01,2009-07-30 00:00:00,2003-12-10 00:00:00,5329.8
1981-09-01,2011-07-28 00:00:00,2009-07-31 00:00:00,6030.2
1981-09-01,2013-07-30 00:00:00,2011-07-29 00:00:00,6025.0
1981-09-01,2014-07-29 00:00:00,2013-07-31 00:00:00,6655.7
1981-09-01,2017-10-26 00:00:00,2014-07-30 00:00:00,6662.9
1981-09-01,2018-06-30 00:00:00,2017-10-27 00:00:00,6662.858
1981-12-01,1996-01-18 00:00:00,1995-01-01 00:00:00,3803.1
1981-12-01,1997-05-06 00:00:00,1996-01-19 00:00:00,4698.6
1981-12-01,1999-10-27 00:00:00,1997-05-07 00:00:00,4693.8
1981-12-01,1999-10-28 00:00:00,1999-10-28 00:00:00,
1981-12-01,2000-04-02 00:00:00,1999-10-29 00:00:00,4972.5
1981-12-01,2003-12-09 00:00:00,2000-04-03 00:00:00,4997.1
1981-12-01,2009-07-30 00:00:00,2003-12-10 00:00:00,5263.4
1981-12-01,2011-07-28 00:00:00,2009-07-31 00:00:00,5955.1
1981-12-01,2013-07-30 00:00:00,2011-07-29 00:00:00,5950.0
1981-12-01,2014-07-29 00:00:00,2013-07-31 00:00:00,6578.0
1981-12-01,2017-10-26 00:00:00,2014-07-30 00:00:00,6585.1
1981-12-01,2018-06-30 00:00:00,2017-10-27 00:00:00,6585.127
1982-03-01,1996-01-18 00:00:00,1995-01-01 00:00:00,3756.1
1982-03-01,1997-05-06 00:00:00,1996-01-19 00:00:00,4618.9
1982-03-01,1999-10-27 00:00:00,1997-05-07 00:00:00,4615.9
1982-03-01,1999-10-28 00:00:00,1999-10-28 00:00:00,
1982-03-01,2000-04-02 00:00:00,1999-10-29 00:00:00,4894.6
1982-03-01,2003-12-09 00:00:00,2000-04-03 00:00:00,4914.3
1982-03-01,2009-07-30 00:00:00,2003-12-10 00:00:00,5177.1
1982-03-01,2011-07-28 00:00:00,2009-07-31 00:00:00,5857.3
1982-03-01,2013-07-30 00:00:00,2011-07-29 00:00:00,5852.3
1982-03-01,2014-07-29 00:00:00,2013-07-31 00:00:00,6468.0
1982-03-01,2017-10-26 00:00:00,2014-07-30 00:00:00,6475.0
1982-03-01,2018-06-30 00:00:00,2017-10-27 00:00:00,6474.973
1982-06-01,1996-01-18 00:00:00,1995-01-01 00:00:00,3771.1
1982-06-01,1997-05-06 00:00:00,1996-01-19 00:00:00,4637.4
1982-06-01,1999-10-27 00:00:00,1997-05-07 00:00:00,4634.9
1982-06-01,1999-10-28 00:00:00,1999-10-28 00:00:00,
1982-06-01,2000-04-02 00:00:00,1999-10-29 00:00:00,4916.9
1982-06-01,2003-12-09 00:00:00,2000-04-03 00:00:00,4935.5
1982-06-01,2009-07-30 00:00:00,2003-12-10 00:00:00,5204.9
1982-06-01,2011-07-28 00:00:00,2009-07-31 00:00:00,5889.1
1982-06-01,2013-07-30 00:00:00,2011-07-29 00:00:00,5884.0
1982-06-01,2014-07-29 00:00:00,2013-07-31 00:00:00,6503.3
1982-06-01,2017-10-26 00:00:00,2014-07-30 00:00:00,6510.2
1982-06-01,2018-06-30 00:00:00,2017-10-27 00:00:00,6510.247
1982-09-01,1996-01-18 00:00:00,1995-01-01 00:00:00,3754.4
1982-09-01,1997-05-06 00:00:00,1996-01-19 00:00:00,4615.3
1982-09-01,1999-10-27 00:00:00,1997-05-07 00:00:00,4612.1
1982-09-01,1999-10-28 00:00:00,1999-10-28 00:00:00,
1982-09-01,2000-04-02 00:00:00,1999-10-29 00:00:00,4893.5
1982-09-01,2003-12-09 00:00:00,2000-04-03 00:00:00,4912.1
1982-09-01,2009-07-30 00:00:00,2003-12-10 00:00:00,5185.2
1982-09-01,2011-07-28 00:00:00,2009-07-31 00:00:00,5866.4
1982-09-01,2013-07-30 00:00:00,2011-07-29 00:00:00,5861.4
1982-09-01,2014-07-29 00:00:00,2013-07-31 00:00:00,6479.8
1982-09-01,2018-06-30 00:00:00,2014-07-30 00:00:00,6486.8
1982-12-01,1996-01-18 00:00:00,1995-01-01 00:00:00,3759.6
1982-12-01,1997-05-06 00:00:00,1996-01-19 00:00:00,4622.8
1982-12-01,1999-10-27 00:00:00,1997-05-07 00:00:00,4618.3
1982-12-01,1999-10-28 00:00:00,1999-10-28 00:00:00,
1982-12-01,2000-04-02 00:00:00,1999-10-29 00:00:00,4896.1
1982-12-01,2003-12-09 00:00:00,2000-04-03 00:00:00,4915.6
1982-12-01,2009-07-30 00:00:00,2003-12-10 00:00:00,5189.8
1982-12-01,2011-07-28 00:00:00,2009-07-31 00:00:00,5871.0
1982-12-01,2013-07-30 00:00:00,2011-07-29 00:00:00,5866.0
1982-12-01,2014-07-29 00:00:00,2013-07-31 00:00:00,6486.2
1982-12-01,2017-10-26 00:00:00,2014-07-30 00:00:00,6493.1
1982-12-01,2018-06-30 00:00:00,2017-10-27 00:00:00,6493.128
1983-03-01,1996-01-18 00:00:00,1995-01-01 00:00:00,3783.5
1983-03-01,1997-05-06 00:00:00,1996-01-19 00:00:00,4669.8
1983-03-01,1999-10-27 00:00:00,1997-05-07 00:00:00,4663.0
1983-03-01,1999-10-28 00:00:00,1999-10-28 00:00:00,
1983-03-01,2000-04-02 00:00:00,1999-10-29 00:00:00,4948.5
1983-03-01,2003-12-09 00:00:00,2000-04-03 00:00:00,4972.4
1983-03-01,2009-07-30 00:00:00,2003-12-10 00:00:00,5253.8
1983-03-01,2011-07-28 00:00:00,2009-07-31 00:00:00,5944.0
1983-03-01,2013-07-30 00:00:00,2011-07-29 00:00:00,5938.9
1983-03-01,2014-07-29 00:00:00,2013-07-31 00:00:00,6571.1
1983-03-01,2017-10-26 00:00:00,2014-07-30 00:00:00,6578.2
1983-03-01,2018-06-30 00:00:00,2017-10-27 00:00:00,6578.175
1983-06-01,1996-01-18 00:00:00,1995-01-01 00:00:00,3886.5
1983-06-01,1997-05-06 00:00:00,1996-01-19 00:00:00,4771.3
1983-06-01,1999-10-27 00:00:00,1997-05-07 00:00:00,4763.6
1983-06-01,1999-10-28 00:00:00,1999-10-28 00:00:00,
1983-06-01,2000-04-02 00:00:00,1999-10-29 00:00:00,5063.6
1983-06-01,2003-12-09 00:00:00,2000-04-03 00:00:00,5089.8
1983-06-01,2009-07-30 00:00:00,2003-12-10 00:00:00,5372.3
1983-06-01,2011-07-28 00:00:00,2009-07-31 00:00:00,6077.6
1983-06-01,2013-07-30 00:00:00,2011-07-29 00:00:00,6072.4
1983-06-01,2014-07-29 00:00:00,2013-07-31 00:00:00,6721.1
1983-06-01,2017-10-26 00:00:00,2014-07-30 00:00:00,6728.3
1983-06-01,2018-06-30 00:00:00,2017-10-27 00:00:00,6728.287
1983-09-01,1996-01-18 00:00:00,1995-01-01 00:00:00,3944.4
1983-09-01,1997-05-06 00:00:00,1996-01-19 00:00:00,4855.5
1983-09-01,1999-10-27 00:00:00,1997-05-07 00:00:00,4849.0
1983-09-01,1999-10-28 00:00:00,1999-10-28 00:00:00,
1983-09-01,2000-04-02 00:00:00,1999-10-29 00:00:00,5152.6
1983-09-01,2003-12-09 00:00:00,2000-04-03 00:00:00,5180.4
1983-09-01,2009-07-30 00:00:00,2003-12-10 00:00:00,5478.4
1983-09-01,2011-07-28 00:00:00,2009-07-31 00:00:00,6197.5
1983-09-01,2013-07-30 00:00:00,2011-07-29 00:00:00,6192.2
1983-09-01,2014-07-29 00:00:00,2013-07-31 00:00:00,6852.7
1983-09-01,2017-10-26 00:00:00,2014-07-30 00:00:00,6860.0
1983-09-01,2018-06-30 00:00:00,2017-10-27 00:00:00,6860.022
1983-12-01,1996-01-18 00:00:00,1995-01-01 00:00:00,4012.1
1983-12-01,1997-05-06 00:00:00,1996-01-19 00:00:00,4943.6
1983-12-01,1999-10-27 00:00:00,1997-05-07 00:00:00,4939.2
1983-12-01,1999-10-28 00:00:00,1999-10-28 00:00:00,
1983-12-01,2000-04-02 00:00:00,1999-10-29 00:00:00,5257.6
1983-12-01,2003-12-09 00:00:00,2000-04-03 00:00:00,5286.8
1983-12-01,2009-07-30 00:00:00,2003-12-10 00:00:00,5590.5
1983-12-01,2011-07-28 00:00:00,2009-07-31 00:00:00,6325.6
1983-12-01,2013-07-30 00:00:00,2011-07-29 00:00:00,6320.2
1983-12-01,2014-07-29 00:00:00,2013-07-31 00:00:00,6994.0
1983-12-01,2017-10-26 00:00:00,2014-07-30 00:00:00,7001.5
1983-12-01,2018-06-30 00:00:00,2017-10-27 00:00:00,7001.489
1984-03-01,1996-01-18 00:00:00,1995-01-01 00:00:00,4089.5
1984-03-01,1997-05-06 00:00:00,1996-01-19 00:00:00,5053.4
1984-03-01,1999-10-27 00:00:00,1997-05-07 00:00:00,5053.6
1984-03-01,1999-10-28 00:00:00,1999-10-28 00:00:00,
1984-03-01,2000-04-02 00:00:00,1999-10-29 00:00:00,5374.1
1984-03-01,2003-12-09 00:00:00,2000-04-03 00:00:00,5402.3
1984-03-01,2009-07-30 00:00:00,2003-12-10 00:00:00,5699.8
1984-03-01,2011-07-28 00:00:00,2009-07-31 00:00:00,6448.3
1984-03-01,2013-07-30 00:00:00,2011-07-29 00:00:00,6442.8
1984-03-01,2014-07-29 00:00:00,2013-07-31 00:00:00,7132.9
1984-03-01,2017-10-26 00:00:00,2014-07-30 00:00:00,7140.6
1984-03-01,2018-06-30 00:00:00,2017-10-27 00:00:00,7140.597
1984-06-01,1996-01-18 00:00:00,1995-01-01 00:00:00,4144.0
1984-06-01,1997-05-06 00:00:00,1996-01-19 00:00:00,5129.8
1984-06-01,1999-10-27 00:00:00,1997-05-07 00:00:00,5132.9
1984-06-01,1999-10-28 00:00:00,1999-10-28 00:00:00,
1984-06-01,2000-04-02 00:00:00,1999-10-29 00:00:00,5465.9
1984-06-01,2003-12-09 00:00:00,2000-04-03 00:00:00,5493.8
1984-06-01,2009-07-30 00:00:00,2003-12-10 00:00:00,5797.9
1984-06-01,2011-07-28 00:00:00,2009-07-31 00:00:00,6559.6
1984-06-01,2013-07-30 00:00:00,2011-07-29 00:00:00,6554.0
1984-06-01,2014-07-29 00:00:00,2013-07-31 00:00:00,7258.2
1984-06-01,2017-10-26 00:00:00,2014-07-30 00:00:00,7266.0
1984-06-01,2018-06-30 00:00:00,2017-10-27 00:00:00,7266.01
1984-09-01,1996-01-18 00:00:00,1995-01-01 00:00:00,4166.4
1984-09-01,1997-05-06 00:00:00,1996-01-19 00:00:00,5167.0
1984-09-01,1999-10-27 00:00:00,1997-05-07 00:00:00,5170.3
1984-09-01,1999-10-28 00:00:00,1999-10-28 00:00:00,
1984-09-01,2000-04-02 00:00:00,1999-10-29 00:00:00,5513.6
1984-09-01,2003-12-09 00:00:00,2000-04-03 00:00:00,5541.3
1984-09-01,2009-07-30 00:00:00,2003-12-10 00:00:00,5854.3
1984-09-01,2011-07-28 00:00:00,2009-07-31 00:00:00,6623.3
1984-09-01,2013-07-30 00:00:00,2011-07-29 00:00:00,6617.7
1984-09-01,2014-07-29 00:00:00,2013-07-31 00:00:00,7329.6
1984-09-01,2017-10-26 00:00:00,2014-07-30 00:00:00,7337.5
1984-09-01,2018-06-30 00:00:00,2017-10-27 00:00:00,7337.493
1984-12-01,1996-01-18 00:00:00,1995-01-01 00:00:00,4194.2
1984-12-01,1997-05-06 00:00:00,1996-01-19 00:00:00,5202.7
1984-12-01,1999-10-27 00:00:00,1997-05-07 00:00:00,5203.7
1984-12-01,1999-10-28 00:00:00,1999-10-28 00:00:00,
1984-12-01,2000-04-02 00:00:00,1999-10-29 00:00:00,5555.9
1984-12-01,2003-12-09 00:00:00,2000-04-03 00:00:00,5583.1
1984-12-01,2009-07-30 00:00:00,2003-12-10 00:00:00,5902.4
1984-12-01,2011-07-28 00:00:00,2009-07-31 00:00:00,6677.3
1984-12-01,2013-07-30 00:00:00,2011-07-29 00:00:00,6671.6
1984-12-01,2014-07-29 00:00:00,2013-07-31 00:00:00,7388.1
1984-12-01,2017-10-26 00:00:00,2014-07-30 00:00:00,7396.0
1984-12-01,2018-06-30 00:00:00,2017-10-27 00:00:00,7396.019
1985-03-01,1996-01-18 00:00:00,1995-01-01 00:00:00,4221.8
1985-03-01,1997-05-06 00:00:00,1996-01-19 00:00:00,5261.3
1985-03-01,1999-10-27 00:00:00,1997-05-07 00:00:00,5257.3
1985-03-01,1999-10-28 00:00:00,1999-10-28 00:00:00,
1985-03-01,2000-04-02 00:00:00,1999-10-29 00:00:00,5602.4
1985-03-01,2003-12-09 00:00:00,2000-04-03 00:00:00,5629.7
1985-03-01,2009-07-30 00:00:00,2003-12-10 00:00:00,5956.9
1985-03-01,2011-07-28 00:00:00,2009-07-31 00:00:00,6740.3
1985-03-01,2013-07-30 00:00:00,2011-07-29 00:00:00,6734.5
1985-03-01,2014-07-29 00:00:00,2013-07-31 00:00:00,7461.5
1985-03-01,2017-10-26 00:00:00,2014-07-30 00:00:00,7469.5
1985-03-01,2018-06-30 00:00:00,2017-10-27 00:00:00,7469.545
1985-06-01,1996-01-18 00:00:00,1995-01-01 00:00:00,4254.8
1985-06-01,1997-05-06 00:00:00,1996-01-19 00:00:00,5290.8
1985-06-01,1999-10-27 00:00:00,1997-05-07 00:00:00,5283.7
1985-06-01,1999-10-28 00:00:00,1999-10-28 00:00:00,
1985-06-01,2000-04-02 00:00:00,1999-10-29 00:00:00,5646.6
1985-06-01,2003-12-09 00:00:00,2000-04-03 00:00:00,5673.8
1985-06-01,2009-07-30 00:00:00,2003-12-10 00:00:00,6007.8
1985-06-01,2011-07-28 00:00:00,2009-07-31 00:00:00,6797.3
1985-06-01,2013-07-30 00:00:00,2011-07-29 00:00:00,6791.5
1985-06-01,2014-07-29 00:00:00,2013-07-31 00:00:00,7529.9
1985-06-01,2017-10-26 00:00:00,2014-07-30 00:00:00,7537.9
1985-06-01,2018-06-30 00:00:00,2017-10-27 00:00:00,7537.928
1985-09-01,1996-01-18 00:00:00,1995-01-01 00:00:00,4309.0
1985-09-01,1997-05-06 00:00:00,1996-01-19 00:00:00,5367.0
1985-09-01,1999-10-27 00:00:00,1997-05-07 00:00:00,5359.6
1985-09-01,1999-10-28 00:00:00,1999-10-28 00:00:00,
1985-09-01,2000-04-02 00:00:00,1999-10-29 00:00:00,5731.4
1985-09-01,2003-12-09 00:00:00,2000-04-03 00:00:00,5758.6
1985-09-01,2009-07-30 00:00:00,2003-12-10 00:00:00,6101.7
1985-09-01,2011-07-28 00:00:00,2009-07-31 00:00:00,6903.5
1985-09-01,2013-07-30 00:00:00,2011-07-29 00:00:00,6897.6
1985-09-01,2014-07-29 00:00:00,2013-07-31 00:00:00,7647.0
1985-09-01,2017-10-26 00:00:00,2014-07-30 00:00:00,7655.2
1985-09-01,2018-06-30 00:00:00,2017-10-27 00:00:00,7655.196
1985-12-01,1996-01-18 00:00:00,1995-01-01 00:00:00,4333.5
1985-12-01,1997-05-06 00:00:00,1996-01-19 00:00:00,5398.9
1985-12-01,1999-10-27 00:00:00,1997-05-07 00:00:00,5393.6
1985-12-01,1999-10-28 00:00:00,1999-10-28 00:00:00,
1985-12-01,2000-04-02 00:00:00,1999-10-29 00:00:00,5778.8
1985-12-01,2003-12-09 00:00:00,2000-04-03 00:00:00,5806.0
1985-12-01,2009-07-30 00:00:00,2003-12-10 00:00:00,6148.6
1985-12-01,2011-07-28 00:00:00,2009-07-31 00:00:00,6955.9
1985-12-01,2013-07-30 00:00:00,2011-07-29 00:00:00,6950.0
1985-12-01,2014-07-29 00:00:00,2013-07-31 00:00:00,7704.4
1985-12-01,2017-10-26 00:00:00,2014-07-30 00:00:00,7712.6
1985-12-01,2018-06-30 00:00:00,2017-10-27 00:00:00,7712.624
1986-03-01,1996-01-18 00:00:00,1995-01-01 00:00:00,4390.5
1986-03-01,1997-05-06 00:00:00,1996-01-19 00:00:00,5465.4
1986-03-01,1999-10-27 00:00:00,1997-05-07 00:00:00,5460.8
1986-03-01,1999-10-28 00:00:00,1999-10-28 00:00:00,
1986-03-01,2000-04-02 00:00:00,1999-10-29 00:00:00,5831.1
1986-03-01,2003-12-09 00:00:00,2000-04-03 00:00:00,5858.9
1986-03-01,2009-07-30 00:00:00,2003-12-10 00:00:00,6207.4
1986-03-01,2011-07-28 00:00:00,2009-07-31 00:00:00,7022.8
1986-03-01,2013-07-30 00:00:00,2011-07-29 00:00:00,7016.8
1986-03-01,2014-07-29 00:00:00,2013-07-31 00:00:00,7775.8
1986-03-01,2017-10-26 00:00:00,2014-07-30 00:00:00,7784.1
1986-03-01,2018-06-30 00:00:00,2017-10-27 00:00:00,7784.109
1986-06-01,1996-01-18 00:00:00,1995-01-01 00:00:00,4387.7
1986-06-01,1997-05-06 00:00:00,1996-01-19 00:00:00,5469.6
1986-06-01,1999-10-27 00:00:00,1997-05-07 00:00:00,5466.9
1986-06-01,1999-10-28 00:00:00,1999-10-28 00:00:00,
1986-06-01,2000-04-02 00:00:00,1999-10-29 00:00:00,5856.0
1986-06-01,2003-12-09 00:00:00,2000-04-03 00:00:00,5883.3
1986-06-01,2009-07-30 00:00:00,2003-12-10 00:00:00,6232.0
1986-06-01,2011-07-28 00:00:00,2009-07-31 00:00:00,7051.0
1986-06-01,2013-07-30 00:00:00,2011-07-29 00:00:00,7045.0
1986-06-01,2014-07-29 00:00:00,2013-07-31 00:00:00,7811.5
1986-06-01,2017-10-26 00:00:00,2014-07-30 00:00:00,7819.8
1986-06-01,2018-06-30 00:00:00,2017-10-27 00:00:00,7819.843
1986-09-01,1996-01-18 00:00:00,1995-01-01 00:00:00,4412.6
1986-09-01,1997-05-06 00:00:00,1996-01-19 00:00:00,5497.6
1986-09-01,1999-10-27 00:00:00,1997-05-07 00:00:00,5496.3
1986-09-01,1999-10-28 00:00:00,1999-10-28 00:00:00,
1986-09-01,2000-04-02 00:00:00,1999-10-29 00:00:00,5911.3
1986-09-01,2003-12-09 00:00:00,2000-04-03 00:00:00,5937.9
1986-09-01,2009-07-30 00:00:00,2003-12-10 00:00:00,6291.7
1986-09-01,2011-07-28 00:00:00,2009-07-31 00:00:00,7119.0
1986-09-01,2013-07-30 00:00:00,2011-07-29 00:00:00,7112.9
1986-09-01,2014-07-29 00:00:00,2013-07-31 00:00:00,7890.1
1986-09-01,2017-10-26 00:00:00,2014-07-30 00:00:00,7898.6
1986-09-01,2018-06-30 00:00:00,2017-10-27 00:00:00,7898.555
1986-12-01,1996-01-18 00:00:00,1995-01-01 00:00:00,4427.1
1986-12-01,1997-05-06 00:00:00,1996-01-19 00:00:00,5527.0
1986-12-01,1999-10-27 00:00:00,1997-05-07 00:00:00,5526.8
1986-12-01,1999-10-28 00:00:00,1999-10-28 00:00:00,
1986-12-01,2000-04-02 00:00:00,1999-10-29 00:00:00,5944.3
1986-12-01,2003-12-09 00:00:00,2000-04-03 00:00:00,5969.5
1986-12-01,2009-07-30 00:00:00,2003-12-10 00:00:00,6323.4
1986-12-01,2011-07-28 00:00:00,2009-07-31 00:00:00,7153.4
1986-12-01,2013-07-30 00:00:00,2011-07-29 00:00:00,7147.3
1986-12-01,2014-07-29 00:00:00,2013-07-31 00:00:00,7931.0
1986-12-01,2017-10-26 00:00:00,2014-07-30 00:00:00,7939.5
1986-12-01,2018-06-30 00:00:00,2017-10-27 00:00:00,7939.45
1987-03-01,1996-01-18 00:00:00,1995-01-01 00:00:00,4460.0
1987-03-01,1997-05-06 00:00:00,1996-01-19 00:00:00,5561.4
1987-03-01,1999-10-27 00:00:00,1997-05-07 00:00:00,5561.8
1987-03-01,1999-10-28 00:00:00,1999-10-28 00:00:00,
1987-03-01,2000-04-02 00:00:00,1999-10-29 00:00:00,5990.7
1987-03-01,2003-12-09 00:00:00,2000-04-03 00:00:00,6013.3
1987-03-01,2009-07-30 00:00:00,2003-12-10 00:00:00,6365.0
1987-03-01,2011-07-28 00:00:00,2009-07-31 00:00:00,7193.0
1987-03-01,2013-07-30 00:00:00,2011-07-29 00:00:00,7186.9
1987-03-01,2014-07-29 00:00:00,2013-07-31 00:00:00,7986.4
1987-03-01,2017-10-26 00:00:00,2014-07-30 00:00:00,7995.0
1987-03-01,2018-06-30 00:00:00,2017-10-27 00:00:00,7994.965
1987-06-01,1996-01-18 00:00:00,1995-01-01 00:00:00,4515.3
1987-06-01,1997-05-06 00:00:00,1996-01-19 00:00:00,5616.8
1987-06-01,1999-10-27 00:00:00,1997-05-07 00:00:00,5618.0
1987-06-01,1999-10-28 00:00:00,1999-10-28 00:00:00,
1987-06-01,2000-04-02 00:00:00,1999-10-29 00:00:00,6056.1
1987-06-01,2003-12-09 00:00:00,2000-04-03 00:00:00,6077.2
1987-06-01,2009-07-30 00:00:00,2003-12-10 00:00:00,6435.0
1987-06-01,2011-07-28 00:00:00,2009-07-31 00:00:00,7269.5
1987-06-01,2013-07-30 00:00:00,2011-07-29 00:00:00,7263.3
1987-06-01,2014-07-29 00:00:00,2013-07-31 00:00:00,8076.1
1987-06-01,2017-10-26 00:00:00,2014-07-30 00:00:00,8084.7
1987-06-01,2018-06-30 00:00:00,2017-10-27 00:00:00,8084.71
1987-09-01,1996-01-18 00:00:00,1995-01-01 00:00:00,4559.3
1987-09-01,1997-05-06 00:00:00,1996-01-19 00:00:00,5666.0
1987-09-01,1999-10-27 00:00:00,1997-05-07 00:00:00,5667.4
1987-09-01,1999-10-28 00:00:00,1999-10-28 00:00:00,
1987-09-01,2000-04-02 00:00:00,1999-10-29 00:00:00,6108.3
1987-09-01,2003-12-09 00:00:00,2000-04-03 00:00:00,6128.1
1987-09-01,2009-07-30 00:00:00,2003-12-10 00:00:00,6493.4
1987-09-01,2011-07-28 00:00:00,2009-07-31 00:00:00,7332.6
1987-09-01,2013-07-30 00:00:00,2011-07-29 00:00:00,7326.3
1987-09-01,2014-07-29 00:00:00,2013-07-31 00:00:00,8149.4
1987-09-01,2017-10-26 00:00:00,2014-07-30 00:00:00,8158.0
1987-09-01,2018-06-30 00:00:00,2017-10-27 00:00:00,8158.035
1987-12-01,1996-01-18 00:00:00,1995-01-01 00:00:00,4625.5
1987-12-01,1997-05-06 00:00:00,1996-01-19 00:00:00,5749.4
1987-12-01,1999-10-27 00:00:00,1997-05-07 00:00:00,5750.6
1987-12-01,1999-10-28 00:00:00,1999-10-28 00:00:00,
1987-12-01,2000-04-02 00:00:00,1999-10-29 00:00:00,6215.4
1987-12-01,2003-12-09 00:00:00,2000-04-03 00:00:00,6234.4
1987-12-01,2009-07-30 00:00:00,2003-12-10 00:00:00,6606.8
1987-12-01,2011-07-28 00:00:00,2009-07-31 00:00:00,7458.0
1987-12-01,2013-07-30 00:00:00,2011-07-29 00:00:00,7451.7
1987-12-01,2014-07-29 00:00:00,2013-07-31 00:00:00,8283.8
1987-12-01,2017-10-26 00:00:00,2014-07-30 00:00:00,8292.7
1987-12-01,2018-06-30 00:00:00,2017-10-27 00:00:00,8292.687
1988-03-01,1996-01-18 00:00:00,1995-01-01 00:00:00,4655.3
1988-03-01,1997-05-06 00:00:00,1996-01-19 00:00:00,5782.9
1988-03-01,1999-10-27 00:00:00,1997-05-07 00:00:00,5785.3
1988-03-01,1999-10-28 00:00:00,1999-10-28 00:00:00,
1988-03-01,2000-04-02 00:00:00,1999-10-29 00:00:00,6257.0
1988-03-01,2003-12-09 00:00:00,2000-04-03 00:00:00,6275.9
1988-03-01,2009-07-30 00:00:00,2003-12-10 00:00:00,6639.1
1988-03-01,2011-07-28 00:00:00,2009-07-31 00:00:00,7496.6
1988-03-01,2013-07-30 00:00:00,2011-07-29 00:00:00,7490.2
1988-03-01,2014-07-29 00:00:00,2013-07-31 00:00:00,8330.4
1988-03-01,2017-10-26 00:00:00,2014-07-30 00:00:00,8339.3
1988-03-01,2018-06-30 00:00:00,2017-10-27 00:00:00,8339.324
1988-06-01,1996-01-18 00:00:00,1995-01-01 00:00:00,4704.8
1988-06-01,1997-05-06 00:00:00,1996-01-19 00:00:00,5841.7
1988-06-01,1999-10-27 00:00:00,1997-05-07 00:00:00,5844.0
1988-06-01,1999-10-28 00:00:00,1999-10-28 00:00:00,
1988-06-01,2000-04-02 00:00:00,1999-10-29 00:00:00,6331.0
1988-06-01,2003-12-09 00:00:00,2000-04-03 00:00:00,6349.8
1988-06-01,2009-07-30 00:00:00,2003-12-10 00:00:00,6723.5
1988-06-01,2011-07-28 00:00:00,2009-07-31 00:00:00,7592.9
1988-06-01,2013-07-30 00:00:00,2011-07-29 00:00:00,7586.4
1988-06-01,2014-07-29 00:00:00,2013-07-31 00:00:00,8440.5
1988-06-01,2017-10-26 00:00:00,2014-07-30 00:00:00,8449.5
1988-06-01,2018-06-30 00:00:00,2017-10-27 00:00:00,8449.51
1988-09-01,1996-01-18 00:00:00,1995-01-01 00:00:00,4734.5
1988-09-01,1997-05-06 00:00:00,1996-01-19 00:00:00,5876.5
1988-09-01,1999-10-27 00:00:00,1997-05-07 00:00:00,5878.7
1988-09-01,1999-10-28 00:00:00,1999-10-28 00:00:00,
1988-09-01,2000-04-02 00:00:00,1999-10-29 00:00:00,6363.1
1988-09-01,2003-12-09 00:00:00,2000-04-03 00:00:00,6382.3
1988-09-01,2009-07-30 00:00:00,2003-12-10 00:00:00,6759.4
1988-09-01,2011-07-28 00:00:00,2009-07-31 00:00:00,7632.1
1988-09-01,2013-07-30 00:00:00,2011-07-29 00:00:00,7625.6
1988-09-01,2014-07-29 00:00:00,2013-07-31 00:00:00,8489.2
1988-09-01,2017-10-26 00:00:00,2014-07-30 00:00:00,8498.3
1988-09-01,2018-06-30 00:00:00,2017-10-27 00:00:00,8498.282
1988-12-01,1996-01-18 00:00:00,1995-01-01 00:00:00,4779.7
1988-12-01,1997-05-06 00:00:00,1996-01-19 00:00:00,5950.7
1988-12-01,1999-10-27 00:00:00,1997-05-07 00:00:00,5952.8
1988-12-01,1999-10-28 00:00:00,1999-10-28 00:00:00,
1988-12-01,2000-04-02 00:00:00,1999-10-29 00:00:00,6445.0
1988-12-01,2003-12-09 00:00:00,2000-04-03 00:00:00,6465.2
1988-12-01,2009-07-30 00:00:00,2003-12-10 00:00:00,6848.6
1988-12-01,2011-07-28 00:00:00,2009-07-31 00:00:00,7734.0
1988-12-01,2013-07-30 00:00:00,2011-07-29 00:00:00,7727.4
1988-12-01,2014-07-29 00:00:00,2013-07-31 00:00:00,8601.6
1988-12-01,2017-10-26 00:00:00,2014-07-30 00:00:00,8610.9
1988-12-01,2018-06-30 00:00:00,2017-10-27 00:00:00,8610.85
1989-03-01,1996-01-18 00:00:00,1995-01-01 00:00:00,4817.6
1989-03-01,1997-05-06 00:00:00,1996-01-19 00:00:00,6008.7
1989-03-01,1999-10-27 00:00:00,1997-05-07 00:00:00,6011.0
1989-03-01,1999-10-28 00:00:00,1999-10-28 00:00:00,
1989-03-01,2000-04-02 00:00:00,1999-10-29 00:00:00,6522.4
1989-03-01,2003-12-09 00:00:00,2000-04-03 00:00:00,6543.8
1989-03-01,2009-07-30 00:00:00,2003-12-10 00:00:00,6918.1
1989-03-01,2011-07-28 00:00:00,2009-07-31 00:00:00,7806.6
1989-03-01,2013-07-30 00:00:00,2011-07-29 00:00:00,7799.9
1989-03-01,2014-07-29 00:00:00,2013-07-31 00:00:00,8688.4
1989-03-01,2017-10-26 00:00:00,2014-07-30 00:00:00,8697.7
1989-03-01,2018-06-30 00:00:00,2017-10-27 00:00:00,8697.711
1989-06-01,1996-01-18 00:00:00,1995-01-01 00:00:00,4839.0
1989-06-01,1997-05-06 00:00:00,1996-01-19 00:00:00,6053.4
1989-06-01,1999-10-27 00:00:00,1997-05-07 00:00:00,6055.6
1989-06-01,1999-10-28 00:00:00,1999-10-28 00:00:00,
1989-06-01,2000-04-02 00:00:00,1999-10-29 00:00:00,6556.9
1989-06-01,2003-12-09 00:00:00,2000-04-03 00:00:00,6579.4
1989-06-01,2009-07-30 00:00:00,2003-12-10 00:00:00,6963.5
1989-06-01,2011-07-28 00:00:00,2009-07-31 00:00:00,7865.0
1989-06-01,2013-07-30 00:00:00,2011-07-29 00:00:00,7858.3
1989-06-01,2014-07-29 00:00:00,2013-07-31 00:00:00,8756.7
1989-06-01,2017-10-26 00:00:00,2014-07-30 00:00:00,8766.1
1989-06-01,2018-06-30 00:00:00,2017-10-27 00:00:00,8766.105
1989-09-01,1996-01-18 00:00:00,1995-01-01 00:00:00,4839.0
1989-09-01,1997-05-06 00:00:00,1996-01-19 00:00:00,6086.2
1989-09-01,1999-10-27 00:00:00,1997-05-07 00:00:00,6088.0
1989-09-01,1999-10-28 00:00:00,1999-10-28 00:00:00,
1989-09-01,2000-04-02 00:00:00,1999-10-29 00:00:00,6586.8
1989-09-01,2003-12-09 00:00:00,2000-04-03 00:00:00,6610.6
1989-09-01,2009-07-30 00:00:00,2003-12-10 00:00:00,7013.1
1989-09-01,2011-07-28 00:00:00,2009-07-31 00:00:00,7927.4
1989-09-01,2013-07-30 00:00:00,2011-07-29 00:00:00,7920.6
1989-09-01,2014-07-29 00:00:00,2013-07-31 00:00:00,8822.1
1989-09-01,2017-10-26 00:00:00,2014-07-30 00:00:00,8831.5
1989-09-01,2018-06-30 00:00:00,2017-10-27 00:00:00,8831.544
1989-12-01,1996-01-18 00:00:00,1995-01-01 00:00:00,4856.7
1989-12-01,1997-05-06 00:00:00,1996-01-19 00:00:00,6093.0
1989-12-01,1999-10-27 00:00:00,1997-05-07 00:00:00,6093.5
1989-12-01,1999-10-28 00:00:00,1999-10-28 00:00:00,
1989-12-01,2000-04-02 00:00:00,1999-10-29 00:00:00,6608.7
1989-12-01,2003-12-09 00:00:00,2000-04-03 00:00:00,6633.5
1989-12-01,2009-07-30 00:00:00,2003-12-10 00:00:00,7030.9
1989-12-01,2011-07-28 00:00:00,2009-07-31 00:00:00,7944.7
1989-12-01,2013-07-30 00:00:00,2011-07-29 00:00:00,7937.9
1989-12-01,2014-07-29 00:00:00,2013-07-31 00:00:00,8840.7
1989-12-01,2017-10-26 00:00:00,2014-07-30 00:00:00,8850.2
1989-12-01,2018-06-30 00:00:00,2017-10-27 00:00:00,8850.23
1990-03-01,1996-01-18 00:00:00,1995-01-01 00:00:00,4898.3
1990-03-01,1997-05-06 00:00:00,1996-01-19 00:00:00,6154.1
1990-03-01,1999-10-27 00:00:00,1997-05-07 00:00:00,6152.6
1990-03-01,1999-10-28 00:00:00,1999-10-28 00:00:00,
1990-03-01,2000-04-02 00:00:00,1999-10-29 00:00:00,6689.2
1990-03-01,2003-12-09 00:00:00,2000-04-03 00:00:00,6716.3
1990-03-01,2009-07-30 00:00:00,2003-12-10 00:00:00,7112.1
1990-03-01,2011-07-28 00:00:00,2009-07-31 00:00:00,8027.7
1990-03-01,2013-07-30 00:00:00,2011-07-29 00:00:00,8020.8
1990-03-01,2014-07-29 00:00:00,2013-07-31 00:00:00,8937.5
1990-03-01,2017-10-26 00:00:00,2014-07-30 00:00:00,8947.1
1990-03-01,2018-06-30 00:00:00,2017-10-27 00:00:00,8947.129
1990-06-01,1996-01-18 00:00:00,1995-01-01 00:00:00,4917.1
1990-06-01,1997-05-06 00:00:00,1996-01-19 00:00:00,6174.4
1990-06-01,1999-10-27 00:00:00,1997-05-07 00:00:00,6171.6
1990-06-01,1999-10-28 00:00:00,1999-10-28 00:00:00,
1990-06-01,2000-04-02 00:00:00,1999-10-29 00:00:00,6705.4
1990-06-01,2003-12-09 00:00:00,2000-04-03 00:00:00,6731.7
1990-06-01,2009-07-30 00:00:00,2003-12-10 00:00:00,7130.3
1990-06-01,2011-07-28 00:00:00,2009-07-31 00:00:00,8059.6
1990-06-01,2013-07-30 00:00:00,2011-07-29 00:00:00,8052.7
1990-06-01,2014-07-29 00:00:00,2013-07-31 00:00:00,8972.1
1990-06-01,2017-10-26 00:00:00,2014-07-30 00:00:00,8981.7
1990-06-01,2018-06-30 00:00:00,2017-10-27 00:00:00,8981.727
1990-09-01,1996-01-18 00:00:00,1995-01-01 00:00:00,4906.5
1990-09-01,1997-05-06 00:00:00,1996-01-19 00:00:00,6145.2
1990-09-01,1999-10-27 00:00:00,1997-05-07 00:00:00,6142.1
1990-09-01,1999-10-28 00:00:00,1999-10-28 00:00:00,
1990-09-01,2000-04-02 00:00:00,1999-10-29 00:00:00,6695.4
1990-09-01,2003-12-09 00:00:00,2000-04-03 00:00:00,6719.4
1990-09-01,2009-07-30 00:00:00,2003-12-10 00:00:00,7130.8
1990-09-01,2011-07-28 00:00:00,2009-07-31 00:00:00,8059.5
1990-09-01,2013-07-30 00:00:00,2011-07-29 00:00:00,8052.6
1990-09-01,2014-07-29 00:00:00,2013-07-31 00:00:00,8974.3
1990-09-01,2017-10-26 00:00:00,2014-07-30 00:00:00,8983.9
1990-09-01,2018-06-30 00:00:00,2017-10-27 00:00:00,8983.945
1990-12-01,1996-01-18 00:00:00,1995-01-01 00:00:00,4867.2
1990-12-01,1997-05-06 00:00:00,1996-01-19 00:00:00,6081.0
1990-12-01,1999-10-27 00:00:00,1997-05-07 00:00:00,6079.0
1990-12-01,1999-10-28 00:00:00,1999-10-28 00:00:00,
1990-12-01,2000-04-02 00:00:00,1999-10-29 00:00:00,6643.9
1990-12-01,2003-12-09 00:00:00,2000-04-03 00:00:00,6664.2
1990-12-01,2009-07-30 00:00:00,2003-12-10 00:00:00,7076.9
1990-12-01,2011-07-28 00:00:00,2009-07-31 00:00:00,7988.9
1990-12-01,2013-07-30 00:00:00,2011-07-29 00:00:00,7982.0
1990-12-01,2014-07-29 00:00:00,2013-07-31 00:00:00,8897.8
1990-12-01,2017-10-26 00:00:00,2014-07-30 00:00:00,8907.4
1990-12-01,2018-06-30 00:00:00,2017-10-27 00:00:00,8907.363
1991-03-01,1996-01-18 00:00:00,1995-01-01 00:00:00,4842.0
1991-03-01,1997-05-06 00:00:00,1996-01-19 00:00:00,6047.9
1991-03-01,1999-10-27 00:00:00,1997-05-07 00:00:00,6047.5
1991-03-01,1999-10-28 00:00:00,1999-10-28 00:00:00,
1991-03-01,2000-04-02 00:00:00,1999-10-29 00:00:00,6616.2
1991-03-01,2003-12-09 00:00:00,2000-04-03 00:00:00,6631.4
1991-03-01,2009-07-30 00:00:00,2003-12-10 00:00:00,7040.8
1991-03-01,2011-07-28 00:00:00,2009-07-31 00:00:00,7950.2
1991-03-01,2013-07-30 00:00:00,2011-07-29 00:00:00,7943.4
1991-03-01,2014-07-29 00:00:00,2013-07-31 00:00:00,8856.1
1991-03-01,2017-10-26 00:00:00,2014-07-30 00:00:00,8865.6
1991-03-01,2018-06-30 00:00:00,2017-10-27 00:00:00,8865.564
1991-06-01,1996-01-18 00:00:00,1995-01-01 00:00:00,4867.9
1991-06-01,1997-05-06 00:00:00,1996-01-19 00:00:00,6074.1
1991-06-01,1999-10-27 00:00:00,1997-05-07 00:00:00,6074.7
1991-06-01,1999-10-28 00:00:00,1999-10-28 00:00:00,
1991-06-01,2000-04-02 00:00:00,1999-10-29 00:00:00,6658.4
1991-06-01,2003-12-09 00:00:00,2000-04-03 00:00:00,6668.5
1991-06-01,2009-07-30 00:00:00,2003-12-10 00:00:00,7086.5
1991-06-01,2011-07-28 00:00:00,2009-07-31 00:00:00,8003.8
1991-06-01,2013-07-30 00:00:00,2011-07-29 00:00:00,7997.0
1991-06-01,2014-07-29 00:00:00,2013-07-31 00:00:00,8924.9
1991-06-01,2017-10-26 00:00:00,2014-07-30 00:00:00,8934.4
1991-06-01,2018-06-30 00:00:00,2017-10-27 00:00:00,8934.366
1991-09-01,1996-01-18 00:00:00,1995-01-01 00:00:00,4879.9
1991-09-01,1997-05-06 00:00:00,1996-01-19 00:00:00,6089.3
1991-09-01,1999-10-27 00:00:00,1997-05-07 00:00:00,6090.1
1991-09-01,1999-10-28 00:00:00,1999-10-28 00:00:00,
1991-09-01,2000-04-02 00:00:00,1999-10-29 00:00:00,6680.2
1991-09-01,2003-12-09 00:00:00,2000-04-03 00:00:00,6684.9
1991-09-01,2009-07-30 00:00:00,2003-12-10 00:00:00,7120.7
1991-09-01,2011-07-28 00:00:00,2009-07-31 00:00:00,8037.5
1991-09-01,2013-07-30 00:00:00,2011-07-29 00:00:00,8030.7
1991-09-01,2014-07-29 00:00:00,2013-07-31 00:00:00,8967.7
1991-09-01,2017-10-26 00:00:00,2014-07-30 00:00:00,8977.3
1991-09-01,2018-06-30 00:00:00,2017-10-27 00:00:00,8977.252
1991-12-01,1996-01-18 00:00:00,1995-01-01 00:00:00,4880.8
1991-12-01,1997-05-06 00:00:00,1996-01-19 00:00:00,6104.4
1991-12-01,1999-10-27 00:00:00,1997-05-07 00:00:00,6105.3
1991-12-01,1999-10-28 00:00:00,1999-10-28 00:00:00,
1991-12-01,2000-04-02 00:00:00,1999-10-29 00:00:00,6721.7
1991-12-01,2003-12-09 00:00:00,2000-04-03 00:00:00,6720.9
1991-12-01,2009-07-30 00:00:00,2003-12-10 00:00:00,7154.1
1991-12-01,2011-07-28 00:00:00,2009-07-31 00:00:00,8069.0
1991-12-01,2013-07-30 00:00:00,2011-07-29 00:00:00,8062.2
1991-12-01,2014-07-29 00:00:00,2013-07-31 00:00:00,9006.8
1991-12-01,2017-10-26 00:00:00,2014-07-30 00:00:00,9016.4
1991-12-01,2018-06-30 00:00:00,2017-10-27 00:00:00,9016.444
1992-03-01,1996-01-18 00:00:00,1995-01-01 00:00:00,4918.5
1992-03-01,1997-05-06 00:00:00,1996-01-19 00:00:00,6175.3
1992-03-01,1999-10-27 00:00:00,1997-05-07 00:00:00,6175.7
1992-03-01,1999-10-28 00:00:00,1999-10-28 00:00:00,
1992-03-01,2000-04-02 00:00:00,1999-10-29 00:00:00,6792.9
1992-03-01,2003-12-09 00:00:00,2000-04-03 00:00:00,6783.3
1992-03-01,2009-07-30 00:00:00,2003-12-10 00:00:00,7228.2
1992-03-01,2011-07-28 00:00:00,2009-07-31 00:00:00,8157.6
1992-03-01,2013-07-30 00:00:00,2011-07-29 00:00:00,8150.7
1992-03-01,2014-07-29 00:00:00,2013-07-31 00:00:00,9113.2
1992-03-01,2017-10-26 00:00:00,2014-07-30 00:00:00,9123.0
1992-03-01,2018-06-30 00:00:00,2017-10-27 00:00:00,9122.95
1992-06-01,1996-01-18 00:00:00,1995-01-01 00:00:00,4947.5
1992-06-01,1999-10-27 00:00:00,1996-01-19 00:00:00,6214.2
1992-06-01,1999-10-28 00:00:00,1999-10-28 00:00:00,
1992-06-01,2000-04-02 00:00:00,1999-10-29 00:00:00,6859.3
1992-06-01,2003-12-09 00:00:00,2000-04-03 00:00:00,6846.8
1992-06-01,2009-07-30 00:00:00,2003-12-10 00:00:00,7297.9
1992-06-01,2011-07-28 00:00:00,2009-07-31 00:00:00,8244.3
1992-06-01,2013-07-30 00:00:00,2011-07-29 00:00:00,8237.3
1992-06-01,2014-07-29 00:00:00,2013-07-31 00:00:00,9213.7
1992-06-01,2017-10-26 00:00:00,2014-07-30 00:00:00,9223.5
1992-06-01,2018-06-30 00:00:00,2017-10-27 00:00:00,9223.545
1992-09-01,1996-01-18 00:00:00,1995-01-01 00:00:00,4990.5
1992-09-01,1997-05-06 00:00:00,1996-01-19 00:00:00,6260.9
1992-09-01,1999-10-27 00:00:00,1997-05-07 00:00:00,6260.7
1992-09-01,1999-10-28 00:00:00,1999-10-28 00:00:00,
1992-09-01,2000-04-02 00:00:00,1999-10-29 00:00:00,6912.1
1992-09-01,2003-12-09 00:00:00,2000-04-03 00:00:00,6899.7
1992-09-01,2009-07-30 00:00:00,2003-12-10 00:00:00,7369.5
1992-09-01,2011-07-28 00:00:00,2009-07-31 00:00:00,8329.4
1992-09-01,2013-07-30 00:00:00,2011-07-29 00:00:00,8322.3
1992-09-01,2014-07-29 00:00:00,2013-07-31 00:00:00,9303.3
1992-09-01,2017-10-26 00:00:00,2014-07-30 00:00:00,9313.2
1992-09-01,2018-06-30 00:00:00,2017-10-27 00:00:00,9313.208
1992-12-01,1996-01-18 00:00:00,1995-01-01 00:00:00,5060.7
1992-12-01,1997-05-06 00:00:00,1996-01-19 00:00:00,6327.3
1992-12-01,1999-10-27 00:00:00,1997-05-07 00:00:00,6327.1
1992-12-01,1999-10-28 00:00:00,1999-10-28 00:00:00,
1992-12-01,2000-04-02 00:00:00,1999-10-29 00:00:00,7000.0
1992-12-01,2003-12-09 00:00:00,2000-04-03 00:00:00,6990.6
1992-12-01,2009-07-30 00:00:00,2003-12-10 00:00:00,7450.7
1992-12-01,2011-07-28 00:00:00,2009-07-31 00:00:00,8417.0
1992-12-01,2013-07-30 00:00:00,2011-07-29 00:00:00,8409.8
1992-12-01,2014-07-29 00:00:00,2013-07-31 00:00:00,9396.5
1992-12-01,2017-10-26 00:00:00,2014-07-30 00:00:00,9406.5
1992-12-01,2018-06-30 00:00:00,2017-10-27 00:00:00,9406.528
1993-03-01,1996-01-18 00:00:00,1995-01-01 00:00:00,5075.3
1993-03-01,1996-07-31 00:00:00,1996-01-19 00:00:00,6327.0
1993-03-01,1997-05-06 00:00:00,1996-08-01 00:00:00,6326.4
1993-03-01,1997-07-30 00:00:00,1997-05-07 00:00:00,6326.2
1993-03-01,1999-10-27 00:00:00,1997-07-31 00:00:00,6327.9
1993-03-01,1999-10-28 00:00:00,1999-10-28 00:00:00,
1993-03-01,2000-04-02 00:00:00,1999-10-29 00:00:00,6986.9
1993-03-01,2003-12-09 00:00:00,2000-04-03 00:00:00,6988.7
1993-03-01,2009-07-30 00:00:00,2003-12-10 00:00:00,7459.7
1993-03-01,2011-07-28 00:00:00,2009-07-31 00:00:00,8432.5
1993-03-01,2013-07-30 00:00:00,2011-07-29 00:00:00,8425.3
1993-03-01,2014-07-29 00:00:00,2013-07-31 00:00:00,9414.0
1993-03-01,2017-10-26 00:00:00,2014-07-30 00:00:00,9424.1
1993-03-01,2018-06-30 00:00:00,2017-10-27 00:00:00,9424.065
1993-06-01,1996-01-18 00:00:00,1995-01-01 00:00:00,5105.4
1993-06-01,1996-07-31 00:00:00,1996-01-19 00:00:00,6353.7
1993-06-01,1997-05-06 00:00:00,1996-08-01 00:00:00,6356.5
1993-06-01,1997-07-30 00:00:00,1997-05-07 00:00:00,6356.3
1993-06-01,1999-10-27 00:00:00,1997-07-31 00:00:00,6359.9
1993-06-01,1999-10-28 00:00:00,1999-10-28 00:00:00,
1993-06-01,2000-04-02 00:00:00,1999-10-29 00:00:00,7024.0
1993-06-01,2003-12-09 00:00:00,2000-04-03 00:00:00,7031.2
1993-06-01,2009-07-30 00:00:00,2003-12-10 00:00:00,7497.5
1993-06-01,2011-07-28 00:00:00,2009-07-31 00:00:00,8486.4
1993-06-01,2013-07-30 00:00:00,2011-07-29 00:00:00,8479.2
1993-06-01,2014-07-29 00:00:00,2013-07-31 00:00:00,9469.9
1993-06-01,2017-10-26 00:00:00,2014-07-30 00:00:00,9480.1
1993-06-01,2018-06-30 00:00:00,2017-10-27 00:00:00,9480.106
1993-09-01,1996-01-18 00:00:00,1995-01-01 00:00:00,5139.4
1993-09-01,1996-07-31 00:00:00,1996-01-19 00:00:00,6390.4
1993-09-01,1997-05-06 00:00:00,1996-08-01 00:00:00,6393.4
1993-09-01,1997-07-30 00:00:00,1997-05-07 00:00:00,6393.2
1993-09-01,1999-10-27 00:00:00,1997-07-31 00:00:00,6393.5
1993-09-01,1999-10-28 00:00:00,1999-10-28 00:00:00,
1993-09-01,2000-04-02 00:00:00,1999-10-29 00:00:00,7050.8
1993-09-01,2003-12-09 00:00:00,2000-04-03 00:00:00,7062.0
1993-09-01,2009-07-30 00:00:00,2003-12-10 00:00:00,7536.0
1993-09-01,2011-07-28 00:00:00,2009-07-31 00:00:00,8531.1
1993-09-01,2013-07-30 00:00:00,2011-07-29 00:00:00,8523.8
1993-09-01,2014-07-29 00:00:00,2013-07-31 00:00:00,9516.1
1993-09-01,2017-10-26 00:00:00,2014-07-30 00:00:00,9526.3
1993-09-01,2018-06-30 00:00:00,2017-10-27 00:00:00,9526.337
1993-12-01,1996-01-18 00:00:00,1995-01-01 00:00:00,5218.0
1993-12-01,1996-07-31 00:00:00,1996-01-19 00:00:00,6463.9
1993-12-01,1997-05-06 00:00:00,1996-08-01 00:00:00,6469.1
1993-12-01,1997-07-30 00:00:00,1997-05-07 00:00:00,6468.7
1993-12-01,1999-10-27 00:00:00,1997-07-31 00:00:00,6476.9
1993-12-01,1999-10-28 00:00:00,1999-10-28 00:00:00,
1993-12-01,2000-04-02 00:00:00,1999-10-29 00:00:00,7155.0
1993-12-01,2003-12-09 00:00:00,2000-04-03 00:00:00,7168.7
1993-12-01,2009-07-30 00:00:00,2003-12-10 00:00:00,7637.4
1993-12-01,2011-07-28 00:00:00,2009-07-31 00:00:00,8643.8
1993-12-01,2013-07-30 00:00:00,2011-07-29 00:00:00,8636.4
1993-12-01,2014-07-29 00:00:00,2013-07-31 00:00:00,9643.1
1993-12-01,2017-10-26 00:00:00,2014-07-30 00:00:00,9653.5
1993-12-01,2018-06-30 00:00:00,2017-10-27 00:00:00,9653.509
1994-03-01,1996-01-18 00:00:00,1995-01-01 00:00:00,5261.1
1994-03-01,1996-07-31 00:00:00,1996-01-19 00:00:00,6504.6
1994-03-01,1997-07-30 00:00:00,1996-08-01 00:00:00,6508.5
1994-03-01,1999-10-27 00:00:00,1997-07-31 00:00:00,6524.5
1994-03-01,2000-04-02 00:00:00,1999-10-28 00:00:00,7218.5
1994-03-01,2003-12-09 00:00:00,2000-04-03 00:00:00,7229.4
1994-03-01,2009-07-30 00:00:00,2003-12-10 00:00:00,7715.1
1994-03-01,2011-07-28 00:00:00,2009-07-31 00:00:00,8727.9
1994-03-01,2013-07-30 00:00:00,2011-07-29 00:00:00,8720.5
1994-03-01,2014-07-29 00:00:00,2013-07-31 00:00:00,9737.6
1994-03-01,2017-10-26 00:00:00,2014-07-30 00:00:00,9748.2
1994-03-01,2018-06-30 00:00:00,2017-10-27 00:00:00,9748.156
1994-06-01,1996-01-18 00:00:00,1995-01-01 00:00:00,5314.1
1994-06-01,1996-07-31 00:00:00,1996-01-19 00:00:00,6581.5
1994-06-01,1997-05-06 00:00:00,1996-08-01 00:00:00,6587.6
1994-06-01,1997-07-30 00:00:00,1997-05-07 00:00:00,6587.4
1994-06-01,1999-10-27 00:00:00,1997-07-31 00:00:00,6600.3
1994-06-01,2000-04-02 00:00:00,1999-10-28 00:00:00,7319.8
1994-06-01,2003-12-09 00:00:00,2000-04-03 00:00:00,7330.2
1994-06-01,2009-07-30 00:00:00,2003-12-10 00:00:00,7815.7
1994-06-01,2011-07-28 00:00:00,2009-07-31 00:00:00,8847.3
1994-06-01,2013-07-30 00:00:00,2011-07-29 00:00:00,8839.8
1994-06-01,2014-07-29 00:00:00,2013-07-31 00:00:00,9870.7
1994-06-01,2017-10-26 00:00:00,2014-07-30 00:00:00,9881.4
1994-06-01,2018-06-30 00:00:00,2017-10-27 00:00:00,9881.384
1994-09-01,1996-01-18 00:00:00,1995-01-01 00:00:00,5367.0
1994-09-01,1996-07-31 00:00:00,1996-01-19 00:00:00,6639.5
1994-09-01,1997-05-06 00:00:00,1996-08-01 00:00:00,6644.9
1994-09-01,1997-07-30 00:00:00,1997-05-07 00:00:00,6644.8
1994-09-01,1999-10-27 00:00:00,1997-07-31 00:00:00,6629.5
1994-09-01,2000-04-02 00:00:00,1999-10-28 00:00:00,7360.5
1994-09-01,2003-12-09 00:00:00,2000-04-03 00:00:00,7370.2
1994-09-01,2009-07-30 00:00:00,2003-12-10 00:00:00,7859.5
1994-09-01,2011-07-28 00:00:00,2009-07-31 00:00:00,8904.3
1994-09-01,2013-07-30 00:00:00,2011-07-29 00:00:00,8896.7
1994-09-01,2014-07-29 00:00:00,2013-07-31 00:00:00,9928.9
1994-09-01,2017-10-26 00:00:00,2014-07-30 00:00:00,9939.7
1994-09-01,2018-06-30 00:00:00,2017-10-27 00:00:00,9939.655
1994-12-01,1995-02-28 00:00:00,1995-01-27 00:00:00,5426.8
1994-12-01,1995-03-30 00:00:00,1995-03-01 00:00:00,5427.2
1994-12-01,1996-01-18 00:00:00,1995-03-31 00:00:00,5433.8
1994-12-01,1996-07-31 00:00:00,1996-01-19 00:00:00,6691.3
1994-12-01,1997-05-06 00:00:00,1996-08-01 00:00:00,6693.9
1994-12-01,1997-07-30 00:00:00,1997-05-07 00:00:00,6692.9
1994-12-01,1999-10-27 00:00:00,1997-07-31 00:00:00,6688.6
1994-12-01,2000-04-02 00:00:00,1999-10-28 00:00:00,7452.3
1994-12-01,2003-12-09 00:00:00,2000-04-03 00:00:00,7461.1
1994-12-01,2009-07-30 00:00:00,2003-12-10 00:00:00,7951.6
1994-12-01,2011-07-28 00:00:00,2009-07-31 00:00:00,9003.2
1994-12-01,2013-07-30 00:00:00,2011-07-29 00:00:00,8995.5
1994-12-01,2014-07-29 00:00:00,2013-07-31 00:00:00,10041.6
1994-12-01,2017-10-26 00:00:00,2014-07-30 00:00:00,10052.5
1994-12-01,2018-06-30 00:00:00,2017-10-27 00:00:00,10052.518
1995-03-01,1995-05-30 00:00:00,1995-04-28 00:00:00,5471.7
1995-03-01,1995-06-29 00:00:00,1995-05-31 00:00:00,5470.0
1995-03-01,1996-01-18 00:00:00,1995-06-30 00:00:00,5470.1
1995-03-01,1996-07-31 00:00:00,1996-01-19 00:00:00,6701.6
1995-03-01,1997-05-06 00:00:00,1996-08-01 00:00:00,6701.0
1995-03-01,1997-07-30 00:00:00,1997-05-07 00:00:00,6700.2
1995-03-01,1998-07-30 00:00:00,1997-07-31 00:00:00,6703.7
1995-03-01,1999-10-27 00:00:00,1998-07-31 00:00:00,6717.5
1995-03-01,2000-04-02 00:00:00,1999-10-28 00:00:00,7480.4
1995-03-01,2003-12-09 00:00:00,2000-04-03 00:00:00,7488.7
1995-03-01,2009-07-30 00:00:00,2003-12-10 00:00:00,7973.7
1995-03-01,2011-07-28 00:00:00,2009-07-31 00:00:00,9025.3
1995-03-01,2013-07-30 00:00:00,2011-07-29 00:00:00,9017.6
1995-03-01,2014-07-29 00:00:00,2013-07-31 00:00:00,10075.9
1995-03-01,2017-10-26 00:00:00,2014-07-30 00:00:00,10086.9
1995-03-01,2018-06-30 00:00:00,2017-10-27 00:00:00,10086.878
1995-06-01,1995-08-29 00:00:00,1995-07-28 00:00:00,5477.3
1995-06-01,1995-09-28 00:00:00,1995-08-30 00:00:00,5485.2
1995-06-01,1996-01-18 00:00:00,1995-09-29 00:00:00,5487.8
1995-06-01,1996-07-31 00:00:00,1996-01-19 00:00:00,6709.4
1995-06-01,1997-05-06 00:00:00,1996-08-01 00:00:00,6713.5
1995-06-01,1997-07-30 00:00:00,1997-05-07 00:00:00,6712.7
1995-06-01,1998-07-30 00:00:00,1997-07-31 00:00:00,6708.8
1995-06-01,1999-10-27 00:00:00,1998-07-31 00:00:00,6724.2
1995-06-01,2000-04-02 00:00:00,1999-10-28 00:00:00,7496.0
1995-06-01,2003-12-09 00:00:00,2000-04-03 00:00:00,7503.3
1995-06-01,2009-07-30 00:00:00,2003-12-10 00:00:00,7988.0
1995-06-01,2011-07-28 00:00:00,2009-07-31 00:00:00,9044.7
1995-06-01,2013-07-30 00:00:00,2011-07-29 00:00:00,9037.0
1995-06-01,2014-07-29 00:00:00,2013-07-31 00:00:00,10111.1
1995-06-01,2017-10-26 00:00:00,2014-07-30 00:00:00,10122.1
1995-06-01,2018-06-30 00:00:00,2017-10-27 00:00:00,10122.122
1995-09-01,1996-01-18 00:00:00,1995-10-27 00:00:00,5544.6
1995-09-01,1996-02-22 00:00:00,1996-01-19 00:00:00,6763.2
1995-09-01,1996-07-31 00:00:00,1996-02-23 00:00:00,6768.3
1995-09-01,1997-05-06 00:00:00,1996-08-01 00:00:00,6776.4
1995-09-01,1997-07-30 00:00:00,1997-05-07 00:00:00,6775.8
1995-09-01,1998-07-30 00:00:00,1997-07-31 00:00:00,6759.2
1995-09-01,1999-10-27 00:00:00,1998-07-31 00:00:00,6779.5
1995-09-01,2000-04-02 00:00:00,1999-10-28 00:00:00,7555.0
1995-09-01,2003-12-09 00:00:00,2000-04-03 00:00:00,7561.4
1995-09-01,2009-07-30 00:00:00,2003-12-10 00:00:00,8053.1
1995-09-01,2011-07-28 00:00:00,2009-07-31 00:00:00,9120.7
1995-09-01,2013-07-30 00:00:00,2011-07-29 00:00:00,9112.9
1995-09-01,2014-07-29 00:00:00,2013-07-31 00:00:00,10197.7
1995-09-01,2017-10-26 00:00:00,2014-07-30 00:00:00,10208.8
1995-09-01,2018-06-30 00:00:00,2017-10-27 00:00:00,10208.772
1995-12-01,1996-04-01 00:00:00,1996-02-23 00:00:00,6783.8
1995-12-01,1996-07-31 00:00:00,1996-04-02 00:00:00,6776.5
1995-12-01,1997-04-29 00:00:00,1996-08-01 00:00:00,6780.7
1995-12-01,1997-07-30 00:00:00,1997-04-30 00:00:00,6780.2
1995-12-01,1998-07-30 00:00:00,1997-07-31 00:00:00,6796.5
1995-12-01,1999-10-27 00:00:00,1998-07-31 00:00:00,6825.8
1995-12-01,2000-04-02 00:00:00,1999-10-28 00:00:00,7616.8
1995-12-01,2003-12-09 00:00:00,2000-04-03 00:00:00,7621.9
1995-12-01,2009-07-30 00:00:00,2003-12-10 00:00:00,8112.0
1995-12-01,2011-07-28 00:00:00,2009-07-31 00:00:00,9184.3
1995-12-01,2013-07-30 00:00:00,2011-07-29 00:00:00,9176.4
1995-12-01,2014-07-29 00:00:00,2013-07-31 00:00:00,10270.1
1995-12-01,2017-10-26 00:00:00,2014-07-30 00:00:00,10281.2
1995-12-01,2018-06-30 00:00:00,2017-10-27 00:00:00,10281.246
1996-03-01,1996-05-29 00:00:00,1996-05-02 00:00:00,6823.6
1996-03-01,1996-06-27 00:00:00,1996-05-30 00:00:00,6815.5
1996-03-01,1996-07-31 00:00:00,1996-06-28 00:00:00,6812.7
1996-03-01,1997-04-29 00:00:00,1996-08-01 00:00:00,6814.3
1996-03-01,1997-07-30 00:00:00,1997-04-30 00:00:00,6813.8
1996-03-01,1998-07-30 00:00:00,1997-07-31 00:00:00,6826.4
1996-03-01,1999-10-27 00:00:00,1998-07-31 00:00:00,6882.0
1996-03-01,2000-04-02 00:00:00,1999-10-28 00:00:00,7671.4
1996-03-01,2003-12-09 00:00:00,2000-04-03 00:00:00,7676.4
1996-03-01,2009-07-30 00:00:00,2003-12-10 00:00:00,8169.2
1996-03-01,2011-07-28 00:00:00,2009-07-31 00:00:00,9247.2
1996-03-01,2013-07-30 00:00:00,2011-07-29 00:00:00,9239.3
1996-03-01,2014-07-29 00:00:00,2013-07-31 00:00:00,10337.4
1996-03-01,2017-10-26 00:00:00,2014-07-30 00:00:00,10348.7
1996-03-01,2018-06-30 00:00:00,2017-10-27 00:00:00,10348.691
1996-06-01,1996-08-28 00:00:00,1996-08-01 00:00:00,6885.1
1996-06-01,1996-09-26 00:00:00,1996-08-29 00:00:00,6894.5
1996-06-01,1997-04-29 00:00:00,1996-09-27 00:00:00,6892.6
1996-06-01,1997-07-30 00:00:00,1997-04-30 00:00:00,6892.1
1996-06-01,1998-07-30 00:00:00,1997-07-31 00:00:00,6926.0
1996-06-01,1999-10-27 00:00:00,1998-07-31 00:00:00,6983.9
1996-06-01,2000-04-02 00:00:00,1999-10-28 00:00:00,7800.5
1996-06-01,2003-12-09 00:00:00,2000-04-03 00:00:00,7802.9
1996-06-01,2009-07-30 00:00:00,2003-12-10 00:00:00,8303.1
1996-06-01,2011-07-28 00:00:00,2009-07-31 00:00:00,9407.1
1996-06-01,2013-07-30 00:00:00,2011-07-29 00:00:00,9399.0
1996-06-01,2014-07-29 00:00:00,2013-07-31 00:00:00,10517.9
1996-06-01,2017-10-26 00:00:00,2014-07-30 00:00:00,10529.4
1996-06-01,2018-06-30 00:00:00,2017-10-27 00:00:00,10529.379
1996-09-01,1996-11-26 00:00:00,1996-10-30 00:00:00,6929.7
1996-09-01,1996-12-19 00:00:00,1996-11-27 00:00:00,6926.2
1996-09-01,1997-04-29 00:00:00,1996-12-20 00:00:00,6928.4
1996-09-01,1997-07-30 00:00:00,1997-04-30 00:00:00,6928.1
1996-09-01,1998-07-30 00:00:00,1997-07-31 00:00:00,6943.8
1996-09-01,1999-10-27 00:00:00,1998-07-31 00:00:00,7020.0
1996-09-01,2000-04-02 00:00:00,1999-10-28 00:00:00,7843.3
1996-09-01,2003-12-09 00:00:00,2000-04-03 00:00:00,7841.9
1996-09-01,2009-07-30 00:00:00,2003-12-10 00:00:00,8372.7
1996-09-01,2011-07-28 00:00:00,2009-07-31 00:00:00,9488.9
1996-09-01,2013-07-30 00:00:00,2011-07-29 00:00:00,9480.8
1996-09-01,2014-07-29 00:00:00,2013-07-31 00:00:00,10615.2
1996-09-01,2017-10-26 00:00:00,2014-07-30 00:00:00,10626.8
1996-09-01,2018-06-30 00:00:00,2017-10-27 00:00:00,10626.778
1996-12-01,1997-02-27 00:00:00,1997-01-31 00:00:00,7008.7
1996-12-01,1997-03-27 00:00:00,1997-02-28 00:00:00,6994.4
1996-12-01,1997-04-29 00:00:00,1997-03-28 00:00:00,6993.6
1996-12-01,1997-07-30 00:00:00,1997-04-30 00:00:00,6993.3
1996-12-01,1998-07-30 00:00:00,1997-07-31 00:00:00,7017.4
1996-12-01,1999-10-27 00:00:00,1998-07-31 00:00:00,7093.1
1996-12-01,2000-04-02 00:00:00,1999-10-28 00:00:00,7937.5
1996-12-01,2003-12-09 00:00:00,2000-04-03 00:00:00,7931.3
1996-12-01,2009-07-30 00:00:00,2003-12-10 00:00:00,8470.6
1996-12-01,2011-07-28 00:00:00,2009-07-31 00:00:00,9592.5
1996-12-01,2013-07-30 00:00:00,2011-07-29 00:00:00,9584.3
1996-12-01,2014-07-29 00:00:00,2013-07-31 00:00:00,10727.4
1996-12-01,2017-10-26 00:00:00,2014-07-30 00:00:00,10739.1
1996-12-01,2018-06-30 00:00:00,2017-10-27 00:00:00,10739.057
1997-03-01,1997-05-29 00:00:00,1997-04-30 00:00:00,7089.4
1997-03-01,1997-06-26 00:00:00,1997-05-30 00:00:00,7092.1
1997-03-01,1997-07-30 00:00:00,1997-06-27 00:00:00,7094.4
1997-03-01,1998-07-30 00:00:00,1997-07-31 00:00:00,7101.6
1997-03-01,1999-10-27 00:00:00,1998-07-31 00:00:00,7166.7
1997-03-01,2000-04-02 00:00:00,1999-10-28 00:00:00,8033.4
1997-03-01,2000-07-27 00:00:00,2000-04-03 00:00:00,8018.7
1997-03-01,2003-12-09 00:00:00,2000-07-28 00:00:00,8016.4
1997-03-01,2009-07-30 00:00:00,2003-12-10 00:00:00,8536.1
1997-03-01,2011-07-28 00:00:00,2009-07-31 00:00:00,9666.2
1997-03-01,2013-07-30 00:00:00,2011-07-29 00:00:00,9658.0
1997-03-01,2014-07-29 00:00:00,2013-07-31 00:00:00,10809.1
1997-03-01,2017-10-26 00:00:00,2014-07-30 00:00:00,10820.9
1997-03-01,2018-06-30 00:00:00,2017-10-27 00:00:00,10820.908
1997-06-01,1997-08-27 00:00:00,1997-07-31 00:00:00,7139.7
1997-06-01,1997-09-25 00:00:00,1997-08-28 00:00:00,7165.1
1997-06-01,1998-07-30 00:00:00,1997-09-26 00:00:00,7159.6
1997-06-01,1999-10-27 00:00:00,1998-07-31 00:00:00,7236.5
1997-06-01,2000-04-02 00:00:00,1999-10-28 00:00:00,8134.8
1997-06-01,2000-07-27 00:00:00,2000-04-03 00:00:00,8115.4
1997-06-01,2003-12-09 00:00:00,2000-07-28 00:00:00,8131.9
1997-06-01,2009-07-30 00:00:00,2003-12-10 00:00:00,8665.8
1997-06-01,2011-07-28 00:00:00,2009-07-31 00:00:00,9809.6
1997-06-01,2013-07-30 00:00:00,2011-07-29 00:00:00,9801.2
1997-06-01,2014-07-29 00:00:00,2013-07-31 00:00:00,10972.2
1997-06-01,2017-10-26 00:00:00,2014-07-30 00:00:00,10984.2
1997-06-01,2018-06-30 00:00:00,2017-10-27 00:00:00,10984.15
1997-09-01,1997-11-25 00:00:00,1997-10-31 00:00:00,7221.8
1997-09-01,1997-12-22 00:00:00,1997-11-26 00:00:00,7217.6
1997-09-01,1998-07-30 00:00:00,1997-12-23 00:00:00,7214.0
1997-09-01,1999-10-27 00:00:00,1998-07-31 00:00:00,7311.2
1997-09-01,2000-04-02 00:00:00,1999-10-28 00:00:00,8214.8
1997-09-01,2000-07-27 00:00:00,2000-04-03 00:00:00,8192.2
1997-09-01,2003-12-09 00:00:00,2000-07-28 00:00:00,8216.6
1997-09-01,2009-07-30 00:00:00,2003-12-10 00:00:00,8773.7
1997-09-01,2011-07-28 00:00:00,2009-07-31 00:00:00,9932.7
1997-09-01,2013-07-30 00:00:00,2011-07-29 00:00:00,9924.2
1997-09-01,2014-07-29 00:00:00,2013-07-31 00:00:00,11112.0
1997-09-01,2017-10-26 00:00:00,2014-07-30 00:00:00,11124.0
1997-09-01,2018-06-30 00:00:00,2017-10-27 00:00:00,11124.013
1997-12-01,1998-02-26 00:00:00,1998-01-30 00:00:00,7290.3
1997-12-01,1998-03-25 00:00:00,1998-02-27 00:00:00,7283.3
1997-12-01,1998-07-30 00:00:00,1998-03-26 00:00:00,7280.0
1997-12-01,1999-10-27 00:00:00,1998-07-31 00:00:00,7364.6
1997-12-01,2000-04-02 00:00:00,1999-10-28 00:00:00,8277.3
1997-12-01,2000-07-27 00:00:00,2000-04-03 00:00:00,8253.2
1997-12-01,2003-12-09 00:00:00,2000-07-28 00:00:00,8272.9
1997-12-01,2009-07-30 00:00:00,2003-12-10 00:00:00,8838.4
1997-12-01,2011-07-28 00:00:00,2009-07-31 00:00:00,10008.9
1997-12-01,2013-07-30 00:00:00,2011-07-29 00:00:00,10000.3
1997-12-01,2014-07-29 00:00:00,2013-07-31 00:00:00,11198.2
1997-12-01,2017-10-26 00:00:00,2014-07-30 00:00:00,11210.3
1997-12-01,2018-06-30 00:00:00,2017-10-27 00:00:00,11210.329
1998-03-01,1998-05-27 00:00:00,1998-04-30 00:00:00,7356.0
1998-03-01,1998-06-24 00:00:00,1998-05-28 00:00:00,7365.6
1998-03-01,1998-07-30 00:00:00,1998-06-25 00:00:00,7375.7
1998-03-01,1999-10-27 00:00:00,1998-07-31 00:00:00,7464.7
1998-03-01,2000-04-02 00:00:00,1999-10-28 00:00:00,8412.7
1998-03-01,2000-07-27 00:00:00,2000-04-03 00:00:00,8391.1
1998-03-01,2001-07-26 00:00:00,2000-07-28 00:00:00,8404.9
1998-03-01,2003-12-09 00:00:00,2001-07-27 00:00:00,8396.3
1998-03-01,2009-07-30 00:00:00,2003-12-10 00:00:00,8936.2
1998-03-01,2011-07-28 00:00:00,2009-07-31 00:00:00,10103.4
1998-03-01,2013-07-30 00:00:00,2011-07-29 00:00:00,10094.8
1998-03-01,2014-07-29 00:00:00,2013-07-31 00:00:00,11309.0
1998-03-01,2017-10-26 00:00:00,2014-07-30 00:00:00,11321.2
1998-03-01,2018-06-30 00:00:00,2017-10-27 00:00:00,11321.246
1998-06-01,1998-08-26 00:00:00,1998-07-31 00:00:00,7491.0
1998-06-01,1998-09-23 00:00:00,1998-08-27 00:00:00,7494.9
1998-06-01,1999-10-27 00:00:00,1998-09-24 00:00:00,7498.6
1998-06-01,2000-04-02 00:00:00,1999-10-28 00:00:00,8457.2
1998-06-01,2000-07-27 00:00:00,2000-04-03 00:00:00,8436.3
1998-06-01,2001-07-26 00:00:00,2000-07-28 00:00:00,8465.6
1998-06-01,2003-12-09 00:00:00,2001-07-27 00:00:00,8442.9
1998-06-01,2009-07-30 00:00:00,2003-12-10 00:00:00,8995.3
1998-06-01,2011-07-28 00:00:00,2009-07-31 00:00:00,10194.3
1998-06-01,2013-07-30 00:00:00,2011-07-29 00:00:00,10185.6
1998-06-01,2014-07-29 00:00:00,2013-07-31 00:00:00,11418.7
1998-06-01,2017-10-26 00:00:00,2014-07-30 00:00:00,11431.0
1998-06-01,2018-06-30 00:00:00,2017-10-27 00:00:00,11431.046
1998-09-01,1998-11-23 00:00:00,1998-10-30 00:00:00,7559.5
1998-09-01,1998-12-22 00:00:00,1998-11-24 00:00:00,7570.0
1998-09-01,1999-10-27 00:00:00,1998-12-23 00:00:00,7566.5
1998-09-01,2000-03-29 00:00:00,1999-10-28 00:00:00,8536.0
1998-09-01,2000-07-27 00:00:00,2000-03-30 00:00:00,8515.7
1998-09-01,2001-07-26 00:00:00,2000-07-28 00:00:00,8537.6
1998-09-01,2003-12-09 00:00:00,2001-07-27 00:00:00,8528.5
1998-09-01,2009-07-30 00:00:00,2003-12-10 00:00:00,9098.9
1998-09-01,2011-07-28 00:00:00,2009-07-31 00:00:00,10328.8
1998-09-01,2013-07-30 00:00:00,2011-07-29 00:00:00,10320.0
1998-09-01,2014-07-29 00:00:00,2013-07-31 00:00:00,11568.1
1998-09-01,2017-10-26 00:00:00,2014-07-30 00:00:00,11580.6
1998-09-01,2018-06-30 00:00:00,2017-10-27 00:00:00,11580.587
1998-12-01,1999-02-25 00:00:00,1999-01-29 00:00:00,7670.0
1998-12-01,1999-03-30 00:00:00,1999-02-26 00:00:00,7678.5
1998-12-01,1999-10-27 00:00:00,1999-03-31 00:00:00,7677.7
1998-12-01,2000-03-29 00:00:00,1999-10-28 00:00:00,8659.2
1998-12-01,2000-07-27 00:00:00,2000-03-30 00:00:00,8639.5
1998-12-01,2001-07-26 00:00:00,2000-07-28 00:00:00,8654.5
1998-12-01,2003-12-09 00:00:00,2001-07-27 00:00:00,8667.9
1998-12-01,2009-07-30 00:00:00,2003-12-10 00:00:00,9237.1
1998-12-01,2011-07-28 00:00:00,2009-07-31 00:00:00,10507.6
1998-12-01,2013-07-30 00:00:00,2011-07-29 00:00:00,10498.6
1998-12-01,2014-07-29 00:00:00,2013-07-31 00:00:00,11757.9
1998-12-01,2017-10-26 00:00:00,2014-07-30 00:00:00,11770.7
1998-12-01,2018-06-30 00:00:00,2017-10-27 00:00:00,11770.686
1999-03-01,1999-05-26 00:00:00,1999-04-30 00:00:00,7762.5
1999-03-01,1999-06-24 00:00:00,1999-05-27 00:00:00,7754.7
1999-03-01,1999-10-27 00:00:00,1999-06-25 00:00:00,7759.6
1999-03-01,2000-03-29 00:00:00,1999-10-28 00:00:00,8737.9
1999-03-01,2000-07-27 00:00:00,2000-03-30 00:00:00,8717.6
1999-03-01,2001-07-26 00:00:00,2000-07-28 00:00:00,8730.0
1999-03-01,2002-07-30 00:00:00,2001-07-27 00:00:00,8733.5
1999-03-01,2003-12-09 00:00:00,2002-07-31 00:00:00,8733.2
1999-03-01,2009-07-30 00:00:00,2003-12-10 00:00:00,9315.5
1999-03-01,2011-07-28 00:00:00,2009-07-31 00:00:00,10601.2
1999-03-01,2013-07-30 00:00:00,2011-07-29 00:00:00,10592.1
1999-03-01,2014-07-29 00:00:00,2013-07-31 00:00:00,11867.8
1999-03-01,2017-10-26 00:00:00,2014-07-30 00:00:00,11864.7
1999-03-01,2018-06-30 00:00:00,2017-10-27 00:00:00,11864.675
1999-06-01,1999-08-25 00:00:00,1999-07-29 00:00:00,7803.6
1999-06-01,1999-09-29 00:00:00,1999-08-26 00:00:00,7794.3
1999-06-01,1999-10-27 00:00:00,1999-09-30 00:00:00,7790.6
1999-06-01,2000-03-29 00:00:00,1999-10-28 00:00:00,8778.6
1999-06-01,2000-07-27 00:00:00,2000-03-30 00:00:00,8758.3
1999-06-01,2001-07-26 00:00:00,2000-07-28 00:00:00,8783.2
1999-06-01,2002-07-30 00:00:00,2001-07-27 00:00:00,8771.2
1999-06-01,2003-12-09 00:00:00,2002-07-31 00:00:00,8775.5
1999-06-01,2009-07-30 00:00:00,2003-12-10 00:00:00,9392.6
1999-06-01,2011-07-28 00:00:00,2009-07-31 00:00:00,10684.0
1999-06-01,2013-07-30 00:00:00,2011-07-29 00:00:00,10674.9
1999-06-01,2014-07-29 00:00:00,2013-07-31 00:00:00,11967.7
1999-06-01,2017-10-26 00:00:00,2014-07-30 00:00:00,11962.5
1999-06-01,2018-06-30 00:00:00,2017-10-27 00:00:00,11962.524
1999-09-01,1999-11-23 00:00:00,1999-10-28 00:00:00,8882.6
1999-09-01,1999-12-21 00:00:00,1999-11-24 00:00:00,8897.7
1999-09-01,2000-03-29 00:00:00,1999-12-22 00:00:00,8900.6
1999-09-01,2000-07-27 00:00:00,2000-03-30 00:00:00,8879.8
1999-09-01,2001-07-26 00:00:00,2000-07-28 00:00:00,8905.8
1999-09-01,2002-07-30 00:00:00,2001-07-27 00:00:00,8871.5
1999-09-01,2003-12-09 00:00:00,2002-07-31 00:00:00,8886.9
1999-09-01,2009-07-30 00:00:00,2003-12-10 00:00:00,9502.2
1999-09-01,2011-07-28 00:00:00,2009-07-31 00:00:00,10819.9
1999-09-01,2013-07-30 00:00:00,2011-07-29 00:00:00,10810.7
1999-09-01,2014-07-29 00:00:00,2013-07-31 00:00:00,12120.1
1999-09-01,2017-10-26 00:00:00,2014-07-30 00:00:00,12113.1
1999-09-01,2018-06-30 00:00:00,2017-10-27 00:00:00,12113.075
1999-12-01,2000-02-24 00:00:00,2000-01-28 00:00:00,9026.9
1999-12-01,2000-03-29 00:00:00,2000-02-25 00:00:00,9050.9
1999-12-01,2000-07-27 00:00:00,2000-03-30 00:00:00,9037.2
1999-12-01,2001-07-26 00:00:00,2000-07-28 00:00:00,9084.1
1999-12-01,2002-07-30 00:00:00,2001-07-27 00:00:00,9049.9
1999-12-01,2003-12-09 00:00:00,2002-07-31 00:00:00,9040.1
1999-12-01,2009-07-30 00:00:00,2003-12-10 00:00:00,9671.1
1999-12-01,2011-07-28 00:00:00,2009-07-31 00:00:00,11014.3
1999-12-01,2013-07-30 00:00:00,2011-07-29 00:00:00,11004.8
1999-12-01,2014-07-29 00:00:00,2013-07-31 00:00:00,12329.8
1999-12-01,2017-10-26 00:00:00,2014-07-30 00:00:00,12323.3
1999-12-01,2018-06-30 00:00:00,2017-10-27 00:00:00,12323.336
2000-03-01,2000-05-24 00:00:00,2000-04-27 00:00:00,9156.6
2000-03-01,2000-06-28 00:00:00,2000-05-25 00:00:00,9156.7
2000-03-01,2000-07-27 00:00:00,2000-06-29 00:00:00,9158.2
2000-03-01,2001-07-26 00:00:00,2000-07-28 00:00:00,9191.8
2000-03-01,2002-07-30 00:00:00,2001-07-27 00:00:00,9102.5
2000-03-01,2003-12-09 00:00:00,2002-07-31 00:00:00,9097.4
2000-03-01,2009-07-30 00:00:00,2003-12-10 00:00:00,9695.6
2000-03-01,2011-07-28 00:00:00,2009-07-31 00:00:00,11043.0
2000-03-01,2013-07-30 00:00:00,2011-07-29 00:00:00,11033.6
2000-03-01,2014-07-29 00:00:00,2013-07-31 00:00:00,12365.2
2000-03-01,2017-10-26 00:00:00,2014-07-30 00:00:00,12359.1
2000-03-01,2018-06-30 00:00:00,2017-10-27 00:00:00,12359.095
2000-06-01,2000-08-24 00:00:00,2000-07-28 00:00:00,9308.8
2000-06-01,2000-09-27 00:00:00,2000-08-25 00:00:00,9311.5
2000-06-01,2001-07-26 00:00:00,2000-09-28 00:00:00,9318.9
2000-06-01,2002-07-30 00:00:00,2001-07-27 00:00:00,9229.4
2000-06-01,2003-12-09 00:00:00,2002-07-31 00:00:00,9205.7
2000-06-01,2009-07-30 00:00:00,2003-12-10 00:00:00,9847.9
2000-06-01,2011-07-28 00:00:00,2009-07-31 00:00:00,11258.5
2000-06-01,2013-07-30 00:00:00,2011-07-29 00:00:00,11248.8
2000-06-01,2014-07-29 00:00:00,2013-07-31 00:00:00,12598.7
2000-06-01,2017-10-26 00:00:00,2014-07-30 00:00:00,12592.5
2000-06-01,2018-06-30 00:00:00,2017-10-27 00:00:00,12592.53
2000-09-01,2000-11-28 00:00:00,2000-10-27 00:00:00,9382.2
2000-09-01,2000-12-20 00:00:00,2000-11-29 00:00:00,9373.5
2000-09-01,2001-07-26 00:00:00,2000-12-21 00:00:00,9369.5
2000-09-01,2002-07-30 00:00:00,2001-07-27 00:00:00,9260.1
2000-09-01,2003-12-09 00:00:00,2002-07-31 00:00:00,9218.7
2000-09-01,2009-07-30 00:00:00,2003-12-10 00:00:00,9836.6
2000-09-01,2011-07-28 00:00:00,2009-07-31 00:00:00,11267.9
2000-09-01,2013-07-30 00:00:00,2011-07-29 00:00:00,11258.3
2000-09-01,2014-07-29 00:00:00,2013-07-31 00:00:00,12614.8
2000-09-01,2017-10-26 00:00:00,2014-07-30 00:00:00,12607.7
2000-09-01,2018-06-30 00:00:00,2017-10-27 00:00:00,12607.676
2000-12-01,2001-02-27 00:00:00,2001-01-31 00:00:00,9401.5
2000-12-01,2001-03-28 00:00:00,2001-02-28 00:00:00,9394.2
2000-12-01,2001-07-26 00:00:00,2001-03-29 00:00:00,9393.7
2000-12-01,2002-07-30 00:00:00,2001-07-27 00:00:00,9303.9
2000-12-01,2003-12-09 00:00:00,2002-07-31 00:00:00,9243.8
2000-12-01,2009-07-30 00:00:00,2003-12-10 00:00:00,9887.7
2000-12-01,2011-07-28 00:00:00,2009-07-31 00:00:00,11334.5
2000-12-01,2013-07-30 00:00:00,2011-07-29 00:00:00,11325.0
2000-12-01,2014-07-29 00:00:00,2013-07-31 00:00:00,12682.0
2000-12-01,2017-10-26 00:00:00,2014-07-30 00:00:00,12679.3
2000-12-01,2018-06-30 00:00:00,2017-10-27 00:00:00,12679.338
2001-03-01,2001-05-24 00:00:00,2001-04-27 00:00:00,9439.9
2001-03-01,2001-06-28 00:00:00,2001-05-25 00:00:00,9424.5
2001-03-01,2001-07-26 00:00:00,2001-06-29 00:00:00,9422.8
2001-03-01,2002-07-30 00:00:00,2001-07-27 00:00:00,9334.5
2001-03-01,2003-12-09 00:00:00,2002-07-31 00:00:00,9229.9
2001-03-01,2004-07-29 00:00:00,2003-12-10 00:00:00,9882.2
2001-03-01,2009-07-30 00:00:00,2004-07-30 00:00:00,9875.6
2001-03-01,2011-07-28 00:00:00,2009-07-31 00:00:00,11297.2
2001-03-01,2013-07-30 00:00:00,2011-07-29 00:00:00,11287.8
2001-03-01,2014-07-29 00:00:00,2013-07-31 00:00:00,12645.7
2001-03-01,2017-10-26 00:00:00,2014-07-30 00:00:00,12643.3
2001-03-01,2018-06-30 00:00:00,2017-10-27 00:00:00,12643.283
2001-06-01,2001-08-28 00:00:00,2001-07-27 00:00:00,9351.6
2001-06-01,2001-09-27 00:00:00,2001-08-29 00:00:00,9338.4
2001-06-01,2002-07-30 00:00:00,2001-09-28 00:00:00,9341.7
2001-06-01,2003-12-09 00:00:00,2002-07-31 00:00:00,9193.1
2001-06-01,2004-07-29 00:00:00,2003-12-10 00:00:00,9866.3
2001-06-01,2009-07-30 00:00:00,2004-07-30 00:00:00,9905.9
2001-06-01,2011-07-28 00:00:00,2009-07-31 00:00:00,11371.3
2001-06-01,2013-07-30 00:00:00,2011-07-29 00:00:00,11361.7
2001-06-01,2014-07-29 00:00:00,2013-07-31 00:00:00,12712.8
2001-06-01,2017-10-26 00:00:00,2014-07-30 00:00:00,12710.3
2001-06-01,2018-06-30 00:00:00,2017-10-27 00:00:00,12710.303
2001-09-01,2001-11-29 00:00:00,2001-10-31 00:00:00,9333.4
2001-09-01,2001-12-20 00:00:00,2001-11-30 00:00:00,9316.8
2001-09-01,2002-07-30 00:00:00,2001-12-21 00:00:00,9310.4
2001-09-01,2003-12-09 00:00:00,2002-07-31 00:00:00,9186.4
2001-09-01,2004-07-29 00:00:00,2003-12-10 00:00:00,9834.6
2001-09-01,2009-07-30 00:00:00,2004-07-30 00:00:00,9871.1
2001-09-01,2011-07-28 00:00:00,2009-07-31 00:00:00,11340.1
2001-09-01,2013-07-30 00:00:00,2011-07-29 00:00:00,11330.4
2001-09-01,2014-07-29 00:00:00,2013-07-31 00:00:00,12674.1
2001-09-01,2017-10-26 00:00:00,2014-07-30 00:00:00,12670.1
2001-09-01,2018-06-30 00:00:00,2017-10-27 00:00:00,12670.106
2001-12-01,2002-02-27 00:00:00,2002-01-30 00:00:00,9315.6
2001-12-01,2002-03-27 00:00:00,2002-02-28 00:00:00,9342.7
2001-12-01,2002-07-30 00:00:00,2002-03-28 00:00:00,9348.6
2001-12-01,2003-12-09 00:00:00,2002-07-31 00:00:00,9248.8
2001-12-01,2004-07-29 00:00:00,2003-12-10 00:00:00,9883.6
2001-12-01,2009-07-30 00:00:00,2004-07-30 00:00:00,9910.0
2001-12-01,2011-07-28 00:00:00,2009-07-31 00:00:00,11380.1
2001-12-01,2013-07-30 00:00:00,2011-07-29 00:00:00,11370.0
2001-12-01,2014-07-29 00:00:00,2013-07-31 00:00:00,12705.2
2001-12-01,2017-10-26 00:00:00,2014-07-30 00:00:00,12705.3
2001-12-01,2018-06-30 00:00:00,2017-10-27 00:00:00,12705.269
2002-03-01,2002-05-23 00:00:00,2002-04-26 00:00:00,9482.1
2002-03-01,2002-06-26 00:00:00,2002-05-24 00:00:00,9476.3
2002-03-01,2002-07-30 00:00:00,2002-06-27 00:00:00,9488.6
2002-03-01,2003-12-09 00:00:00,2002-07-31 00:00:00,9363.2
2002-03-01,2004-07-29 00:00:00,2003-12-10 00:00:00,9997.9
2002-03-01,2005-07-28 00:00:00,2004-07-30 00:00:00,9993.5
2002-03-01,2009-07-30 00:00:00,2005-07-29 00:00:00,9977.3
2002-03-01,2011-07-28 00:00:00,2009-07-31 00:00:00,11477.9
2002-03-01,2013-07-30 00:00:00,2011-07-29 00:00:00,11467.1
2002-03-01,2014-07-29 00:00:00,2013-07-31 00:00:00,12824.6
2002-03-01,2017-10-26 00:00:00,2014-07-30 00:00:00,12822.3
2002-03-01,2018-06-30 00:00:00,2017-10-27 00:00:00,12822.258
2002-06-01,2002-08-28 00:00:00,2002-07-31 00:00:00,9387.9
2002-06-01,2002-09-26 00:00:00,2002-08-29 00:00:00,9389.6
2002-06-01,2003-12-09 00:00:00,2002-09-27 00:00:00,9392.4
2002-06-01,2004-07-29 00:00:00,2003-12-10 00:00:00,10045.1
2002-06-01,2005-07-28 00:00:00,2004-07-30 00:00:00,10052.6
2002-06-01,2009-07-30 00:00:00,2005-07-29 00:00:00,10031.6
2002-06-01,2011-07-28 00:00:00,2009-07-31 00:00:00,11538.8
2002-06-01,2013-07-30 00:00:00,2011-07-29 00:00:00,11528.1
2002-06-01,2014-07-29 00:00:00,2013-07-31 00:00:00,12894.7
2002-06-01,2017-10-26 00:00:00,2014-07-30 00:00:00,12893.0
2002-06-01,2018-06-30 00:00:00,2017-10-27 00:00:00,12893.002
2002-09-01,2002-11-25 00:00:00,2002-10-31 00:00:00,9465.2
2002-09-01,2002-12-19 00:00:00,2002-11-26 00:00:00,9484.0
2002-09-01,2003-12-09 00:00:00,2002-12-20 00:00:00,9485.6
2002-09-01,2004-07-29 00:00:00,2003-12-10 00:00:00,10128.4
2002-09-01,2005-07-28 00:00:00,2004-07-30 00:00:00,10117.3
2002-09-01,2009-07-30 00:00:00,2005-07-29 00:00:00,10090.7
2002-09-01,2011-07-28 00:00:00,2009-07-31 00:00:00,11596.4
2002-09-01,2013-07-30 00:00:00,2011-07-29 00:00:00,11586.6
2002-09-01,2014-07-29 00:00:00,2013-07-31 00:00:00,12956.7
2002-09-01,2017-10-26 00:00:00,2014-07-30 00:00:00,12955.8
2002-09-01,2018-06-30 00:00:00,2017-10-27 00:00:00,12955.769
2002-12-01,2003-02-27 00:00:00,2003-01-30 00:00:00,9503.2
2002-12-01,2003-03-26 00:00:00,2003-02-28 00:00:00,9519.5
2002-12-01,2003-12-09 00:00:00,2003-03-27 00:00:00,9518.2
2002-12-01,2004-07-29 00:00:00,2003-12-10 00:00:00,10160.8
2002-12-01,2005-07-28 00:00:00,2004-07-30 00:00:00,10135.9
2002-12-01,2009-07-30 00:00:00,2005-07-29 00:00:00,10095.8
2002-12-01,2011-07-28 00:00:00,2009-07-31 00:00:00,11598.8
2002-12-01,2013-07-30 00:00:00,2011-07-29 00:00:00,11590.6
2002-12-01,2014-07-29 00:00:00,2013-07-31 00:00:00,12962.9
2002-12-01,2017-10-26 00:00:00,2014-07-30 00:00:00,12964.0
2002-12-01,2018-06-30 00:00:00,2017-10-27 00:00:00,12964.016
2003-03-01,2003-05-28 00:00:00,2003-04-25 00:00:00,9556.0
2003-03-01,2003-06-25 00:00:00,2003-05-29 00:00:00,9562.9
2003-03-01,2003-12-09 00:00:00,2003-06-26 00:00:00,9552.0
2003-03-01,2004-07-29 00:00:00,2003-12-10 00:00:00,10210.4
2003-03-01,2005-07-28 00:00:00,2004-07-30 00:00:00,10184.4
2003-03-01,2006-07-27 00:00:00,2005-07-29 00:00:00,10138.6
2003-03-01,2009-07-30 00:00:00,2006-07-28 00:00:00,10126.0
2003-03-01,2011-07-28 00:00:00,2009-07-31 00:00:00,11645.8
2003-03-01,2013-07-30 00:00:00,2011-07-29 00:00:00,11638.9
2003-03-01,2014-07-29 00:00:00,2013-07-31 00:00:00,13028.6
2003-03-01,2017-10-26 00:00:00,2014-07-30 00:00:00,13031.2
2003-03-01,2018-06-30 00:00:00,2017-10-27 00:00:00,13031.169
2003-06-01,2003-08-27 00:00:00,2003-07-31 00:00:00,9608.1
2003-06-01,2003-09-25 00:00:00,2003-08-28 00:00:00,9625.5
2003-06-01,2003-12-09 00:00:00,2003-09-26 00:00:00,9629.4
2003-06-01,2004-07-29 00:00:00,2003-12-10 00:00:00,10288.3
2003-06-01,2005-07-28 00:00:00,2004-07-30 00:00:00,10287.4
2003-06-01,2006-07-27 00:00:00,2005-07-29 00:00:00,10230.4
2003-06-01,2009-07-30 00:00:00,2006-07-28 00:00:00,10212.7
2003-06-01,2011-07-28 00:00:00,2009-07-31 00:00:00,11738.7
2003-06-01,2013-07-30 00:00:00,2011-07-29 00:00:00,11737.5
2003-06-01,2014-07-29 00:00:00,2013-07-31 00:00:00,13151.8
2003-06-01,2017-10-26 00:00:00,2014-07-30 00:00:00,13152.1
2003-06-01,2018-06-30 00:00:00,2017-10-27 00:00:00,13152.089
2003-09-01,2003-11-24 00:00:00,2003-10-30 00:00:00,9797.2
2003-09-01,2003-12-09 00:00:00,2003-11-25 00:00:00,9821.2
2003-09-01,2003-12-22 00:00:00,2003-12-10 00:00:00,
2003-09-01,2004-07-29 00:00:00,2003-12-23 00:00:00,10493.1
2003-09-01,2005-07-28 00:00:00,2004-07-30 00:00:00,10472.8
2003-09-01,2006-07-27 00:00:00,2005-07-29 00:00:00,10410.9
2003-09-01,2009-07-30 00:00:00,2006-07-28 00:00:00,10398.7
2003-09-01,2011-07-28 00:00:00,2009-07-31 00:00:00,11935.5
2003-09-01,2013-07-30 00:00:00,2011-07-29 00:00:00,11930.7
2003-09-01,2014-07-29 00:00:00,2013-07-31 00:00:00,13374.0
2003-09-01,2017-10-26 00:00:00,2014-07-30 00:00:00,13372.4
2003-09-01,2018-06-30 00:00:00,2017-10-27 00:00:00,13372.357
2003-12-01,2004-02-26 00:00:00,2004-01-30 00:00:00,10597.1
2003-12-01,2004-03-24 00:00:00,2004-02-27 00:00:00,10599.2
2003-12-01,2004-07-29 00:00:00,2004-03-25 00:00:00,10600.1
2003-12-01,2005-07-28 00:00:00,2004-07-30 00:00:00,10580.7
2003-12-01,2006-07-27 00:00:00,2005-07-29 00:00:00,10502.6
2003-12-01,2009-07-30 00:00:00,2006-07-28 00:00:00,10467.0
2003-12-01,2011-07-28 00:00:00,2009-07-31 00:00:00,12042.8
2003-12-01,2013-07-30 00:00:00,2011-07-29 00:00:00,12038.6
2003-12-01,2014-07-29 00:00:00,2013-07-31 00:00:00,13525.7
2003-12-01,2017-10-26 00:00:00,2014-07-30 00:00:00,13528.7
2003-12-01,2018-06-30 00:00:00,2017-10-27 00:00:00,13528.71
2004-03-01,2004-05-26 00:00:00,2004-04-29 00:00:00,10708.6
2004-03-01,2004-06-24 00:00:00,2004-05-27 00:00:00,10716.0
2004-03-01,2004-07-29 00:00:00,2004-06-25 00:00:00,10702.1
2004-03-01,2005-07-28 00:00:00,2004-07-30 00:00:00,10697.5
2004-03-01,2006-07-27 00:00:00,2005-07-29 00:00:00,10612.5
2004-03-01,2007-07-26 00:00:00,2006-07-28 00:00:00,10566.3
2004-03-01,2009-07-30 00:00:00,2007-07-27 00:00:00,10543.6
2004-03-01,2011-07-28 00:00:00,2009-07-31 00:00:00,12127.6
2004-03-01,2013-07-30 00:00:00,2011-07-29 00:00:00,12117.9
2004-03-01,2014-07-29 00:00:00,2013-07-31 00:00:00,13606.6
2004-03-01,2017-10-26 00:00:00,2014-07-30 00:00:00,13606.5
2004-03-01,2018-06-30 00:00:00,2017-10-27 00:00:00,13606.509
2004-06-01,2004-08-26 00:00:00,2004-07-30 00:00:00,10778.0
2004-06-01,2004-09-28 00:00:00,2004-08-27 00:00:00,10771.4
2004-06-01,2005-07-28 00:00:00,2004-09-29 00:00:00,10784.7
2004-06-01,2006-07-27 00:00:00,2005-07-29 00:00:00,10704.1
2004-06-01,2007-07-26 00:00:00,2006-07-28 00:00:00,10671.5
2004-06-01,2009-07-30 00:00:00,2007-07-27 00:00:00,10634.2
2004-06-01,2011-07-28 00:00:00,2009-07-31 00:00:00,12213.8
2004-06-01,2013-07-30 00:00:00,2011-07-29 00:00:00,12195.9
2004-06-01,2014-07-29 00:00:00,2013-07-31 00:00:00,13710.7
2004-06-01,2017-10-26 00:00:00,2014-07-30 00:00:00,13706.2
2004-06-01,2018-06-30 00:00:00,2017-10-27 00:00:00,13706.247
2004-09-01,2004-11-29 00:00:00,2004-10-29 00:00:00,10883.4
2004-09-01,2004-12-21 00:00:00,2004-11-30 00:00:00,10889.7
2004-09-01,2005-07-28 00:00:00,2004-12-22 00:00:00,10891.0
2004-09-01,2006-07-27 00:00:00,2005-07-29 00:00:00,10808.9
2004-09-01,2007-07-26 00:00:00,2006-07-28 00:00:00,10753.3
2004-09-01,2009-07-30 00:00:00,2007-07-27 00:00:00,10728.7
2004-09-01,2011-07-28 00:00:00,2009-07-31 00:00:00,12303.5
2004-09-01,2013-07-30 00:00:00,2011-07-29 00:00:00,12286.7
2004-09-01,2014-07-29 00:00:00,2013-07-31 00:00:00,13831.0
2004-09-01,2017-10-26 00:00:00,2014-07-30 00:00:00,13830.8
2004-09-01,2018-06-30 00:00:00,2017-10-27 00:00:00,13830.828
2004-12-01,2005-02-24 00:00:00,2005-01-28 00:00:00,10975.7
2004-12-01,2005-03-29 00:00:00,2005-02-25 00:00:00,10993.3
2004-12-01,2005-07-28 00:00:00,2005-03-30 00:00:00,10994.3
2004-12-01,2006-07-27 00:00:00,2005-07-29 00:00:00,10897.1
2004-12-01,2007-07-26 00:00:00,2006-07-28 00:00:00,10822.9
2004-12-01,2009-07-30 00:00:00,2007-07-27 00:00:00,10796.4
2004-12-01,2011-07-28 00:00:00,2009-07-31 00:00:00,12410.3
2004-12-01,2013-07-30 00:00:00,2011-07-29 00:00:00,12387.2
2004-12-01,2014-07-29 00:00:00,2013-07-31 00:00:00,13947.7
2004-12-01,2017-10-26 00:00:00,2014-07-30 00:00:00,13950.4
2004-12-01,2018-06-30 00:00:00,2017-10-27 00:00:00,13950.376
2005-03-01,2005-05-25 00:00:00,2005-04-28 00:00:00,11078.2
2005-03-01,2005-06-28 00:00:00,2005-05-26 00:00:00,11088.8
2005-03-01,2005-07-28 00:00:00,2005-06-29 00:00:00,11096.2
2005-03-01,2006-07-27 00:00:00,2005-07-29 00:00:00,10999.3
2005-03-01,2007-07-26 00:00:00,2006-07-28 00:00:00,10913.8
2005-03-01,2008-07-30 00:00:00,2007-07-27 00:00:00,10878.4
2005-03-01,2009-07-30 00:00:00,2008-07-31 00:00:00,10875.8
2005-03-01,2011-07-28 00:00:00,2009-07-31 00:00:00,12534.1
2005-03-01,2013-07-30 00:00:00,2011-07-29 00:00:00,12515.0
2005-03-01,2014-07-29 00:00:00,2013-07-31 00:00:00,14100.2
2005-03-01,2017-10-26 00:00:00,2014-07-30 00:00:00,14099.1
2005-03-01,2018-06-30 00:00:00,2017-10-27 00:00:00,14099.081
2005-06-01,2005-08-30 00:00:00,2005-07-29 00:00:00,11092.0
2005-06-01,2005-09-28 00:00:00,2005-08-31 00:00:00,11088.6
2005-06-01,2006-07-27 00:00:00,2005-09-29 00:00:00,11089.2
2005-06-01,2007-07-26 00:00:00,2006-07-28 00:00:00,11001.8
2005-06-01,2008-07-30 00:00:00,2007-07-27 00:00:00,10954.1
2005-06-01,2009-07-30 00:00:00,2008-07-31 00:00:00,10946.1
2005-06-01,2011-07-28 00:00:00,2009-07-31 00:00:00,12587.5
2005-06-01,2013-07-30 00:00:00,2011-07-29 00:00:00,12570.7
2005-06-01,2014-07-29 00:00:00,2013-07-31 00:00:00,14177.2
2005-06-01,2017-10-26 00:00:00,2014-07-30 00:00:00,14172.7
2005-06-01,2018-06-30 00:00:00,2017-10-27 00:00:00,14172.695
2005-09-01,2005-11-29 00:00:00,2005-10-28 00:00:00,11193.2
2005-09-01,2005-12-20 00:00:00,2005-11-30 00:00:00,11206.1
2005-09-01,2006-07-27 00:00:00,2005-12-21 00:00:00,11202.3
2005-09-01,2007-07-26 00:00:00,2006-07-28 00:00:00,11115.1
2005-09-01,2008-07-30 00:00:00,2007-07-27 00:00:00,11074.3
2005-09-01,2009-07-30 00:00:00,2008-07-31 00:00:00,11050.0
2005-09-01,2011-07-28 00:00:00,2009-07-31 00:00:00,12683.2
2005-09-01,2013-07-30 00:00:00,2011-07-29 00:00:00,12670.5
2005-09-01,2014-07-29 00:00:00,2013-07-31 00:00:00,14292.9
2005-09-01,2017-10-26 00:00:00,2014-07-30 00:00:00,14291.8
2005-09-01,2018-06-30 00:00:00,2017-10-27 00:00:00,14291.757
2005-12-01,2006-02-27 00:00:00,2006-01-27 00:00:00,11233.5
2005-12-01,2006-03-29 00:00:00,2006-02-28 00:00:00,11247.6
2005-12-01,2006-07-27 00:00:00,2006-03-30 00:00:00,11248.3
2005-12-01,2007-07-26 00:00:00,2006-07-28 00:00:00,11163.8
2005-12-01,2008-07-30 00:00:00,2007-07-27 00:00:00,11107.2
2005-12-01,2009-07-30 00:00:00,2008-07-31 00:00:00,11086.1
2005-12-01,2011-07-28 00:00:00,2009-07-31 00:00:00,12748.7
2005-12-01,2013-07-30 00:00:00,2011-07-29 00:00:00,12735.6
2005-12-01,2014-07-29 00:00:00,2013-07-31 00:00:00,14372.0
2005-12-01,2017-10-26 00:00:00,2014-07-30 00:00:00,14373.4
2005-12-01,2018-06-30 00:00:00,2017-10-27 00:00:00,14373.438
2006-03-01,2006-05-24 00:00:00,2006-04-28 00:00:00,11381.4
2006-03-01,2006-06-28 00:00:00,2006-05-25 00:00:00,11394.7
2006-03-01,2006-07-27 00:00:00,2006-06-29 00:00:00,11403.6
2006-03-01,2007-07-26 00:00:00,2006-07-28 00:00:00,11316.4
2006-03-01,2008-07-30 00:00:00,2007-07-27 00:00:00,11238.7
2006-03-01,2009-07-30 00:00:00,2008-07-31 00:00:00,11217.3
2006-03-01,2011-07-28 00:00:00,2009-07-31 00:00:00,12915.9
2006-03-01,2013-07-30 00:00:00,2011-07-29 00:00:00,12896.4
2006-03-01,2014-07-29 00:00:00,2013-07-31 00:00:00,14546.4
2006-03-01,2017-10-26 00:00:00,2014-07-30 00:00:00,14546.1
2006-03-01,2018-06-30 00:00:00,2017-10-27 00:00:00,14546.119
2006-06-01,2006-08-29 00:00:00,2006-07-28 00:00:00,11385.3
2006-06-01,2006-09-27 00:00:00,2006-08-30 00:00:00,11397.6
2006-06-01,2007-07-26 00:00:00,2006-09-28 00:00:00,11388.1
2006-06-01,2008-07-30 00:00:00,2007-07-27 00:00:00,11306.7
2006-06-01,2009-07-30 00:00:00,2008-07-31 00:00:00,11291.7
2006-06-01,2011-07-28 00:00:00,2009-07-31 00:00:00,12962.5
2006-06-01,2013-07-30 00:00:00,2011-07-29 00:00:00,12948.7
2006-06-01,2014-07-29 00:00:00,2013-07-31 00:00:00,14591.6
2006-06-01,2017-10-26 00:00:00,2014-07-30 00:00:00,14589.6
2006-06-01,2018-06-30 00:00:00,2017-10-27 00:00:00,14589.585
2006-09-01,2006-11-28 00:00:00,2006-10-27 00:00:00,11432.9
2006-09-01,2006-12-20 00:00:00,2006-11-29 00:00:00,11450.5
2006-09-01,2007-07-26 00:00:00,2006-12-21 00:00:00,11443.5
2006-09-01,2008-07-30 00:00:00,2007-07-27 00:00:00,11336.7
2006-09-01,2009-07-30 00:00:00,2008-07-31 00:00:00,11314.1
2006-09-01,2011-07-28 00:00:00,2009-07-31 00:00:00,12965.9
2006-09-01,2013-07-30 00:00:00,2011-07-29 00:00:00,12950.4
2006-09-01,2014-07-29 00:00:00,2013-07-31 00:00:00,14604.4
2006-09-01,2017-10-26 00:00:00,2014-07-30 00:00:00,14602.6
2006-09-01,2018-06-30 00:00:00,2017-10-27 00:00:00,14602.633
2006-12-01,2007-02-27 00:00:00,2007-01-31 00:00:00,11541.6
2006-12-01,2007-03-28 00:00:00,2007-02-28 00:00:00,11506.5
2006-12-01,2007-07-26 00:00:00,2007-03-29 00:00:00,11513.0
2006-12-01,2008-07-30 00:00:00,2007-07-27 00:00:00,11395.5
2006-12-01,2009-07-30 00:00:00,2008-07-31 00:00:00,11356.4
2006-12-01,2011-07-28 00:00:00,2009-07-31 00:00:00,13060.7
2006-12-01,2013-07-30 00:00:00,2011-07-29 00:00:00,13038.4
2006-12-01,2014-07-29 00:00:00,2013-07-31 00:00:00,14718.4
2006-12-01,2017-10-26 00:00:00,2014-07-30 00:00:00,14716.9
2006-12-01,2018-06-30 00:00:00,2017-10-27 00:00:00,14716.93
2007-03-01,2007-05-30 00:00:00,2007-04-27 00:00:00,11549.1
2007-03-01,2007-06-27 00:00:00,2007-05-31 00:00:00,11531.7
2007-03-01,2007-07-26 00:00:00,2007-06-28 00:00:00,11532.8
2007-03-01,2008-07-30 00:00:00,2007-07-27 00:00:00,11412.6
2007-03-01,2009-07-30 00:00:00,2008-07-31 00:00:00,11357.8
2007-03-01,2010-07-29 00:00:00,2009-07-31 00:00:00,13099.9
2007-03-01,2011-07-28 00:00:00,2010-07-30 00:00:00,13089.3
2007-03-01,2013-07-30 00:00:00,2011-07-29 00:00:00,13056.1
2007-03-01,2014-07-29 00:00:00,2013-07-31 00:00:00,14728.1
2007-03-01,2017-10-26 00:00:00,2014-07-30 00:00:00,14726.0
2007-03-01,2018-06-30 00:00:00,2017-10-27 00:00:00,14726.022
2007-06-01,2007-08-29 00:00:00,2007-07-27 00:00:00,11507.9
2007-06-01,2007-09-26 00:00:00,2007-08-30 00:00:00,11523.8
2007-06-01,2008-07-30 00:00:00,2007-09-27 00:00:00,11520.1
2007-06-01,2009-07-30 00:00:00,2008-07-31 00:00:00,11491.4
2007-06-01,2010-07-29 00:00:00,2009-07-31 00:00:00,13204.0
2007-06-01,2011-07-28 00:00:00,2010-07-30 00:00:00,13194.1
2007-06-01,2013-07-30 00:00:00,2011-07-29 00:00:00,13173.6
2007-06-01,2014-07-29 00:00:00,2013-07-31 00:00:00,14841.5
2007-06-01,2017-10-26 00:00:00,2014-07-30 00:00:00,14838.7
2007-06-01,2018-06-30 00:00:00,2017-10-27 00:00:00,14838.664
2007-09-01,2007-11-28 00:00:00,2007-10-31 00:00:00,11630.7
2007-09-01,2007-12-19 00:00:00,2007-11-29 00:00:00,11659.3
2007-09-01,2008-07-30 00:00:00,2007-12-20 00:00:00,11658.9
2007-09-01,2009-07-30 00:00:00,2008-07-31 00:00:00,11625.7
2007-09-01,2010-07-29 00:00:00,2009-07-31 00:00:00,13321.1
2007-09-01,2011-07-28 00:00:00,2010-07-30 00:00:00,13268.5
2007-09-01,2013-07-30 00:00:00,2011-07-29 00:00:00,13269.8
2007-09-01,2014-07-29 00:00:00,2013-07-31 00:00:00,14941.5
2007-09-01,2017-10-26 00:00:00,2014-07-30 00:00:00,14938.5
2007-09-01,2018-06-30 00:00:00,2017-10-27 00:00:00,14938.467
2007-12-01,2008-02-27 00:00:00,2008-01-30 00:00:00,11677.4
2007-12-01,2008-03-26 00:00:00,2008-02-28 00:00:00,11677.1
2007-12-01,2008-07-30 00:00:00,2008-03-27 00:00:00,11675.7
2007-12-01,2009-07-30 00:00:00,2008-07-31 00:00:00,11620.7
2007-12-01,2010-07-29 00:00:00,2009-07-31 00:00:00,13391.2
2007-12-01,2011-07-28 00:00:00,2010-07-30 00:00:00,13363.5
2007-12-01,2013-07-30 00:00:00,2011-07-29 00:00:00,13326.0
2007-12-01,2014-07-29 00:00:00,2013-07-31 00:00:00,14996.1
2007-12-01,2017-10-26 00:00:00,2014-07-30 00:00:00,14991.8
2007-12-01,2018-06-30 00:00:00,2017-10-27 00:00:00,14991.784
2008-03-01,2008-05-28 00:00:00,2008-04-30 00:00:00,11693.1
2008-03-01,2008-06-25 00:00:00,2008-05-29 00:00:00,11701.9
2008-03-01,2008-07-30 00:00:00,2008-06-26 00:00:00,11703.6
2008-03-01,2009-07-30 00:00:00,2008-07-31 00:00:00,11646.0
2008-03-01,2010-07-29 00:00:00,2009-07-31 00:00:00,13366.9
2008-03-01,2011-07-28 00:00:00,2010-07-30 00:00:00,13339.2
2008-03-01,2013-07-30 00:00:00,2011-07-29 00:00:00,13266.8
2008-03-01,2014-07-29 00:00:00,2013-07-31 00:00:00,14895.4
2008-03-01,2017-10-26 00:00:00,2014-07-30 00:00:00,14889.5
2008-03-01,2018-06-30 00:00:00,2017-10-27 00:00:00,14889.45
2008-06-01,2008-08-27 00:00:00,2008-07-31 00:00:00,11700.6
2008-06-01,2008-09-25 00:00:00,2008-08-28 00:00:00,11740.3
2008-06-01,2009-07-30 00:00:00,2008-09-26 00:00:00,11727.4
2008-06-01,2010-07-29 00:00:00,2009-07-31 00:00:00,13415.3
2008-06-01,2011-07-28 00:00:00,2010-07-30 00:00:00,13359.0
2008-06-01,2013-07-30 00:00:00,2011-07-29 00:00:00,13310.5
2008-06-01,2014-07-29 00:00:00,2013-07-31 00:00:00,14969.2
2008-06-01,2017-10-26 00:00:00,2014-07-30 00:00:00,14963.4
2008-06-01,2018-06-30 00:00:00,2017-10-27 00:00:00,14963.357
2008-09-01,2008-11-24 00:00:00,2008-10-30 00:00:00,11720.0
2008-09-01,2008-12-22 00:00:00,2008-11-25 00:00:00,11712.3
2008-09-01,2009-07-30 00:00:00,2008-12-23 00:00:00,11712.4
2008-09-01,2010-07-29 00:00:00,2009-07-31 00:00:00,13324.6
2008-09-01,2011-07-28 00:00:00,2010-07-30 00:00:00,13223.5
2008-09-01,2013-07-30 00:00:00,2011-07-29 00:00:00,13186.9
2008-09-01,2014-07-29 00:00:00,2013-07-31 00:00:00,14895.1
2008-09-01,2017-10-26 00:00:00,2014-07-30 00:00:00,14891.6
2008-09-01,2018-06-30 00:00:00,2017-10-27 00:00:00,14891.643
2008-12-01,2009-02-26 00:00:00,2009-01-30 00:00:00,11599.4
2008-12-01,2009-03-25 00:00:00,2009-02-27 00:00:00,11525.0
2008-12-01,2009-07-30 00:00:00,2009-03-26 00:00:00,11522.1
2008-12-01,2010-07-29 00:00:00,2009-07-31 00:00:00,13141.9
2008-12-01,2011-07-28 00:00:00,2010-07-30 00:00:00,12993.7
2008-12-01,2013-07-30 00:00:00,2011-07-29 00:00:00,12883.5
2008-12-01,2014-07-29 00:00:00,2013-07-31 00:00:00,14574.6
2008-12-01,2017-10-26 00:00:00,2014-07-30 00:00:00,14577.0
2008-12-01,2018-06-30 00:00:00,2017-10-27 00:00:00,14576.985
2009-03-01,2009-05-28 00:00:00,2009-04-29 00:00:00,11340.9
2009-03-01,2009-06-24 00:00:00,2009-05-29 00:00:00,11353.7
2009-03-01,2009-07-30 00:00:00,2009-06-25 00:00:00,11360.5
2009-03-01,2010-07-29 00:00:00,2009-07-31 00:00:00,12925.4
2009-03-01,2011-07-28 00:00:00,2010-07-30 00:00:00,12832.6
2009-03-01,2012-07-26 00:00:00,2011-07-29 00:00:00,12663.2
2009-03-01,2013-07-30 00:00:00,2012-07-27 00:00:00,12711.0
2009-03-01,2014-07-29 00:00:00,2013-07-31 00:00:00,14372.1
2009-03-01,2017-10-26 00:00:00,2014-07-30 00:00:00,14375.0
2009-03-01,2018-06-30 00:00:00,2017-10-27 00:00:00,14375.018
2009-06-01,2009-08-26 00:00:00,2009-07-31 00:00:00,12892.4
2009-06-01,2009-09-29 00:00:00,2009-08-27 00:00:00,12892.5
2009-06-01,2010-07-29 00:00:00,2009-09-30 00:00:00,12901.5
2009-06-01,2011-07-28 00:00:00,2010-07-30 00:00:00,12810.0
2009-06-01,2012-07-26 00:00:00,2011-07-29 00:00:00,12641.3
2009-06-01,2013-07-30 00:00:00,2012-07-27 00:00:00,12701.0
2009-06-01,2014-07-29 00:00:00,2013-07-31 00:00:00,14356.9
2009-06-01,2017-10-26 00:00:00,2014-07-30 00:00:00,14355.6
2009-06-01,2018-06-30 00:00:00,2017-10-27 00:00:00,14355.558
2009-09-01,2009-11-23 00:00:00,2009-10-29 00:00:00,13014.0
2009-09-01,2009-12-21 00:00:00,2009-11-24 00:00:00,12990.3
2009-09-01,2010-07-29 00:00:00,2009-12-22 00:00:00,12973.0
2009-09-01,2011-07-28 00:00:00,2010-07-30 00:00:00,12860.8
2009-09-01,2012-07-26 00:00:00,2011-07-29 00:00:00,12694.5
2009-09-01,2013-07-30 00:00:00,2012-07-27 00:00:00,12746.7
2009-09-01,2017-10-26 00:00:00,2013-07-31 00:00:00,14402.5
2009-09-01,2018-06-30 00:00:00,2017-10-27 00:00:00,14402.477
2009-12-01,2010-02-25 00:00:00,2010-01-29 00:00:00,13155.0
2009-12-01,2010-03-25 00:00:00,2010-02-26 00:00:00,13161.1
2009-12-01,2010-07-29 00:00:00,2010-03-26 00:00:00,13149.5
2009-12-01,2011-07-28 00:00:00,2010-07-30 00:00:00,13019.0
2009-12-01,2012-07-26 00:00:00,2011-07-29 00:00:00,12813.5
2009-12-01,2013-07-30 00:00:00,2012-07-27 00:00:00,12873.1
2009-12-01,2014-07-29 00:00:00,2013-07-31 00:00:00,14540.2
2009-12-01,2017-10-26 00:00:00,2014-07-30 00:00:00,14541.9
2009-12-01,2018-06-30 00:00:00,2017-10-27 00:00:00,14541.901
2010-03-01,2010-05-26 00:00:00,2010-04-30 00:00:00,13254.7
2010-03-01,2010-06-24 00:00:00,2010-05-27 00:00:00,13248.2
2010-03-01,2010-07-29 00:00:00,2010-06-25 00:00:00,13238.6
2010-03-01,2011-07-28 00:00:00,2010-07-30 00:00:00,13138.8
2010-03-01,2012-07-26 00:00:00,2011-07-29 00:00:00,12937.7
2010-03-01,2013-07-30 00:00:00,2012-07-27 00:00:00,12947.6
2010-03-01,2014-07-29 00:00:00,2013-07-31 00:00:00,14597.7
2010-03-01,2017-10-26 00:00:00,2014-07-30 00:00:00,14604.8
2010-03-01,2018-06-30 00:00:00,2017-10-27 00:00:00,14604.845
2010-06-01,2010-08-26 00:00:00,2010-07-30 00:00:00,13216.5
2010-06-01,2010-09-29 00:00:00,2010-08-27 00:00:00,13191.5
2010-06-01,2011-07-28 00:00:00,2010-09-30 00:00:00,13194.9
2010-06-01,2012-07-26 00:00:00,2011-07-29 00:00:00,13058.5
2010-06-01,2013-07-30 00:00:00,2012-07-27 00:00:00,13019.6
2010-06-01,2014-07-29 00:00:00,2013-07-31 00:00:00,14738.0
2010-06-01,2017-10-26 00:00:00,2014-07-30 00:00:00,14745.9
2010-06-01,2018-06-30 00:00:00,2017-10-27 00:00:00,14745.933
2010-09-01,2010-11-22 00:00:00,2010-10-29 00:00:00,13260.7
2010-09-01,2010-12-21 00:00:00,2010-11-23 00:00:00,13277.4
2010-09-01,2011-07-28 00:00:00,2010-12-22 00:00:00,13278.5
2010-09-01,2012-07-26 00:00:00,2011-07-29 00:00:00,13139.6
2010-09-01,2013-07-30 00:00:00,2012-07-27 00:00:00,13103.5
2010-09-01,2014-07-29 00:00:00,2013-07-31 00:00:00,14839.3
2010-09-01,2017-10-26 00:00:00,2014-07-30 00:00:00,14845.5
2010-09-01,2018-06-30 00:00:00,2017-10-27 00:00:00,14845.458
2010-12-01,2011-02-24 00:00:00,2011-01-28 00:00:00,13382.6
2010-12-01,2011-03-24 00:00:00,2011-02-25 00:00:00,13370.1
2010-12-01,2011-07-28 00:00:00,2011-03-25 00:00:00,13380.7
2010-12-01,2012-07-26 00:00:00,2011-07-29 00:00:00,13216.1
2010-12-01,2013-07-30 00:00:00,2012-07-27 00:00:00,13181.2
2010-12-01,2014-07-29 00:00:00,2013-07-31 00:00:00,14942.4
2010-12-01,2017-10-26 00:00:00,2014-07-30 00:00:00,14939.0
2010-12-01,2018-06-30 00:00:00,2017-10-27 00:00:00,14939.001
2011-03-01,2011-05-25 00:00:00,2011-04-28 00:00:00,13438.8
2011-03-01,2011-06-23 00:00:00,2011-05-26 00:00:00,13441.9
2011-03-01,2011-07-28 00:00:00,2011-06-24 00:00:00,13444.3
2011-03-01,2012-07-26 00:00:00,2011-07-29 00:00:00,13227.9
2011-03-01,2013-07-30 00:00:00,2012-07-27 00:00:00,13183.8
2011-03-01,2014-07-29 00:00:00,2013-07-31 00:00:00,14894.0
2011-03-01,2017-10-26 00:00:00,2014-07-30 00:00:00,14881.3
2011-03-01,2018-06-30 00:00:00,2017-10-27 00:00:00,14881.301
2011-06-01,2011-08-25 00:00:00,2011-07-29 00:00:00,13270.1
2011-06-01,2011-09-28 00:00:00,2011-08-26 00:00:00,13260.5
2011-06-01,2012-07-26 00:00:00,2011-09-29 00:00:00,13271.8
2011-06-01,2013-07-30 00:00:00,2012-07-27 00:00:00,13264.7
2011-06-01,2014-07-29 00:00:00,2013-07-31 00:00:00,15011.3
2011-06-01,2017-10-26 00:00:00,2014-07-30 00:00:00,14989.6
2011-06-01,2018-06-30 00:00:00,2017-10-27 00:00:00,14989.555
2011-09-01,2011-11-21 00:00:00,2011-10-27 00:00:00,13352.8
2011-09-01,2011-12-21 00:00:00,2011-11-22 00:00:00,13337.8
2011-09-01,2012-07-26 00:00:00,2011-12-22 00:00:00,13331.6
2011-09-01,2013-07-30 00:00:00,2012-07-27 00:00:00,13306.9
2011-09-01,2014-07-29 00:00:00,2013-07-31 00:00:00,15062.1
2011-09-01,2017-10-26 00:00:00,2014-07-30 00:00:00,15021.1
2011-09-01,2018-06-30 00:00:00,2017-10-27 00:00:00,15021.149
2011-12-01,2012-02-28 00:00:00,2012-01-27 00:00:00,13422.4
2011-12-01,2012-03-28 00:00:00,2012-02-29 00:00:00,13429.9
2011-12-01,2012-07-26 00:00:00,2012-03-29 00:00:00,13429.0
2011-12-01,2013-07-30 00:00:00,2012-07-27 00:00:00,13441.0
2011-12-01,2014-07-29 00:00:00,2013-07-31 00:00:00,15242.1
2011-12-01,2017-10-26 00:00:00,2014-07-30 00:00:00,15190.3
2011-12-01,2018-06-30 00:00:00,2017-10-27 00:00:00,15190.255
2012-03-01,2012-05-30 00:00:00,2012-04-27 00:00:00,13502.4
2012-03-01,2012-06-27 00:00:00,2012-05-31 00:00:00,13491.0
2012-03-01,2012-07-26 00:00:00,2012-06-28 00:00:00,13491.4
2012-03-01,2013-07-30 00:00:00,2012-07-27 00:00:00,13506.4
2012-03-01,2014-07-29 00:00:00,2013-07-31 00:00:00,15381.6
2012-03-01,2015-07-29 00:00:00,2014-07-30 00:00:00,15275.0
2012-03-01,2017-10-26 00:00:00,2015-07-30 00:00:00,15291.0
2012-03-01,2018-06-30 00:00:00,2017-10-27 00:00:00,15291.035
2012-06-01,2012-08-28 00:00:00,2012-07-27 00:00:00,13558.0
2012-06-01,2012-09-26 00:00:00,2012-08-29 00:00:00,13564.5
2012-06-01,2013-07-30 00:00:00,2012-09-27 00:00:00,13548.5
2012-06-01,2014-07-29 00:00:00,2013-07-31 00:00:00,15427.7
2012-06-01,2015-07-29 00:00:00,2014-07-30 00:00:00,15336.7
2012-06-01,2017-10-26 00:00:00,2015-07-30 00:00:00,15362.4
2012-06-01,2018-06-30 00:00:00,2017-10-27 00:00:00,15362.415
2012-09-01,2012-11-28 00:00:00,2012-10-26 00:00:00,13616.2
2012-09-01,2012-12-19 00:00:00,2012-11-29 00:00:00,13638.1
2012-09-01,2013-07-30 00:00:00,2012-12-20 00:00:00,13652.5
2012-09-01,2014-07-29 00:00:00,2013-07-31 00:00:00,15534.0
2012-09-01,2015-07-29 00:00:00,2014-07-30 00:00:00,15431.3
2012-09-01,2017-10-26 00:00:00,2015-07-30 00:00:00,15380.8
2012-09-01,2018-06-30 00:00:00,2017-10-27 00:00:00,15380.802
2012-12-01,2013-02-27 00:00:00,2013-01-30 00:00:00,13647.6
2012-12-01,2013-03-27 00:00:00,2013-02-28 00:00:00,13656.8
2012-12-01,2013-07-30 00:00:00,2013-03-28 00:00:00,13665.4
2012-12-01,2014-07-29 00:00:00,2013-07-31 00:00:00,15539.6
2012-12-01,2015-07-29 00:00:00,2014-07-30 00:00:00,15433.7
2012-12-01,2017-10-26 00:00:00,2015-07-30 00:00:00,15384.3
2012-12-01,2018-06-30 00:00:00,2017-10-27 00:00:00,15384.254
2013-03-01,2013-05-29 00:00:00,2013-04-26 00:00:00,13750.1
2013-03-01,2013-06-25 00:00:00,2013-05-30 00:00:00,13746.2
2013-03-01,2013-07-30 00:00:00,2013-06-26 00:00:00,13725.7
2013-03-01,2014-07-29 00:00:00,2013-07-31 00:00:00,15583.9
2013-03-01,2015-07-29 00:00:00,2014-07-30 00:00:00,15538.4
2013-03-01,2016-07-28 00:00:00,2015-07-30 00:00:00,15457.2
2013-03-01,2017-10-26 00:00:00,2016-07-29 00:00:00,15491.9
2013-03-01,2018-06-30 00:00:00,2017-10-27 00:00:00,15491.878
2013-06-01,2013-08-28 00:00:00,2013-07-31 00:00:00,15648.7
2013-06-01,2013-09-25 00:00:00,2013-08-29 00:00:00,15681.0
2013-06-01,2014-07-29 00:00:00,2013-09-26 00:00:00,15679.7
2013-06-01,2015-07-29 00:00:00,2014-07-30 00:00:00,15606.6
2013-06-01,2016-07-28 00:00:00,2015-07-30 00:00:00,15500.2
2013-06-01,2017-10-26 00:00:00,2016-07-29 00:00:00,15521.6
2013-06-01,2018-06-30 00:00:00,2017-10-27 00:00:00,15521.559
2013-09-01,2013-12-04 00:00:00,2013-11-07 00:00:00,15790.1
2013-09-01,2013-12-19 00:00:00,2013-12-05 00:00:00,15819.0
2013-09-01,2014-07-29 00:00:00,2013-12-20 00:00:00,15839.3
2013-09-01,2015-07-29 00:00:00,2014-07-30 00:00:00,15779.9
2013-09-01,2016-07-28 00:00:00,2015-07-30 00:00:00,15614.4
2013-09-01,2017-10-26 00:00:00,2016-07-29 00:00:00,15641.3
2013-09-01,2018-06-30 00:00:00,2017-10-27 00:00:00,15641.336
2013-12-01,2014-02-27 00:00:00,2014-01-30 00:00:00,15965.6
2013-12-01,2014-03-26 00:00:00,2014-02-28 00:00:00,15932.9
2013-12-01,2014-07-29 00:00:00,2014-03-27 00:00:00,15942.3
2013-12-01,2015-07-29 00:00:00,2014-07-30 00:00:00,15916.2
2013-12-01,2016-07-28 00:00:00,2015-07-30 00:00:00,15761.5
2013-12-01,2017-10-26 00:00:00,2016-07-29 00:00:00,15793.9
2013-12-01,2018-06-30 00:00:00,2017-10-27 00:00:00,15793.928
2014-03-01,2014-05-28 00:00:00,2014-04-30 00:00:00,15946.6
2014-03-01,2014-06-24 00:00:00,2014-05-29 00:00:00,15902.9
2014-03-01,2014-07-29 00:00:00,2014-06-25 00:00:00,15824.2
2014-03-01,2015-07-29 00:00:00,2014-07-30 00:00:00,15831.7
2014-03-01,2016-07-28 00:00:00,2015-07-30 00:00:00,15724.9
2014-03-01,2017-07-27 00:00:00,2016-07-29 00:00:00,15747.0
2014-03-01,2017-10-26 00:00:00,2017-07-28 00:00:00,15757.6
2014-03-01,2018-06-30 00:00:00,2017-10-27 00:00:00,15757.57
2014-06-01,2014-08-27 00:00:00,2014-07-30 00:00:00,15985.7
2014-06-01,2014-09-25 00:00:00,2014-08-28 00:00:00,15994.3
2014-06-01,2015-07-29 00:00:00,2014-09-26 00:00:00,16010.4
2014-06-01,2016-07-28 00:00:00,2015-07-30 00:00:00,15901.5
2014-06-01,2017-07-27 00:00:00,2016-07-29 00:00:00,15900.8
2014-06-01,2017-10-26 00:00:00,2017-07-28 00:00:00,15935.8
2014-06-01,2018-06-30 00:00:00,2017-10-27 00:00:00,15935.825
2014-09-01,2014-11-24 00:00:00,2014-10-30 00:00:00,16150.6
2014-09-01,2014-12-22 00:00:00,2014-11-25 00:00:00,16164.1
2014-09-01,2015-07-29 00:00:00,2014-12-23 00:00:00,16205.6
2014-09-01,2016-07-28 00:00:00,2015-07-30 00:00:00,16068.8
2014-09-01,2017-07-27 00:00:00,2016-07-29 00:00:00,16094.5
2014-09-01,2017-10-26 00:00:00,2017-07-28 00:00:00,16139.5
2014-09-01,2018-06-30 00:00:00,2017-10-27 00:00:00,16139.513
2014-12-01,2015-02-26 00:00:00,2015-01-30 00:00:00,16311.6
2014-12-01,2015-03-26 00:00:00,2015-02-27 00:00:00,16293.7
2014-12-01,2015-07-29 00:00:00,2015-03-27 00:00:00,16294.7
2014-12-01,2016-07-28 00:00:00,2015-07-30 00:00:00,16151.4
2014-12-01,2017-07-27 00:00:00,2016-07-29 00:00:00,16186.7
2014-12-01,2017-10-26 00:00:00,2017-07-28 00:00:00,16220.2
2014-12-01,2018-06-30 00:00:00,2017-10-27 00:00:00,16220.222
2015-03-01,2015-05-28 00:00:00,2015-04-29 00:00:00,16304.8
2015-03-01,2015-06-23 00:00:00,2015-05-29 00:00:00,16264.1
2015-03-01,2015-07-29 00:00:00,2015-06-24 00:00:00,16287.7
2015-03-01,2016-07-28 00:00:00,2015-07-30 00:00:00,16177.3
2015-03-01,2017-07-27 00:00:00,2016-07-29 00:00:00,16269.0
2015-03-01,2017-10-26 00:00:00,2017-07-28 00:00:00,16350.0
2015-03-01,2018-06-30 00:00:00,2017-10-27 00:00:00,16349.97
2015-06-01,2015-08-26 00:00:00,2015-07-30 00:00:00,16270.4
2015-06-01,2015-09-24 00:00:00,2015-08-27 00:00:00,16324.3
2015-06-01,2016-07-28 00:00:00,2015-09-25 00:00:00,16333.6
2015-06-01,2017-07-27 00:00:00,2016-07-29 00:00:00,16374.2
2015-06-01,2017-10-26 00:00:00,2017-07-28 00:00:00,16460.9
2015-06-01,2018-06-30 00:00:00,2017-10-27 00:00:00,16460.889
2015-09-01,2015-11-23 00:00:00,2015-10-29 00:00:00,16394.2
2015-09-01,2015-12-21 00:00:00,2015-11-24 00:00:00,16417.8
2015-09-01,2016-07-28 00:00:00,2015-12-22 00:00:00,16414.0
2015-09-01,2017-07-27 00:00:00,2016-07-29 00:00:00,16454.9
2015-09-01,2017-10-26 00:00:00,2017-07-28 00:00:00,16527.6
2015-09-01,2018-06-30 00:00:00,2017-10-27 00:00:00,16527.587
2015-12-01,2016-02-25 00:00:00,2016-01-29 00:00:00,16442.3
2015-12-01,2016-03-24 00:00:00,2016-02-26 00:00:00,16455.1
2015-12-01,2016-07-28 00:00:00,2016-03-25 00:00:00,16470.6
2015-12-01,2017-07-27 00:00:00,2016-07-29 00:00:00,16490.7
2015-12-01,2017-10-26 00:00:00,2017-07-28 00:00:00,16547.6
2015-12-01,2018-06-30 00:00:00,2017-10-27 00:00:00,16547.619
2016-03-01,2016-05-26 00:00:00,2016-04-28 00:00:00,16492.7
2016-03-01,2016-06-27 00:00:00,2016-05-27 00:00:00,16505.1
2016-03-01,2016-07-28 00:00:00,2016-06-28 00:00:00,16514.6
2016-03-01,2017-07-27 00:00:00,2016-07-29 00:00:00,16525.0
2016-03-01,2017-10-26 00:00:00,2017-07-28 00:00:00,16571.6
2016-03-01,2018-06-30 00:00:00,2017-10-27 00:00:00,16571.573
2016-06-01,2016-08-25 00:00:00,2016-07-29 00:00:00,16575.1
2016-06-01,2016-09-28 00:00:00,2016-08-26 00:00:00,16570.2
2016-06-01,2017-07-27 00:00:00,2016-09-29 00:00:00,16583.1
2016-06-01,2017-10-26 00:00:00,2017-07-28 00:00:00,16663.5
2016-06-01,2018-06-30 00:00:00,2017-10-27 00:00:00,16663.516
2016-09-01,2016-11-28 00:00:00,2016-10-28 00:00:00,16702.1
2016-09-01,2016-12-21 00:00:00,2016-11-29 00:00:00,16712.5
2016-09-01,2017-07-27 00:00:00,2016-12-22 00:00:00,16727.0
2016-09-01,2017-10-26 00:00:00,2017-07-28 00:00:00,16778.1
2016-09-01,2018-06-30 00:00:00,2017-10-27 00:00:00,16778.148
2016-12-01,2017-02-27 00:00:00,2017-01-27 00:00:00,16804.8
2016-12-01,2017-03-29 00:00:00,2017-02-28 00:00:00,16804.1
2016-12-01,2017-07-27 00:00:00,2017-03-30 00:00:00,16813.3
2016-12-01,2017-10-26 00:00:00,2017-07-28 00:00:00,16851.4
2016-12-01,2018-06-30 00:00:00,2017-10-27 00:00:00,16851.42
2017-03-01,2017-05-25 00:00:00,2017-04-28 00:00:00,16842.4
2017-03-01,2017-06-28 00:00:00,2017-05-26 00:00:00,16861.6
2017-03-01,2017-07-27 00:00:00,2017-06-29 00:00:00,16872.8
2017-03-01,2017-10-26 00:00:00,2017-07-28 00:00:00,16903.2
2017-03-01,2018-06-30 00:00:00,2017-10-27 00:00:00,16903.24
2017-06-01,2017-08-29 00:00:00,2017-07-28 00:00:00,17010.7
2017-06-01,2017-09-27 00:00:00,2017-08-30 00:00:00,17030.0
2017-06-01,2017-10-26 00:00:00,2017-09-28 00:00:00,17031.1
2017-06-01,2018-06-30 00:00:00,2017-10-27 00:00:00,17031.085
2017-09-01,2017-11-28 00:00:00,2017-10-27 00:00:00,17156.946
2017-09-01,2017-12-20 00:00:00,2017-11-29 00:00:00,17169.733
2017-09-01,2018-06-30 00:00:00,2017-12-21 00:00:00,17163.894
2017-12-01,2018-02-27 00:00:00,2018-01-26 00:00:00,17272.468
2017-12-01,2018-03-27 00:00:00,2018-02-28 00:00:00,17271.702
2017-12-01,2018-06-30 00:00:00,2018-03-28 00:00:00,17286.497
2018-03-01,2018-05-29 00:00:00,2018-04-27 00:00:00,17385.831
2018-03-01,2018-06-27 00:00:00,2018-05-30 00:00:00,17379.728
2018-03-01,2018-06-30 00:00:00,2018-06-28 00:00:00,17371.854
