date,realtime_end,realtime_start,USD
1980-01-01 00:00:00,2018-06-30,1980-01-31,35.86
1980-02-01 00:00:00,2018-06-30,1980-02-29,36.2089
1980-03-01 00:00:00,2018-06-30,1980-03-31,37.1465
1980-04-01 00:00:00,2018-06-30,1980-04-30,37.4326
1980-05-01 00:00:00,2018-06-30,1980-05-31,36.259
1980-06-01 00:00:00,2018-06-30,1980-06-30,35.6922
1980-07-01 00:00:00,2018-06-30,1980-07-31,35.7021
1980-08-01 00:00:00,2018-06-30,1980-08-31,36.1026
1980-09-01 00:00:00,2018-06-30,1980-09-30,35.8811
1980-10-01 00:00:00,2018-06-30,1980-10-31,36.0536
1980-11-01 00:00:00,2018-06-30,1980-11-30,36.7653
1980-12-01 00:00:00,2018-06-30,1980-12-31,37.1358
1981-01-01 00:00:00,2018-06-30,1981-01-31,37.0637
1981-02-01 00:00:00,2018-06-30,1981-02-28,38.05
1981-03-01 00:00:00,2018-06-30,1981-03-31,38.2959
1981-04-01 00:00:00,2018-06-30,1981-04-30,39.0399
1981-05-01 00:00:00,2018-06-30,1981-05-31,40.1449
1981-06-01 00:00:00,2018-06-30,1981-06-30,40.9463
1981-07-01 00:00:00,2018-06-30,1981-07-31,41.8342
1981-08-01 00:00:00,2018-06-30,1981-08-31,42.5119
1981-09-01 00:00:00,2018-06-30,1981-09-30,41.8378
1981-10-01 00:00:00,2018-06-30,1981-10-31,41.7382
1981-11-01 00:00:00,2018-06-30,1981-11-30,41.2352
1981-12-01 00:00:00,2018-06-30,1981-12-31,41.4273
1982-01-01 00:00:00,2018-06-30,1982-01-31,42.1104
1982-02-01 00:00:00,2018-06-30,1982-02-28,43.5598
1982-03-01 00:00:00,2018-06-30,1982-03-31,44.8249
1982-04-01 00:00:00,2018-06-30,1982-04-30,45.2875
1982-05-01 00:00:00,2018-06-30,1982-05-31,44.8653
1982-06-01 00:00:00,2018-06-30,1982-06-30,46.8101
1982-07-01 00:00:00,2018-06-30,1982-07-31,47.5219
1982-08-01 00:00:00,2018-06-30,1982-08-31,48.6651
1982-09-01 00:00:00,2018-06-30,1982-09-30,49.1017
1982-10-01 00:00:00,2018-06-30,1982-10-31,49.8821
1982-11-01 00:00:00,2018-06-30,1982-11-30,50.078
1982-12-01 00:00:00,2018-06-30,1982-12-31,49.2939
1983-01-01 00:00:00,2018-06-30,1983-01-31,49.2986
1983-02-01 00:00:00,2018-06-30,1983-02-28,50.1162
1983-03-01 00:00:00,2018-06-30,1983-03-31,50.7947
1983-04-01 00:00:00,2018-06-30,1983-04-30,51.5031
1983-05-01 00:00:00,2018-06-30,1983-05-31,51.681
1983-06-01 00:00:00,2018-06-30,1983-06-30,52.7268
1983-07-01 00:00:00,2018-06-30,1983-07-31,53.2555
1983-08-01 00:00:00,2018-06-30,1983-08-31,54.25
1983-09-01 00:00:00,2018-06-30,1983-09-30,54.588
1983-10-01 00:00:00,2018-06-30,1983-10-31,54.3601
1983-11-01 00:00:00,2018-06-30,1983-11-30,55.1389
1983-12-01 00:00:00,2018-06-30,1983-12-31,55.9662
1984-01-01 00:00:00,2018-06-30,1984-01-31,56.6598
1984-02-01 00:00:00,2018-06-30,1984-02-29,56.4816
1984-03-01 00:00:00,2018-06-30,1984-03-31,56.2779
1984-04-01 00:00:00,2018-06-30,1984-04-30,57.013
1984-05-01 00:00:00,2018-06-30,1984-05-31,58.3156
1984-06-01 00:00:00,2018-06-30,1984-06-30,59.0032
1984-07-01 00:00:00,2018-06-30,1984-07-31,60.7986
1984-08-01 00:00:00,2018-06-30,1984-08-31,61.1534
1984-09-01 00:00:00,2018-06-30,1984-09-30,62.8506
1984-10-01 00:00:00,2018-06-30,1984-10-31,63.849
1984-11-01 00:00:00,2018-06-30,1984-11-30,63.7735
1984-12-01 00:00:00,2018-06-30,1984-12-31,65.1475
1985-01-01 00:00:00,2018-06-30,1985-01-31,66.5187
1985-02-01 00:00:00,2018-06-30,1985-02-28,68.5337
1985-03-01 00:00:00,2018-06-30,1985-03-31,69.2367
1985-04-01 00:00:00,2018-06-30,1985-04-30,67.8008
1985-05-01 00:00:00,2018-06-30,1985-05-31,68.3559
1985-06-01 00:00:00,2018-06-30,1985-06-30,68.2042
1985-07-01 00:00:00,2018-06-30,1985-07-31,67.0258
1985-08-01 00:00:00,2018-06-30,1985-08-31,67.0263
1985-09-01 00:00:00,2018-06-30,1985-09-30,67.7718
1985-10-01 00:00:00,2018-06-30,1985-10-31,65.4388
1985-11-01 00:00:00,2018-06-30,1985-11-30,64.9168
1985-12-01 00:00:00,2018-06-30,1985-12-31,65.0381
1986-01-01 00:00:00,2018-06-30,1986-01-31,64.9783
1986-02-01 00:00:00,2018-06-30,1986-02-28,63.5747
1986-03-01 00:00:00,2018-06-30,1986-03-31,62.9331
1986-04-01 00:00:00,2018-06-30,1986-04-30,62.7122
1986-05-01 00:00:00,2018-06-30,1986-05-31,61.8118
1986-06-01 00:00:00,2018-06-30,1986-06-30,62.3251
1986-07-01 00:00:00,2018-06-30,1986-07-31,61.4561
1986-08-01 00:00:00,2018-06-30,1986-08-31,60.9089
1986-09-01 00:00:00,2018-06-30,1986-09-30,61.1942
1986-10-01 00:00:00,2018-06-30,1986-10-31,61.4934
1986-11-01 00:00:00,2018-06-30,1986-11-30,62.3702
1986-12-01 00:00:00,2018-06-30,1986-12-31,62.4267
1987-01-01 00:00:00,2018-06-30,1987-01-31,60.8462
1987-02-01 00:00:00,2018-06-30,1987-02-28,60.5291
1987-03-01 00:00:00,2018-06-30,1987-03-31,60.4773
1987-04-01 00:00:00,2018-06-30,1987-04-30,59.7043
1987-05-01 00:00:00,2018-06-30,1987-05-31,59.6325
1987-06-01 00:00:00,2018-06-30,1987-06-30,60.5782
1987-07-01 00:00:00,2018-06-30,1987-07-31,61.6028
1987-08-01 00:00:00,2018-06-30,1987-08-31,61.638
1987-09-01 00:00:00,2018-06-30,1987-09-30,60.9387
1987-10-01 00:00:00,2018-06-30,1987-10-31,61.0368
1987-11-01 00:00:00,2018-06-30,1987-11-30,59.4714
1987-12-01 00:00:00,2018-06-30,1987-12-31,58.6431
1988-01-01 00:00:00,2018-06-30,1988-01-31,59.104
1988-02-01 00:00:00,2018-06-30,1988-02-29,59.7802
1988-03-01 00:00:00,2018-06-30,1988-03-31,59.2901
1988-04-01 00:00:00,2018-06-30,1988-04-30,59.0075
1988-05-01 00:00:00,2018-06-30,1988-05-31,59.4392
1988-06-01 00:00:00,2018-06-30,1988-06-30,60.5403
1988-07-01 00:00:00,2018-06-30,1988-07-31,62.1886
1988-08-01 00:00:00,2018-06-30,1988-08-31,63.0768
1988-09-01 00:00:00,2018-06-30,1988-09-30,63.3727
1988-10-01 00:00:00,2018-06-30,1988-10-31,62.344
1988-11-01 00:00:00,2018-06-30,1988-11-30,61.3602
1988-12-01 00:00:00,2018-06-30,1988-12-31,61.5591
1989-01-01 00:00:00,2018-06-30,1989-01-31,62.9025
1989-02-01 00:00:00,2018-06-30,1989-02-28,63.2856
1989-03-01 00:00:00,2018-06-30,1989-03-31,64.3096
1989-04-01 00:00:00,2018-06-30,1989-04-30,64.8369
1989-05-01 00:00:00,2018-06-30,1989-05-31,66.43
1989-06-01 00:00:00,2018-06-30,1989-06-30,68.0355
1989-07-01 00:00:00,2018-06-30,1989-07-31,67.3819
1989-08-01 00:00:00,2018-06-30,1989-08-31,68.2819
1989-09-01 00:00:00,2018-06-30,1989-09-30,69.4326
1989-10-01 00:00:00,2018-06-30,1989-10-31,68.9528
1989-11-01 00:00:00,2018-06-30,1989-11-30,69.3945
1989-12-01 00:00:00,2018-06-30,1989-12-31,69.6101
1990-01-01 00:00:00,2018-06-30,1990-01-31,70.1345
1990-02-01 00:00:00,2018-06-30,1990-02-28,71.1232
1990-03-01 00:00:00,2018-06-30,1990-03-31,72.9546
1990-04-01 00:00:00,2018-06-30,1990-04-30,73.3941
1990-05-01 00:00:00,2018-06-30,1990-05-31,72.962
1990-06-01 00:00:00,2018-06-30,1990-06-30,73.2249
1990-07-01 00:00:00,2018-06-30,1990-07-31,72.0906
1990-08-01 00:00:00,2018-06-30,1990-08-31,71.0147
1990-09-01 00:00:00,2018-06-30,1990-09-30,70.5077
1990-10-01 00:00:00,2018-06-30,1990-10-31,69.3448
1990-11-01 00:00:00,2018-06-30,1990-11-30,69.4716
1990-12-01 00:00:00,2018-06-30,1990-12-31,70.6934
1991-01-01 00:00:00,2018-06-30,1991-01-31,71.0738
1991-02-01 00:00:00,2018-06-30,1991-02-28,70.7005
1991-03-01 00:00:00,2018-06-30,1991-03-31,73.3824
1991-04-01 00:00:00,2018-06-30,1991-04-30,74.5544
1991-05-01 00:00:00,2018-06-30,1991-05-31,75.0827
1991-06-01 00:00:00,2018-06-30,1991-06-30,76.2585
1991-07-01 00:00:00,2018-06-30,1991-07-31,76.408
1991-08-01 00:00:00,2018-06-30,1991-08-31,75.8928
1991-09-01 00:00:00,2018-06-30,1991-09-30,75.1196
1991-10-01 00:00:00,2018-06-30,1991-10-31,75.1015
1991-11-01 00:00:00,2018-06-30,1991-11-30,74.4726
1991-12-01 00:00:00,2018-06-30,1991-12-31,74.126
1992-01-01 00:00:00,2018-06-30,1992-01-31,74.4082
1992-02-01 00:00:00,2018-06-30,1992-02-29,75.6435
1992-03-01 00:00:00,2018-06-30,1992-03-31,77.3368
1992-04-01 00:00:00,2018-06-30,1992-04-30,77.4242
1992-05-01 00:00:00,2018-06-30,1992-05-31,77.0866
1992-06-01 00:00:00,2018-06-30,1992-06-30,76.2443
1992-07-01 00:00:00,2018-06-30,1992-07-31,75.3025
1992-08-01 00:00:00,2018-06-30,1992-08-31,75.1183
1992-09-01 00:00:00,2018-06-30,1992-09-30,75.8731
1992-10-01 00:00:00,2018-06-30,1992-10-31,77.5271
1992-11-01 00:00:00,2018-06-30,1992-11-30,80.1583
1992-12-01 00:00:00,2018-06-30,1992-12-31,80.8499
1993-01-01 00:00:00,2018-06-30,1993-01-31,82.0023
1993-02-01 00:00:00,2018-06-30,1993-02-28,82.5443
1993-03-01 00:00:00,2018-06-30,1993-03-31,82.4072
1993-04-01 00:00:00,2018-06-30,1993-04-30,81.5063
1993-05-01 00:00:00,2018-06-30,1993-05-31,81.8694
1993-06-01 00:00:00,2018-06-30,1993-06-30,82.7197
1993-07-01 00:00:00,2018-06-30,1993-07-31,84.0634
1993-08-01 00:00:00,2018-06-30,1993-08-31,84.242
1993-09-01 00:00:00,2018-06-30,1993-09-30,84.4005
1993-10-01 00:00:00,2018-06-30,1993-10-31,85.4585
1993-11-01 00:00:00,2018-06-30,1993-11-30,86.6715
1993-12-01 00:00:00,2018-06-30,1993-12-31,87.518
1994-01-01 00:00:00,2018-06-30,1994-01-31,90.388
1994-02-01 00:00:00,2018-06-30,1994-02-28,90.4705
1994-03-01 00:00:00,2018-06-30,1994-03-31,90.9911
1994-04-01 00:00:00,2018-06-30,1994-04-30,91.6541
1994-05-01 00:00:00,2018-06-30,1994-05-31,91.7219
1994-06-01 00:00:00,2018-06-30,1994-06-30,92.0166
1994-07-01 00:00:00,2018-06-30,1994-07-31,90.8465
1994-08-01 00:00:00,2018-06-30,1994-08-31,90.84
1994-09-01 00:00:00,2018-06-30,1994-09-30,90.0052
1994-10-01 00:00:00,2018-06-30,1994-10-31,89.5426
1994-11-01 00:00:00,2018-06-30,1994-11-30,89.9678
1994-12-01 00:00:00,2018-06-30,1994-12-31,92.0418
1995-01-01 00:00:00,2018-06-30,1995-01-31,94.0871
1995-02-01 00:00:00,2018-06-30,1995-02-28,93.6275
1995-03-01 00:00:00,2018-06-30,1995-03-31,92.738
1995-04-01 00:00:00,2018-06-30,1995-04-30,90.1488
1995-05-01 00:00:00,2018-06-30,1995-05-31,90.1369
1995-06-01 00:00:00,2018-06-30,1995-06-30,90.3097
1995-07-01 00:00:00,2018-06-30,1995-07-31,90.3452
1995-08-01 00:00:00,2018-06-30,1995-08-31,92.4834
1995-09-01 00:00:00,2018-06-30,1995-09-30,93.8448
1995-10-01 00:00:00,2018-06-30,1995-10-31,93.6617
1995-11-01 00:00:00,2018-06-30,1995-11-30,94.8835
1995-12-01 00:00:00,2018-06-30,1995-12-31,95.567
1996-01-01 00:00:00,2018-06-30,1996-01-31,96.4501
1996-02-01 00:00:00,2018-06-30,1996-02-29,96.6093
1996-03-01 00:00:00,2018-06-30,1996-03-31,96.6007
1996-04-01 00:00:00,2018-06-30,1996-04-30,96.8903
1996-05-01 00:00:00,2018-06-30,1996-05-31,97.3537
1996-06-01 00:00:00,2018-06-30,1996-06-30,97.8128
1996-07-01 00:00:00,2018-06-30,1996-07-31,97.6823
1996-08-01 00:00:00,2018-06-30,1996-08-31,97.26
1996-09-01 00:00:00,2018-06-30,1996-09-30,97.7927
1996-10-01 00:00:00,2018-06-30,1996-10-31,98.2434
1996-11-01 00:00:00,2018-06-30,1996-11-30,97.8598
1996-12-01 00:00:00,2018-06-30,1996-12-31,98.9296
1997-01-01 00:00:00,2018-06-30,1997-01-31,100.0
1997-02-01 00:00:00,2018-06-30,1997-02-28,101.8516
1997-03-01 00:00:00,2018-06-30,1997-03-31,102.6546
1997-04-01 00:00:00,2018-06-30,1997-04-30,103.452
1997-05-01 00:00:00,2018-06-30,1997-05-31,102.4414
1997-06-01 00:00:00,2018-06-30,1997-06-30,102.0955
1997-07-01 00:00:00,2018-06-30,1997-07-31,103.2968
1997-08-01 00:00:00,2018-06-30,1997-08-31,105.1786
1997-09-01 00:00:00,2018-06-30,1997-09-30,105.6641
1997-10-01 00:00:00,2018-06-30,1997-10-31,106.2741
1997-11-01 00:00:00,2018-06-30,1997-11-30,108.0039
1997-12-01 00:00:00,2018-06-30,1997-12-31,112.2393
1998-01-01 00:00:00,2018-06-30,1998-01-31,115.9906
1998-02-01 00:00:00,2018-06-30,1998-02-28,114.4475
1998-03-01 00:00:00,2018-06-30,1998-03-31,114.1786
1998-04-01 00:00:00,2018-06-30,1998-04-30,113.9345
1998-05-01 00:00:00,2018-06-30,1998-05-31,114.8202
1998-06-01 00:00:00,2018-06-30,1998-06-30,117.3693
1998-07-01 00:00:00,2018-06-30,1998-07-31,117.6859
1998-08-01 00:00:00,2018-06-30,1998-08-31,119.6039
1998-09-01 00:00:00,2018-06-30,1998-09-30,118.2007
1998-10-01 00:00:00,2018-06-30,1998-10-31,115.0699
1998-11-01 00:00:00,2018-06-30,1998-11-30,115.0556
1998-12-01 00:00:00,2018-06-30,1998-12-31,114.3004
1999-01-01 00:00:00,2018-06-30,1999-01-31,114.4903
1999-02-01 00:00:00,2018-06-30,1999-02-28,116.0192
1999-03-01 00:00:00,2018-06-30,1999-03-31,117.4499
1999-04-01 00:00:00,2018-06-30,1999-04-30,116.8463
1999-05-01 00:00:00,2018-06-30,1999-05-31,116.6742
1999-06-01 00:00:00,2018-06-30,1999-06-30,117.2564
1999-07-01 00:00:00,2018-06-30,1999-07-31,117.3333
1999-08-01 00:00:00,2018-06-30,1999-08-31,116.2802
1999-09-01 00:00:00,2018-06-30,1999-09-30,115.6183
1999-10-01 00:00:00,2018-06-30,1999-10-31,115.1016
1999-11-01 00:00:00,2018-06-30,1999-11-30,115.3704
1999-12-01 00:00:00,2018-06-30,1999-12-31,115.4218
2000-01-01 00:00:00,2018-06-30,2000-01-31,115.2256
2000-02-01 00:00:00,2018-06-30,2000-02-29,116.6762
2000-03-01 00:00:00,2018-06-30,2000-03-31,116.6627
2000-04-01 00:00:00,2018-06-30,2000-04-30,117.3199
2000-05-01 00:00:00,2018-06-30,2000-05-31,119.9031
2000-06-01 00:00:00,2018-06-30,2000-06-30,118.6903
2000-07-01 00:00:00,2018-06-30,2000-07-31,118.9852
2000-08-01 00:00:00,2018-06-30,2000-08-31,119.8047
2000-09-01 00:00:00,2018-06-30,2000-09-30,121.1944
2000-10-01 00:00:00,2018-06-30,2000-10-31,122.9602
2000-11-01 00:00:00,2018-06-30,2000-11-30,123.9621
2000-12-01 00:00:00,2018-06-30,2000-12-31,122.9444
2001-01-01 00:00:00,2018-06-30,2001-01-31,122.8014
2001-02-01 00:00:00,2018-06-30,2001-02-28,123.527
2001-03-01 00:00:00,2018-06-30,2001-03-31,125.541
2001-04-01 00:00:00,2018-06-30,2001-04-30,126.5078
2001-05-01 00:00:00,2018-06-30,2001-05-31,126.3892
2001-06-01 00:00:00,2018-06-30,2001-06-30,127.2166
2001-07-01 00:00:00,2018-06-30,2001-07-31,127.6331
2001-08-01 00:00:00,2018-06-30,2001-08-31,125.5447
2001-09-01 00:00:00,2018-06-30,2001-09-30,125.8856
2001-10-01 00:00:00,2018-06-30,2001-10-31,126.7251
2001-11-01 00:00:00,2018-06-30,2001-11-30,127.2625
2001-12-01 00:00:00,2018-06-30,2001-12-31,127.3803
2002-01-01 00:00:00,2018-06-30,2002-01-31,128.8873
2002-02-01 00:00:00,2018-06-30,2002-02-28,129.629
2002-03-01 00:00:00,2018-06-30,2002-03-31,128.9042
2002-04-01 00:00:00,2018-06-30,2002-04-30,128.5311
2002-05-01 00:00:00,2018-06-30,2002-05-31,126.9477
2002-06-01 00:00:00,2018-06-30,2002-06-30,125.5267
2002-07-01 00:00:00,2018-06-30,2002-07-31,123.7952
2002-08-01 00:00:00,2018-06-30,2002-08-31,125.1862
2002-09-01 00:00:00,2018-06-30,2002-09-30,126.054
2002-10-01 00:00:00,2018-06-30,2002-10-31,127.0304
2002-11-01 00:00:00,2018-06-30,2002-11-30,125.7215
2002-12-01 00:00:00,2018-06-30,2002-12-31,125.0504
2003-01-01 00:00:00,2018-06-30,2003-01-31,123.5491
2003-02-01 00:00:00,2018-06-30,2003-02-28,123.3924
2003-03-01 00:00:00,2018-06-30,2003-03-31,122.911
2003-04-01 00:00:00,2018-06-30,2003-04-30,121.9377
2003-05-01 00:00:00,2018-06-30,2003-05-31,117.9351
2003-06-01 00:00:00,2018-06-30,2003-06-30,117.332
2003-07-01 00:00:00,2018-06-30,2003-07-31,118.4831
2003-08-01 00:00:00,2018-06-30,2003-08-31,119.846
2003-09-01 00:00:00,2018-06-30,2003-09-30,118.5809
2003-10-01 00:00:00,2018-06-30,2003-10-31,116.1477
2003-11-01 00:00:00,2018-06-30,2003-11-30,116.0244
2003-12-01 00:00:00,2018-06-30,2003-12-31,114.4476
2004-01-01 00:00:00,2018-06-30,2004-01-31,112.6266
2004-02-01 00:00:00,2018-06-30,2004-02-29,113.0656
2004-03-01 00:00:00,2018-06-30,2004-03-31,114.2132
2004-04-01 00:00:00,2018-06-30,2004-04-30,115.0219
2004-05-01 00:00:00,2018-06-30,2004-05-31,116.836
2004-06-01 00:00:00,2018-06-30,2004-06-30,115.7807
2004-07-01 00:00:00,2018-06-30,2004-07-31,114.9643
2004-08-01 00:00:00,2018-06-30,2004-08-31,115.1378
2004-09-01 00:00:00,2018-06-30,2004-09-30,114.6994
2004-10-01 00:00:00,2018-06-30,2004-10-31,113.068
2004-11-01 00:00:00,2018-06-30,2004-11-30,110.1684
2004-12-01 00:00:00,2018-06-30,2004-12-31,108.9647
2005-01-01 00:00:00,2018-06-30,2005-01-31,109.5329
2005-02-01 00:00:00,2018-06-30,2005-02-28,109.7344
2005-03-01 00:00:00,2018-06-30,2005-03-31,109.151
2005-04-01 00:00:00,2018-06-30,2005-04-30,110.0722
2005-05-01 00:00:00,2018-06-30,2005-05-31,110.5681
2005-06-01 00:00:00,2018-06-30,2005-06-30,111.63
2005-07-01 00:00:00,2018-06-30,2005-07-31,112.0936
2005-08-01 00:00:00,2018-06-30,2005-08-31,110.6334
2005-09-01 00:00:00,2018-06-30,2005-09-30,110.5043
2005-10-01 00:00:00,2018-06-30,2005-10-31,111.559
2005-11-01 00:00:00,2018-06-30,2005-11-30,112.3543
2005-12-01 00:00:00,2018-06-30,2005-12-31,111.6423
2006-01-01 00:00:00,2018-06-30,2006-01-31,110.189
2006-02-01 00:00:00,2018-06-30,2006-02-28,110.3688
2006-03-01 00:00:00,2018-06-30,2006-03-31,110.5273
2006-04-01 00:00:00,2018-06-30,2006-04-30,109.7562
2006-05-01 00:00:00,2018-06-30,2006-05-31,107.536
2006-06-01 00:00:00,2018-06-30,2006-06-30,108.788
2006-07-01 00:00:00,2018-06-30,2006-07-31,108.4967
2006-08-01 00:00:00,2018-06-30,2006-08-31,107.7999
2006-09-01 00:00:00,2018-06-30,2006-09-30,108.0455
2006-10-01 00:00:00,2018-06-30,2006-10-31,108.3501
2006-11-01 00:00:00,2018-06-30,2006-11-30,107.4511
2006-12-01 00:00:00,2018-06-30,2006-12-31,106.6484
2007-01-01 00:00:00,2018-06-30,2007-01-31,107.6233
2007-02-01 00:00:00,2018-06-30,2007-02-28,107.2655
2007-03-01 00:00:00,2018-06-30,2007-03-31,106.74
2007-04-01 00:00:00,2018-06-30,2007-04-30,105.3945
2007-05-01 00:00:00,2018-06-30,2007-05-31,104.4918
2007-06-01 00:00:00,2018-06-30,2007-06-30,104.2399
2007-07-01 00:00:00,2018-06-30,2007-07-31,102.9291
2007-08-01 00:00:00,2018-06-30,2007-08-31,103.479
2007-09-01 00:00:00,2018-06-30,2007-09-30,102.1061
2007-10-01 00:00:00,2018-06-30,2007-10-31,100.0435
2007-11-01 00:00:00,2018-06-30,2007-11-30,98.5975
2007-12-01 00:00:00,2018-06-30,2007-12-31,99.4455
2008-01-01 00:00:00,2018-06-30,2008-01-31,98.6439
2008-02-01 00:00:00,2018-06-30,2008-02-29,97.7993
2008-03-01 00:00:00,2018-06-30,2008-03-31,95.8676
2008-04-01 00:00:00,2018-06-30,2008-04-30,95.4953
2008-05-01 00:00:00,2018-06-30,2008-05-31,95.824
2008-06-01 00:00:00,2018-06-30,2008-06-30,96.0296
2008-07-01 00:00:00,2018-06-30,2008-07-31,95.3457
2008-08-01 00:00:00,2018-06-30,2008-08-31,97.8354
2008-09-01 00:00:00,2018-06-30,2008-09-30,100.1879
2008-10-01 00:00:00,2018-06-30,2008-10-31,106.8821
2008-11-01 00:00:00,2018-06-30,2008-11-30,109.5224
2008-12-01 00:00:00,2018-06-30,2008-12-31,108.3502
2009-01-01 00:00:00,2018-06-30,2009-01-31,109.0218
2009-02-01 00:00:00,2018-06-30,2009-02-28,111.7694
2009-03-01 00:00:00,2018-06-30,2009-03-31,112.2552
2009-04-01 00:00:00,2018-06-30,2009-04-30,109.4737
2009-05-01 00:00:00,2018-06-30,2009-05-31,106.3305
2009-06-01 00:00:00,2018-06-30,2009-06-30,104.9721
2009-07-01 00:00:00,2018-06-30,2009-07-31,104.5785
2009-08-01 00:00:00,2018-06-30,2009-08-31,103.3293
2009-09-01 00:00:00,2018-06-30,2009-09-30,102.5523
2009-10-01 00:00:00,2018-06-30,2009-10-31,101.092
2009-11-01 00:00:00,2018-06-30,2009-11-30,100.6128
2009-12-01 00:00:00,2018-06-30,2009-12-31,101.0603
2010-01-01 00:00:00,2018-06-30,2010-01-31,101.3382
2010-02-01 00:00:00,2018-06-30,2010-02-28,102.8527
2010-03-01 00:00:00,2018-06-30,2010-03-31,101.9729
2010-04-01 00:00:00,2018-06-30,2010-04-30,101.4655
2010-05-01 00:00:00,2018-06-30,2010-05-31,104.2738
2010-06-01 00:00:00,2018-06-30,2010-06-30,104.8423
2010-07-01 00:00:00,2018-06-30,2010-07-31,103.21
2010-08-01 00:00:00,2018-06-30,2010-08-31,102.4087
2010-09-01 00:00:00,2018-06-30,2010-09-30,101.4099
2010-10-01 00:00:00,2018-06-30,2010-10-31,98.7767
2010-11-01 00:00:00,2018-06-30,2010-11-30,99.058
2010-12-01 00:00:00,2018-06-30,2010-12-31,99.7144
2011-01-01 00:00:00,2018-06-30,2011-01-31,98.5621
2011-02-01 00:00:00,2018-06-30,2011-02-28,97.8112
2011-03-01 00:00:00,2018-06-30,2011-03-31,96.8759
2011-04-01 00:00:00,2018-06-30,2011-04-30,95.2715
2011-05-01 00:00:00,2018-06-30,2011-05-31,95.2338
2011-06-01 00:00:00,2018-06-30,2011-06-30,95.2086
2011-07-01 00:00:00,2018-06-30,2011-07-31,94.5563
2011-08-01 00:00:00,2018-06-30,2011-08-31,95.0954
2011-09-01 00:00:00,2018-06-30,2011-09-30,97.9361
2011-10-01 00:00:00,2018-06-30,2011-10-31,98.8396
2011-11-01 00:00:00,2018-06-30,2011-11-30,99.4731
2011-12-01 00:00:00,2018-06-30,2011-12-31,100.4097
2012-01-01 00:00:00,2018-06-30,2012-01-31,99.7874
2012-02-01 00:00:00,2018-06-30,2012-02-29,98.0571
2012-03-01 00:00:00,2018-06-30,2012-03-31,98.6518
2012-04-01 00:00:00,2018-06-30,2012-04-30,98.9698
2012-05-01 00:00:00,2018-06-30,2012-05-31,100.6915
2012-06-01 00:00:00,2018-06-30,2012-06-30,102.1321
2012-07-01 00:00:00,2018-06-30,2012-07-31,101.6519
2012-08-01 00:00:00,2018-06-30,2012-08-31,100.7702
2012-09-01 00:00:00,2018-06-30,2012-09-30,99.1935
2012-10-01 00:00:00,2018-06-30,2012-10-31,98.9141
2012-11-01 00:00:00,2018-06-30,2012-11-30,99.5449
2012-12-01 00:00:00,2018-06-30,2012-12-31,98.97
2013-01-01 00:00:00,2018-06-30,2013-01-31,98.8842
2013-02-01 00:00:00,2018-06-30,2013-02-28,99.6899
2013-03-01 00:00:00,2018-06-30,2013-03-31,100.5577
2013-04-01 00:00:00,2018-06-30,2013-04-30,100.1968
2013-05-01 00:00:00,2018-06-30,2013-05-31,100.6287
2013-06-01 00:00:00,2018-06-30,2013-06-30,101.4398
2013-07-01 00:00:00,2018-06-30,2013-07-31,101.9944
2013-08-01 00:00:00,2018-06-30,2013-08-31,101.8753
2013-09-01 00:00:00,2018-06-30,2013-09-30,101.6626
2013-10-01 00:00:00,2018-06-30,2013-10-31,100.6423
2013-11-01 00:00:00,2018-06-30,2013-11-30,101.5343
2013-12-01 00:00:00,2018-06-30,2013-12-31,101.7194
2014-01-01 00:00:00,2018-06-30,2014-01-31,102.662
2014-02-01 00:00:00,2018-06-30,2014-02-28,102.9122
2014-03-01 00:00:00,2018-06-30,2014-03-31,102.8284
2014-04-01 00:00:00,2018-06-30,2014-04-30,102.4407
2014-05-01 00:00:00,2018-06-30,2014-05-31,102.1166
2014-06-01 00:00:00,2018-06-30,2014-06-30,102.2669
2014-07-01 00:00:00,2018-06-30,2014-07-31,102.0245
2014-08-01 00:00:00,2018-06-30,2014-08-31,102.9393
2014-09-01 00:00:00,2018-06-30,2014-09-30,104.4888
2014-10-01 00:00:00,2018-06-30,2014-10-31,105.834
2014-11-01 00:00:00,2018-06-30,2014-11-30,107.625
2014-12-01 00:00:00,2018-06-30,2014-12-31,110.2233
2015-01-01 00:00:00,2018-06-30,2015-01-31,112.606
2015-02-01 00:00:00,2018-06-30,2015-02-28,114.0559
2015-03-01 00:00:00,2018-06-30,2015-03-31,116.1399
2015-04-01 00:00:00,2018-06-30,2015-04-30,114.9663
2015-05-01 00:00:00,2018-06-30,2015-05-31,114.0835
2015-06-01 00:00:00,2018-06-30,2015-06-30,114.9626
2015-07-01 00:00:00,2018-06-30,2015-07-31,116.9497
2015-08-01 00:00:00,2018-06-30,2015-08-31,119.1336
2015-09-01 00:00:00,2018-06-30,2015-09-30,120.0397
2015-10-01 00:00:00,2018-06-30,2015-10-31,118.9931
2015-11-01 00:00:00,2018-06-30,2015-11-30,120.7999
2015-12-01 00:00:00,2018-06-30,2015-12-31,122.0258
2016-01-01 00:00:00,2018-06-30,2016-01-31,124.6858
2016-02-01 00:00:00,2018-06-30,2016-02-29,123.6571
2016-03-01 00:00:00,2018-06-30,2016-03-31,121.1441
2016-04-01 00:00:00,2018-06-30,2016-04-30,119.1919
2016-05-01 00:00:00,2018-06-30,2016-05-31,120.4566
2016-06-01 00:00:00,2018-06-30,2016-06-30,120.8963
2016-07-01 00:00:00,2018-06-30,2016-07-31,121.7256
2016-08-01 00:00:00,2018-06-30,2016-08-31,120.5967
2016-09-01 00:00:00,2018-06-30,2016-09-30,121.5386
2016-10-01 00:00:00,2018-06-30,2016-10-31,122.6694
2016-11-01 00:00:00,2018-06-30,2016-11-30,125.5811
2016-12-01 00:00:00,2018-06-30,2016-12-31,127.5567
2017-01-01 00:00:00,2018-06-30,2017-01-31,127.3877
2017-02-01 00:00:00,2018-06-30,2017-02-28,125.5928
2017-03-01 00:00:00,2018-06-30,2017-03-31,125.0647
2017-04-01 00:00:00,2018-06-30,2017-04-30,124.146
2017-05-01 00:00:00,2018-06-30,2017-05-31,123.6594
2017-06-01 00:00:00,2018-06-30,2017-06-30,122.0436
2017-07-01 00:00:00,2018-06-30,2017-07-31,120.3736
2017-08-01 00:00:00,2018-06-30,2017-08-31,119.0583
2017-09-01 00:00:00,2018-06-30,2017-09-30,117.9287
2017-10-01 00:00:00,2018-06-30,2017-10-31,120.0495
2017-11-01 00:00:00,2018-06-30,2017-11-30,120.2745
2017-12-01 00:00:00,2018-06-30,2017-12-31,119.9565
2018-01-01 00:00:00,2018-06-30,2018-01-31,117.2182
2018-02-01 00:00:00,2018-06-30,2018-02-28,117.575
2018-03-01 00:00:00,2018-06-30,2018-03-31,118.115
2018-04-01 00:00:00,2018-06-30,2018-04-30,118.1733
2018-05-01 00:00:00,2018-06-30,2018-05-31,121.4559
2018-06-01 00:00:00,2018-06-30,2018-06-30,123.1731
